,InstitutionCode,CollectionCode,CatalogNumber,IndividualCount,ScientificName,Family,PreparationType,Tissues,Latitude,Longitude,CoordinateUncertaintyInMeters,HorizontalDatum,Country,StateProvince,County,Island,IslandGroup,Locality,VerbatimElevation,VerbatimDepth,YearCollected,MonthCollected,DayCollected,Collector,GeorefMethod,LatLongComments,BasisOfRecord,Remarks,DateLastModified,CI,decade,IndividualFishID,Dissector_and_Examiner,DissectionDate,Sex,TotalLength_mm,StandardLength_mm,Weight_mg,NotesOnSpecimenPriorToDissection,Date_Datasheet_Completed,ParasitesFound,TREM.METAGS.SKIN,myxo.thel.Skin,BuccalCavity,TREM.MET.BodyCavity,CYST.UNK.PectoralFin,TREM.BUC.PectoralFin,TREM.MET.AF.PectoralFin,TREM.METAF.PelvicFin,CYST.UNK.AnalFin,META.UNK.AnalFin,TREM.METAF.AnalFin,trem.buc.AnalFin,trem.buc.CaudalFin,trem.metaf.caudalfin,TREM.MET.CaudalFin,TREM.METAGS.CaudalFin,META.HS.CaudalFin,META.UNK.CAUDALFIN,META.UNK.DorsalFin,CYST.UNK.CaudalFin,MYXO.THEL.CaudalFin,MYXO.THEL.dorsalFIN,MYX.GO.GONAD,TREM.METAGS.Liver,TREM.MET.LIVER,META.UNK.LIVER,Spleen,TREM.MET.Kidney,TREM.METAGS.Kidney,MYXO.GO.Kidney,META.UNK.EYE,CYST.LB.EYE,CYST.UNK.Eye,MYXO.GO.Eye,Heart,CYST.EMPTY.Stomach,TREM.METAGS.Stomach,NEM.CONA.CONNECTIVETISSUES,NEM.CYST.CONNECTIVETISSUE,TREM.MET.ConnectiveTissue,TREM.METAGS.CONNECTIVETISSUE,meta.unkn.connectivetissue,CYST.UNK.CONNECTIVETISSUES,CYST.EMPTY.ConnectiveTissue,MYX.GO.CONNECTIVETISSUE,MYXO.THEL.ConnectiveTissue,MYXO.UNK Connective Tissue,cest.godz.intestine,CEST.VIT.INTESTINE,CEST.PEA.Intestine,CEST.UNK.Intestine,TREM.MET.Intestine,TREM.MET.GS.Intestine,meta.unkn.intestine,NEM.CONA.Intestine,NEM.TRBK intestine,TREM.METAGS.GILL,TREM.METAF.GILL,TREM.MET.GILL,META.UNK.GILL,MONO.DACT.GILL,MONO.GYRO.Gill,MYXO.THEL.GILL,MYXO.SBAD.GILL,MYXO.BC.GILL,MYXO.UNK GILL,CYST.LB.GILL,cyst.unkn.gill,COP.GRAB.GILL,CEST.L.FLUSH,TREM.METAGS.FLUSH,TREM.MET.FLUSH,TREM.META.UCC.Flush,TREM.MS.FLUSH,NEM.LARV.Flush,MONO.GYRO.Flush,WORM.A.Flush,NEM.CONA.VOUCH,NEM.CYST.VOUCH,NEM.LARV.VOUCH,NEM.TRBK VOUCH,CEST.GODZ.VOUCH,CEST.VIT.VOUCH,CEST.L.VOUCH,CEST.PEA VOUCH,CEST.UNK,TREM.METAGS.VOUCH,TREM.MET.VOUCH,TREM.METAF.VOUCH,TREM.META.UCC.VOUCHERED,TREM.BUC.VOUCHED,TREM.MS.VOUCHERED,META.UNK.VOUCH,MONO.DACT.VOUCH,MONO.GYRN.VOUCH,MYX.GO.VOUCH,MYXO.THEL.VOUCH,MYXO.SBAD.VOUCH,MYXO.BC VOUCH,WORM.A.VOUCH,CYST.EMPTY.VOUCH,CYST.LB.VOUCH,CYST.UNK.VOUCH,COP.GRAB.VOUCHERED
6891,TU,Fish,140348,55,Pimephales vigilax,Cyprinidae,NA,NA,30.705,-89.84611,NA,NA,United States of America,Mississippi,Pearl River,NA,NA,Pearl River along left bank just above Pools Bluff Sill.,NA,NA,1985,4,25,R.D. Suttkus & K.G. Goodfellow,NA,NA,PreservedSpecimen,,NA,impact,1984-1993,140348_01,KL,07/12/23,NA,81,68,na,,,,0,0,0,0,0,0,0,0,0,0,0,0,0,0,0,0,0,0,0,0,0,0,0,0,0,0,0,0,0,0,0,0,0,0,0,0,0,0,0,0,0,0,0,0,0,0,0,0,0,0,0,2,0,0,0,0,0,0,0,0,0,0,0,0,0,0,0,0,0,0,0,0,0,0,0,0,0,0,0,0,0,0,0,0,0,0,0,2,0,0,0,0,0,0,0,0,0,0,0,0,0,0,0,0
,TU,,70599,29,Pimephales vigilax,,,,,,,,,,,,,Pearl River at Sand Bar below mouth,,,1971,7,15,SUTTKUS AND THOMPSON,,,,,,,1964-1973,70599_03,SD DD,04/30/2024,NA,83,69,na,,,,0,0,0,0,0,0,0,0,0,0,0,0,0,0,0,0,0,0,0,0,0,0,0,0,0,0,0,0,0,0,0,0,0,0,0,0,0,0,0,0,0,0,0,0,0,0,0,0,0,0,0,0,0,0,0,0,0,0,0,0,0,1,0,0,0,0,0,0,0,0,0,0,0,0,0,0,1,0,0,0,0,0,0,0,0,0,0,0,0,0,0,0,0,0,1,0,0,0,0,1,0,0,0,0
,TU,,70599,29,Pimephales vigilax,,,,,,,,,,,,,Pearl River at Sand Bar below mouth,,,1971,7,15,SUTTKUS AND THOMPSON,,,,,,,1964-1973,70599_02,SD DD,04/30/2024,F,68,57,na,,,,0,0,0,0,0,0,0,0,0,0,0,0,0,0,0,0,0,0,0,0,0,0,0,0,0,0,0,0,0,0,0,0,0,0,0,0,0,0,0,1,0,0,0,0,0,0,0,0,0,0,0,0,0,0,0,0,0,0,0,0,0,0,0,0,0,0,0,0,0,0,0,0,0,0,0,0,0,0,0,0,0,0,0,0,0,0,0,1,0,0,0,0,0,0,0,0,0,0,0,0,0,0,0,0
,TU,,70599,29,Pimephales vigilax,,,,,,,,,,,,,Pearl River at Sand Bar below mouth,,,1971,7,15,SUTTKUS AND THOMPSON,,,,,,,1964-1973,70599_01,SD DD,04/30/2024,NA,60,50,na,,,,0,0,0,0,0,0,0,0,0,0,0,0,0,0,0,0,0,0,0,0,0,0,0,0,0,0,0,0,0,0,0,0,0,0,0,0,0,0,0,0,0,0,0,0,0,0,0,0,0,0,0,0,0,0,0,0,0,0,0,0,0,0,0,0,0,0,0,0,0,0,0,0,0,0,0,0,0,0,0,0,0,0,0,0,0,0,0,0,0,0,0,0,0,0,0,0,0,0,0,0,0,0,0,0
,TU,,70599,29,Pimephales vigilax,,,,,,,,,,,,,Pearl River at Sand Bar below mouth,,,1971,7,15,SUTTKUS AND THOMPSON,,,,,,,1964-1973,70599_04,SD ACL KL,04/30/2024,F,71,57,na,,,,0,0,0,0,0,0,0,1,0,0,0,0,0,0,0,0,0,0,0,0,0,0,0,0,0,0,0,0,0,0,0,0,0,0,0,0,0,1,0,0,0,0,0,0,0,0,0,0,0,0,0,0,0,0,0,0,0,0,0,0,1,0,0,0,0,0,0,0,0,1,0,0,0,0,0,0,0,1,0,0,0,0,0,1,0,0,0,0,0,0,0,0,0,1,0,0,0,0,0,0,0,0,0,0
,TU,,184043,29,Pimephales vigilax,,,,,,,,,,,,,Pearl River along right bank,,,1997,6,28,RD and JS Suttkus,,,,,,,1994-2003,184043_02,sd cjw,04/30/2024,na,65,53,na,"Notes on datasheet: ""many"" CYST.UNKN in gill, but no number given",,,0,0,0,0,0,0,0,0,0,0,0,1,3,2,0,0,0,0,0,0,0,0,0,0,0,0,0,0,0,0,0,0,0,0,0,0,0,2,0,0,0,16,0,0,0,0,0,1,0,1,0,0,0,2,0,0,0,0,0,0,1,0,0,0,0,0,0,1,0,0,0,0,0,0,0,0,0,1,0,0,0,1,0,0,0,0,0,0,0,0,0,0,13,1,0,0,0,0,0,0,0,0,0,0
,TU,,184043,29,Pimephales vigilax,,,,,,,,,,,,,Pearl River along right bank,,,1997,6,28,RD and JS Suttkus,,,,,,,1994-2003,184043_01,sd kl,04/30/2024,f,64,53,na,,,,0,0,0,0,0,0,0,0,0,0,0,0,0,0,0,0,0,0,0,0,0,0,0,0,0,0,0,0,0,0,0,0,0,0,0,0,0,0,0,1,0,0,0,0,0,0,0,0,0,0,0,0,0,0,0,0,0,0,0,0,0,0,0,0,0,0,0,0,0,0,0,0,0,0,0,0,0,0,0,0,0,0,0,0,0,0,0,0,0,0,0,0,0,0,0,0,0,0,0,0,0,0,0,0
,TU,,184043,29,Pimephales vigilax,,,,,,,,,,,,,Pearl River along right bank,,,1997,6,28,RD and JS Suttkus,,,,,,,1994-2003,184043_04,sd acl gmc,04/30/2024,f,64,52,na,,,,0,0,0,0,0,0,0,0,0,0,0,0,0,0,0,0,0,0,0,0,0,0,0,3,0,0,0,0,0,0,0,0,2,0,0,15,0,0,1,0,0,0,0,0,0,0,0,0,0,0,0,0,0,0,0,0,0,0,0,0,0,0,0,0,0,0,0,0,0,0,0,0,0,0,0,0,0,0,1,0,0,0,0,0,0,0,3,0,0,0,0,0,0,0,0,0,0,0,0,0,8,0,2,0
,TU,,184043,29,Pimephales vigilax,,,,,,,,,,,,,Pearl River along right bank,,,1997,6,28,RD and JS Suttkus,,,,,,,1994-2003,184043_03,SD KL,04/30/2024,NA,47,38,na,,,,0,0,0,0,0,0,0,0,0,0,0,0,0,0,0,0,0,0,0,0,0,0,0,0,0,2,0,0,0,0,0,0,0,0,0,0,0,0,0,0,0,0,8,0,0,0,0,0,0,0,0,0,0,0,0,0,0,0,0,0,6,0,0,0,0,0,0,0,0,0,0,1,0,0,0,0,0,0,0,0,0,0,0,0,0,0,0,1,0,0,0,0,1,5,0,0,0,0,0,0,0,0,6,0
,TU,,31254,14,Pimephales vigilax,,,,,,,,,,,,,pearl river,,,1963,7,11,Suttkus and Gunning,,,,,,,1954-1963,31254_01,hmt acl dd,05/06/2024,na,68,57,na,,,,0,3,0,0,0,0,0,0,0,0,0,0,0,1,0,0,0,0,0,0,0,0,0,0,0,5,0,0,0,0,0,0,0,0,0,0,0,0,0,0,0,0,0,0,0,0,0,0,0,0,0,0,0,0,0,0,0,0,0,0,0,0,3,0,0,0,0,0,0,0,0,0,0,0,0,0,0,0,0,0,0,0,0,0,0,0,0,0,1,0,0,0,5,0,0,0,3,0,0,0,0,0,0,0
,TU,,31254,14,Pimephales vigilax,,,,,,,,,,,,,pearl river,,,1963,7,11,Suttkus and Gunning,,,,,,,1954-1963,31254_02,HMT ACL,05/06/2024,F,63,51,na,,,,57,0,0,0,0,1,0,0,0,0,0,0,0,0,0,0,0,6,1,6,0,0,0,0,0,0,0,0,0,0,1,0,2,0,0,0,0,0,0,3,0,0,0,0,0,0,0,0,0,0,0,0,0,0,0,0,49,0,0,0,1,0,0,0,0,0,6,1,0,0,0,0,0,0,0,0,0,0,0,0,0,0,0,0,0,0,94,3,0,0,0,0,6,1,0,0,0,0,0,0,0,4,2,0
,TU,,31254,14,Pimephales vigilax,,,,,,,,,,,,,pearl river,,,1963,7,11,Suttkus and Gunning,,,,,,,1954-1963,31254_04,sd acl,05/07/2024,na,39,31,na,,,,0,0,0,0,0,0,0,0,0,0,0,0,0,0,0,0,0,0,0,0,0,0,0,1,0,0,0,0,1,0,0,1,0,0,0,0,0,0,0,0,2,0,0,0,0,0,0,0,0,0,0,0,0,0,0,0,2,0,0,0,0,0,0,0,0,0,0,0,0,0,0,0,0,0,0,0,0,0,0,0,0,0,0,0,0,0,6,0,0,0,0,0,0,0,0,0,0,0,0,0,0,1,0,0
,TU,,31254,14,Pimephales vigilax,,,,,,,,,,,,,pearl river,,,1963,7,11,Suttkus and Gunning,,,,,,,1954-1963,31254_03,HMT DD,05/06/2024,NA,68,55,na,,,,33,0,0,0,0,0,0,0,0,0,0,0,1,0,0,0,0,0,0,0,0,0,0,0,0,0,0,0,0,0,0,0,0,0,0,0,0,0,0,0,0,0,0,0,0,0,0,0,0,0,0,0,0,0,0,0,0,0,0,0,0,0,0,0,0,0,0,0,0,0,0,0,0,0,0,0,0,0,0,0,0,0,0,0,0,0,0,0,0,0,0,0,0,0,0,0,0,0,0,0,0,0,0,0
,TU,,197731,10,Pimephales vigilax,,,,,,,,,,,,,Pearl River along left bank at 2nd bend below,,,2004,10,30,RD and JS Suttkus,,,,,,,,197731_01,SC,6/11/2024,NA,47,38,71.1,no EDTA available for liver wash,6/11/2024,,0,0,0,0,0,0,0,0,0,0,0,0,0,0,0,0,0,0,0,0,0,1,0,0,0,0,0,0,0,0,0,0,0,0,0,0,0,0,0,0,0,0,0,0,0,0,0,0,0,0,0,0,0,0,0,0,0,0,0,0,0,0,0,0,0,0,0,0,0,0,1,0,0,0,0,0,0,0,0,0,0,0,0,0,0,0,1,0,0,0,0,0,0,0,0,0,1,0,0,0,0,0,0,0
,TU,,197731,10,Pimephales vigilax,,,,,,,,,,,,,Pearl River along left bank at 2nd bend below,,,2004,10,30,RD and JS Suttkus,,,,,,,,197731_03,SC DMDM,6/11/2024,NA,42,34,60.7,no EDTA available for liver wash,6/11/2024,,0,0,0,0,0,0,0,0,0,0,0,0,0,0,0,0,0,0,0,0,0,0,0,0,0,0,0,0,0,0,0,0,0,0,0,0,0,0,0,8,0,0,0,0,0,0,0,0,0,0,0,0,0,0,0,0,0,0,0,0,0,0,0,0,0,0,0,0,0,0,0,0,0,0,0,0,0,0,0,0,0,0,0,0,0,0,0,8,0,0,0,0,0,0,0,0,0,0,0,0,0,0,0,0
,TU,,197731,10,Pimephales vigilax,,,,,,,,,,,,,Pearl River along left bank at 2nd bend below,,,2004,10,30,RD and JS Suttkus,,,,,,,,197731_04,IJ DD,6/11/2024,NA,44,35,79.4,no EDTA available for liver wash,6/11/2024,,0,0,0,0,0,0,0,0,0,0,0,0,0,0,0,0,0,0,0,0,0,0,0,0,0,0,0,0,0,0,0,0,0,0,0,0,0,0,0,5,0,0,0,0,0,0,0,0,0,0,0,0,0,0,0,0,0,0,0,0,0,0,0,0,0,0,0,3,0,0,0,0,0,0,0,0,0,0,0,0,0,0,0,0,0,0,0,5,1,0,0,0,0,0,0,0,0,0,0,0,0,0,0,0
,TU,,197731,10,Pimephales vigilax,,,,,,,,,,,,,Pearl River along left bank at 2nd bend below,,,2004,10,30,RD and JS Suttkus,,,,,,,,197731_02,DJB GMC,6/11/2024,M,38,30,41,"no EDTA available for liver wash, MYXO.SBAD broken",6/11/2024,,0,0,0,0,0,0,0,0,0,0,0,0,0,0,0,0,0,0,0,0,0,0,0,0,0,0,0,0,0,0,0,0,0,0,0,0,0,0,0,9,1,0,0,0,0,0,0,0,0,0,0,0,0,0,0,0,0,0,0,0,0,0,0,1,0,0,0,0,0,0,0,0,0,0,0,0,0,0,0,0,0,0,0,0,0,0,1,9,0,0,0,0,0,0,0,0,0,1,0,0,0,0,0,0
,TU,,115164,41,Pimephales vigilax,,,,,,,,,,,,,pearl river along left bank just above dobles bluff sill,,,1979,10,25,suttkus and sorensen,,,,,,,,115164_03,DJB GMC,06/12/2024,F,41,33,43.7,1st day of EDTA,6/12/2024,,0,0,0,0,0,0,0,0,0,0,0,0,0,1,0,0,0,0,0,0,0,0,0,0,0,0,na,0,0,0,0,0,0,0,0,0,0,0,0,1,0,0,0,0,0,0,0,0,0,0,0,0,0,0,0,0,0,0,0,0,0,0,0,0,0,0,0,0,0,0,0,0,0,0,0,0,0,0,0,0,0,0,0,0,0,0,0,1,1,0,0,0,0,0,0,0,0,0,0,0,0,0,0,0
,TU,,115164,41,Pimephales vigilax,,,,,,,,,,,,,pearl river along left bank just above dobles bluff sill,,,1979,10,25,suttkus and sorensen,,,,,,,,115164_01,DJB CJW,06/12/2024,NA,29,24,16.7,"1st day of EDTA, CYST.NEH present in fins",6/12/2024,,0,0,0,0,0,0,0,0,0,0,0,0,0,0,0,0,0,0,0,0,0,0,0,0,0,0,0,0,0,0,0,0,0,0,0,0,0,0,0,0,0,0,0,0,0,0,0,0,0,0,0,0,0,0,0,0,0,0,0,0,0,0,0,0,0,0,0,0,0,0,0,0,0,0,0,0,0,0,0,0,0,0,0,0,0,0,0,0,0,0,0,0,0,0,0,0,0,0,0,0,0,0,1,0
,TU,,37344,19,Pimephales vigilax,,,,,,,,,,,,,Pearl River just below billat pools buss; 4 mi S of Bogalusa,,,1965,3,18,RD and JS Suttkus,,,,,,,,37344_02,DJB DMDM,6/12/2024,F,71,52,339.4,1st day of EDTA,6/12/2024,,0,0,0,0,0,0,0,0,0,0,0,0,0,0,0,0,0,0,0,0,0,0,0,0,0,0,0,0,0,0,0,0,0,0,0,0,0,0,0,0,0,0,0,0,0,0,0,0,0,1,0,0,0,0,0,0,0,2,0,0,3,0,0,0,1,0,0,0,0,0,0,0,0,0,0,0,0,0,0,0,0,0,0,0,1,0,0,0,2,0,0,0,0,3,0,0,0,0,1,0,0,0,0,0
,TU,,106298,11,Pimephales vigilax,,,,,,,,,,,,,"Pearl River, along left bank along Colurn Creek",,,1978,3,23,Gunning and Rohmann,,,,,,,,106298_01,SC KL and DB,6/11/2024,NA,60,46,163.7,no EDTA available for liver wash,6/12/2024,,0,2,0,0,0,0,0,0,0,0,0,0,0,0,0,0,0,0,0,0,0,0,0,0,1,0,0,0,0,0,0,0,0,0,0,0,0,0,0,0,0,0,0,0,0,0,0,0,0,0,0,0,0,0,0,0,0,0,1,0,1,0,0,0,0,0,0,0,0,0,0,0,0,0,0,0,0,0,0,0,0,0,0,0,0,0,0,2,0,0,0,0,0,1,0,0,1,0,0,0,0,0,0,0
,TU,,108550,22,Pimephales vigilax,,,,,,,,,,,,,Pearl River along left bank just below sill at pools,,,1978,7,19,Suttkas and Sorensen,,,,,,,,108550_01,IJ GMC,6/11/2024,NA,81,65,710,no EDTA available for liver wash,6/12/2024,,0,0,0,0,0,0,0,0,0,0,0,0,0,0,0,0,0,0,0,0,0,0,0,0,0,0,na,0,0,0,0,0,0,0,0,0,0,0,0,0,0,0,0,0,0,0,0,0,0,0,0,0,0,0,0,0,0,0,0,1,0,0,0,0,0,0,0,0,0,0,0,0,0,0,0,0,0,0,0,0,0,0,0,0,0,0,0,0,0,0,0,0,1,0,0,0,0,0,0,0,0,0,0,0
,TU,,106298,11,Pimephales vigilax,,,,,,,,,,,,,Pearl River,,,1978,3,23,Gunning and Rohmann,,,,,,,,106298_04,IJ CJW,6/11/2024,NA,26,21,13.8,"no EDTA available for liver wash, cyst unk found between fin rays --> updated and changed to CYST.MET present in fins",6/12/2024,,0,0,0,0,0,0,0,0,0,0,0,0,0,0,0,0,0,0,0,0,0,0,0,0,0,0,0,0,0,0,0,0,0,0,0,0,0,0,0,0,0,0,0,0,0,0,0,0,0,0,0,0,0,0,0,0,0,0,0,0,0,0,0,0,0,0,0,0,0,0,0,0,0,0,0,0,0,0,0,0,0,0,0,0,0,0,0,0,0,0,0,0,0,0,0,0,0,0,0,0,0,0,0,0
,TU,,106298,11,Pimephales vigilax,,,,,,,,,,,,,Pearl River along left bank along Colurn creek,,,1978,3,23,Gunning and Rohmann,,,,,,,,106298_02,DJB DMDM,6/11/2024,NA,41,34,50.5,no EDTA available for liver wash,6/11/24,,0,0,0,0,0,0,0,0,0,0,0,0,0,0,0,0,1,0,0,0,0,0,0,0,0,0,0,0,0,0,0,0,0,0,0,0,0,0,0,0,0,0,0,0,0,0,0,0,0,0,0,0,0,0,0,0,0,0,0,0,1,0,0,0,0,0,0,0,0,0,0,0,0,0,0,0,0,0,0,0,0,0,0,0,0,0,0,0,0,0,0,0,0,1,0,0,0,0,0,0,0,0,0,0
,TU,,108550,22,Pimephales vigilax,,,,,,,,,,,,,Pearl River along left bank just below sill at pools,,,1978,7,19,Suttkas and Sorensen,,,,,,,,108550_02,SC CLW,6/11/2024,F,58,49,207.7,no EDTA available for liver wash,6/11/2024,,0,1,0,0,0,0,0,0,0,0,0,0,0,0,0,0,0,0,0,0,0,0,0,0,0,0,na,0,0,0,0,0,0,0,na,0,0,0,0,0,0,0,0,0,0,0,0,1,0,0,0,0,0,0,0,0,0,0,0,1,0,0,0,0,0,0,0,0,0,0,0,0,0,0,0,0,0,0,0,0,0,0,0,0,0,0,0,0,0,0,0,0,0,0,0,0,0,0,0,0,0,0,0,0
,TU,,108550,22,Pimephales vigilax,,,,,,,,,,,,,Pearl River along left bank just below sill at pools,,,1978,7,19,Suttkas and Sorensen,,,,,,,,108550_04,JT DMDM,6/11/2024,NA,83,69,658.7,no EDTA available for liver wash,6/11/2024,,0,0,0,0,0,0,0,0,0,0,0,0,0,0,0,0,0,0,0,0,0,0,0,0,0,0,0,0,0,0,0,0,0,0,0,0,0,0,0,0,0,0,0,0,0,0,0,0,0,0,0,0,0,0,0,0,0,0,0,0,0,0,0,0,0,0,0,0,0,0,0,0,0,0,0,0,0,0,0,0,0,0,0,0,0,0,0,0,0,0,0,0,0,0,0,0,0,0,0,0,0,0,0,0
,TU,,106298,11,Pimephales vigilax,,,,,,,,,,,,,Pearl River along left bank along Colurn creek,,,1978,3,23,Gunning and Rohmann,,,,,,,,106298_03,JT CJW,6/11/2024,NA,35,27,28.2,"no EDTA available for liver wash, 18 vouchered 18 from pec. fin and ~>10 from caudal, CYST.NEH present in fins",6/11/2024,,0,0,0,0,0,0,0,0,0,0,0,0,0,0,0,0,0,0,0,0,1,0,0,0,0,0,0,0,0,0,0,0,0,0,0,0,0,0,0,0,0,0,0,0,0,0,0,0,0,0,0,0,0,0,0,0,0,0,0,0,1,0,0,0,0,0,0,0,0,0,0,0,0,0,0,0,0,0,0,0,0,0,0,0,0,0,0,0,0,0,0,0,0,1,0,0,0,0,0,0,0,0,18,0
,TU,,62155,32,Pimephales vigilax,,,,,,,,,,,,,Pearl River,,,1970,4,27,"Suttkus, Gunning, Thompson",,,,,,,,62155_01,KL CJW,6/11/2024,NA,36,27,33.4,no EDTA available for liver wash,6/11/2024,,0,0,0,0,0,0,0,0,0,0,0,0,0,0,0,0,0,0,0,0,0,0,0,0,0,0,0,0,0,0,0,0,0,0,0,0,0,0,0,0,0,0,0,0,0,0,0,0,0,0,0,0,0,0,0,0,0,0,0,0,0,0,14,0,0,0,0,0,0,0,0,0,0,0,0,0,0,0,0,0,0,0,0,0,0,0,0,0,0,0,0,0,0,0,0,0,13,0,0,0,0,0,0,0
,TU,,62155,32,Pimephales vigilax,,,,,,,,,,,,,Pearl River,,,1970,4,27,"Suttkus, Gunning, Thompson",,,,,,,,62155_02,SC DD,6/11/2024,F,55,46,153,no EDTA available for liver wash,6/11/2024,,0,0,0,0,29,0,0,0,0,0,0,0,0,0,0,0,0,0,0,0,0,0,3,0,0,0,0,0,0,0,0,0,0,0,0,0,0,0,0,0,0,0,0,0,0,0,0,0,1,0,0,0,0,0,0,0,0,0,0,0,0,0,0,0,0,0,0,0,0,0,0,0,0,0,0,0,0,0,0,0,0,0,1,0,0,0,0,0,0,0,0,0,0,0,0,3,0,0,0,0,0,0,0,0
,TU,,62155,32,Pimephales vigilax,,,,,,,,,,,,,Pearl River,,,1970,4,27,"Suttkus, Gunning, Thompson",,,,,,,,62155_03,IJ GMC,6/11/2024,NA,51,42,154.1,no EDTA available for liver wash,6/11/2024,,0,0,0,0,0,0,0,0,0,0,0,0,0,0,0,0,0,0,0,7,0,0,0,0,0,0,0,0,0,0,0,0,0,0,0,0,0,0,0,0,0,0,0,0,0,0,0,0,0,0,0,0,0,0,0,0,0,0,0,0,0,0,0,0,0,0,0,0,0,0,0,0,0,0,0,0,0,0,0,0,0,0,0,0,0,0,0,0,0,0,0,0,0,0,0,0,0,0,0,0,0,0,0,0
,TU,,62155,32,Pimephales vigilax,,,,,,,,,,,,,Pearl River,,,1970,4,27,"Suttkus, Gunning, Thompson",,,,,,,,62155_04,DJB GMC,6/11/2024,F,33,26,23.5,no EDTA available for liver wash,6/11/2024,,0,0,0,0,0,0,0,0,0,0,0,0,0,0,0,0,0,0,0,0,0,0,0,0,0,0,0,0,0,0,0,0,0,0,0,0,0,0,0,0,0,0,0,0,0,0,0,0,0,0,0,0,0,0,0,0,0,0,0,0,0,0,0,10,0,0,0,0,0,0,0,0,0,0,0,0,0,0,0,0,0,0,0,0,0,0,0,0,0,0,0,0,0,0,0,0,0,10,0,0,0,0,0,0
,TU,,83913,22,Pimephales vigilax,,,,,,,,,,,,,Pearl River just above mouth of Coburn Creek,,,1973,10,16,Suttkus and Thompson,,,,,,,,83913_02,SC SC and KL,6/12/2024,NA,59,47,146.2,"1st day of EDTA, CYST.NP found in gills",6/12/2024,,0,0,0,0,0,0,0,0,0,0,0,0,0,0,0,0,0,0,0,0,0,0,0,0,0,0,0,0,0,0,0,0,0,0,0,0,0,0,0,0,0,0,0,0,0,0,0,0,0,0,0,0,0,0,0,0,0,0,0,0,1,0,0,0,0,0,0,0,0,0,0,0,0,0,0,0,0,0,0,0,0,0,0,0,0,0,0,0,0,0,0,0,0,1,0,0,0,0,0,0,0,0,0,0
,TU,,83913,22,Pimephales vigilax,,,,,,,,,,,,,Pearl River just above mouth of Coburn Creek,,,1973,10,16,Suttkus and Thompson,,,,,,,,83913_04,DJB CLW,6/12/2024,NA,32,23,12.2,1st day of EDTA,6/12/2024,,0,0,0,0,0,0,0,0,0,0,0,0,0,0,0,0,0,0,0,0,0,0,na,na,na,na,na,0,na,0,0,0,0,0,na,0,0,0,0,0,0,0,0,0,0,0,0,0,0,0,0,0,0,0,0,0,0,0,0,0,0,0,0,0,0,0,0,0,0,0,0,0,0,0,0,0,0,0,0,0,0,0,0,0,0,0,0,0,0,0,0,0,0,0,0,0,0,0,0,0,0,0,0,0
,TU,,101642,40,Pimephales vigilax,,,,,,,,,,,,,"Pearl River along left bank just below Sill at Pools Bluff, 4 mi S of Bogalusa",,,1977,4,13,RD Suttkus and P Sorensen,,,,,,,,101642_02,JT GMC,6/12/2024,F,63,48,261.9,1st day of EDTA,6/13/2024,,0,0,0,0,0,0,0,0,0,0,0,0,0,0,0,0,0,0,0,0,0,0,0,0,0,0,na,0,0,0,0,0,0,0,0,0,0,0,0,1,0,0,0,0,0,0,0,0,0,0,0,0,0,0,0,0,0,0,0,0,2,0,0,0,0,0,0,0,0,0,0,0,0,0,0,0,0,0,0,0,0,0,0,0,0,0,0,1,0,0,0,0,0,2,0,0,0,0,0,0,0,0,0,0
,TU,,101642,40,Pimephales vigilax,,,,,,,,,,,,,"Pearl River along left bank just below Sill at Pools Bluff, 4 mi S of Bogalusa",,,1977,4,13,RD Suttkus and P Sorensen,,,,,,,,101642_01,DJB KL,6/12/2024,NA,69,56,343,1st day of EDTA,6/12/2024,,0,0,0,0,0,0,0,0,0,0,0,0,0,0,0,0,0,0,0,0,0,0,0,0,0,0,0,0,0,0,0,0,0,0,0,0,0,0,0,0,0,0,0,0,0,0,0,0,0,0,0,0,0,0,0,0,0,0,0,0,0,0,0,0,0,0,0,0,0,0,0,0,0,0,0,0,0,0,0,0,0,0,0,0,0,0,0,0,0,0,0,0,0,0,0,0,0,0,0,0,0,0,0,0
,TU,,101642,40,Pimephales vigilax,,,,,,,,,,,,,"Pearl River along left bank just below Sill at Pools Bluff, 4 mi S of Bogalusa",,,1977,4,13,RD Suttkus and P Sorensen,,,,,,,,101642_03,DJB DMDM and DJB,6/12/2024,NA,72,64,583.6,1st day of EDTA,6/12/2024,,0,0,0,0,0,0,0,0,0,0,0,0,0,0,0,0,0,0,0,0,0,0,0,0,0,0,na,0,0,0,0,0,0,0,0,0,0,0,0,3,0,0,0,0,0,0,0,0,0,0,0,0,0,0,0,0,0,0,0,0,0,0,0,0,0,0,0,0,0,0,0,0,0,0,0,0,0,0,0,0,0,0,0,0,0,0,0,3,0,0,0,0,0,0,0,0,0,0,0,0,0,0,0,0
,TU,,101642,40,Pimephales vigilax,,,,,,,,,,,,,"Pearl River along left bank just below Sill at Pools Bluff, 4 mi S of Bogalusa",,,1977,4,13,RD Suttkus and P Sorensen,,,,,,,,101642_04,JT DMDM,6/12/2024,F,63,49,286.3,1st day of EDTA,6/12/2024,,0,0,0,0,0,0,0,0,0,0,0,0,0,0,0,0,0,0,0,0,0,0,0,0,0,0,na,0,0,0,0,0,0,0,0,0,0,0,0,0,0,0,0,0,0,0,0,0,0,0,0,0,0,0,0,0,0,0,0,0,0,0,0,0,0,0,0,0,0,0,0,0,0,0,0,0,0,0,0,0,0,0,0,0,0,0,0,0,0,0,0,0,0,0,0,0,0,0,0,0,0,0,0,0
,TU,,83913,22,Pimephales vigilax,,,,,,,,,,,,,Pearl River just above mouth of Coburn Creek,,,1973,10,16,Suttkus and Thompson,,,,,,,,83913_01,DJB DMDM,6/12/2024,NA,65,51,198.4,1st day of EDTA,6/13/2024,,0,0,0,0,0,0,0,0,0,0,0,0,0,0,0,0,0,0,0,0,0,0,0,0,1,0,NA,2,0,0,0,0,0,0,na,na,0,0,0,4,0,0,0,0,0,0,0,0,0,0,0,0,0,0,0,0,0,0,0,0,0,0,0,0,0,0,0,1,0,0,0,2,0,0,0,0,0,0,0,0,0,0,0,0,0,0,0,9,0,0,0,0,0,0,0,0,0,0,0,0,0,0,0,0
,TU,,68175,95,Pimephales vigilax,,,,,,,,,,,,,Pearl River at river mile 54.23mi SE of Bogalusa,,,1971,1,25,Suttkus and Gunning,,,,,,,,68175_02,DJB DMDM,6/13/2024,NA,56,41,150.9,none,6/13,,0,0,0,0,0,0,0,0,0,0,0,0,0,0,0,0,0,0,0,0,0,0,na,0,0,0,0,0,0,0,0,0,0,0,0,0,0,0,0,0,0,0,0,0,0,0,0,0,0,0,0,0,0,0,0,0,0,0,0,0,0,0,0,0,0,0,0,0,0,0,0,0,0,0,0,0,0,0,0,0,0,0,0,0,0,0,0,0,0,0,0,0,0,0,0,0,0,0,0,0,0,0,0,0
,TU,,37344,19,Pimephales vigilax,,,,,,,,,,,,,Pearl River just below sill pools buss; 4 mi S of Bogalusa,,,1965,3,18,RD Suttkus and JS Suttkus,,,,,,,,37344_03,SC CJW,6/12/2024,NA,96,81,960.5,"EDTA started, organs dry overnight, Cyst.NP found in gill, CYST.NEH present in fins",6/12/2024,,0,0,0,0,0,0,0,0,0,0,0,0,0,0,0,0,0,0,0,0,0,0,0,0,0,0,0,0,0,0,0,0,0,0,0,0,0,0,0,1,0,0,1,0,0,0,0,0,0,0,0,0,0,0,0,0,0,0,0,0,0,0,0,0,0,0,0,0,0,0,0,0,0,0,0,0,0,0,0,0,0,0,0,0,0,0,0,1,0,0,0,0,0,0,0,0,0,0,0,0,0,0,1,0
,TU,,37344,19,Pimephales vigilax,,,,,,,,,,,,,Pearl River just below billat pools buff; 4 mi S of Bogalusa,,,1965,3,18,RD Sukkus and JS Suttkus ,,,,,,,,37344_04,DJB KL,6/12/2024,NA,95,83,1101.2,1st day of EDTA,6/13/2024,,0,0,0,0,0,0,0,0,0,0,0,0,0,1,0,0,0,0,0,1,0,0,0,0,0,0,0,0,0,0,0,0,0,0,0,0,0,0,0,9,0,0,0,0,0,0,0,0,0,1,0,0,0,0,1,0,0,0,0,0,0,0,0,0,0,0,0,0,0,0,0,0,0,0,0,0,0,1,0,0,0,0,0,0,1,0,0,9,1,0,0,0,0,0,0,0,0,0,0,0,0,0,0,0
,TU,,68175,95,Pimephales vigilax perspicuus,,,,,,,,,,,,,"Pearl River at. River mile 54, 2.3 mi SE of Bogalusa",,,1971,1,25,Suttkus and Gunning,,,,,,,,68175_01,IJ CLW,6/13/2024,NA,46,35,67.4,none,6/13/2024,,0,0,0,0,0,0,0,0,0,0,0,0,0,0,0,0,0,0,0,0,0,0,na,0,0,0,0,na,na,0,0,0,0,0,0,0,0,0,0,0,0,0,0,0,0,0,0,0,0,0,0,0,0,0,0,0,0,0,0,0,0,0,0,0,0,0,0,0,0,0,0,0,0,0,0,0,0,0,0,0,0,0,0,0,0,0,0,0,0,0,0,0,0,0,0,0,0,0,0,0,0,0,0,0
,TU,,178363,183,Pimephales vigilax,,,,,,,,,,,,,Pearl River along left bank opposite mouth of Bogalusa creek,,,1996,4,6,RD + JS Suttkus,,,,,,,,178363_04,SC CLW,6/13/2024,NA,41,32,46.6,183-29=94 fish used b/c 89 were <30 mm,6/13/2024,,0,0,0,0,0,0,0,0,0,0,0,0,0,0,0,0,0,0,0,0,0,0,na,0,0,0,na,na,na,0,0,0,0,0,na,0,0,0,0,0,0,0,0,0,0,0,0,0,0,0,0,0,0,0,0,0,0,0,0,0,3,0,0,0,0,0,0,0,0,0,0,0,0,0,0,0,0,0,0,0,0,0,0,0,0,0,0,0,0,0,0,0,0,0,0,0,0,0,0,0,0,0,0,0
,TU,,178363,183,Pimephales vigilax,,,,,,,,,,,,,Pearl River along left bank opposite mouth of Bogalusa creek,,,1996,4,6,RD + JS Suttkus,,,,,,,,178363_03,SC CLW,6/13/2024,NA,33,29,29.5,94 specimens because 89 were <30mm,6/13/2024,,0,0,0,0,0,0,0,0,0,0,0,0,0,0,0,0,0,0,0,0,0,0,na,0,0,0,na,0,0,0,0,0,0,0,na,na,0,0,0,0,0,0,0,0,0,0,0,0,0,0,0,0,0,0,0,0,0,0,0,0,3,0,0,0,0,0,0,0,0,0,0,0,0,0,0,0,0,0,0,0,0,0,0,0,0,0,0,0,0,0,0,0,0,3,0,0,0,0,0,0,0,0,0,0
,TU,,37344,19,Pimephales vigilax perspicuus,,,,,,,,,,,,,Pearl River just below billat pools buff; 4 mi S of Bogalusa,,,1965,3,18,RD Sukkus and JS Suttkus ,,,,,,,,37344_01,SC CJW GMC IJ,6/12/2024,NA,67,56,271.6,EDTA protocol ,6/13/2024,,0,0,0,0,0,0,0,0,0,0,0,0,0,0,0,0,0,0,0,0,0,0,0,0,0,0,0,0,0,0,0,0,0,0,0,0,0,0,0,0,0,0,0,0,0,0,0,0,0,0,0,0,0,0,0,0,0,0,0,0,0,0,0,0,0,0,0,0,0,0,0,0,0,0,0,0,0,0,0,0,0,0,0,0,0,0,0,0,0,0,0,0,0,0,0,0,0,0,0,0,0,0,0,0
,TU,,30602,220,Pimephales vigilax perspicuus,,,,,,,,,,,,,Pearl River just above Coburn Cr.,,,1963,10,24,Suttkus and Gunning,,,,,,,,30602_02,IJ,6/13/2024,NA,40,30,42.6,,6/13/2024,,0,0,0,0,0,0,0,0,0,0,0,0,0,0,0,0,0,0,0,0,0,0,0,0,0,0,0,0,0,0,0,0,0,0,0,0,0,0,0,0,0,0,0,0,0,0,0,0,0,0,0,0,0,0,0,0,1,0,0,0,0,0,0,0,0,0,0,0,0,0,0,0,0,0,0,0,0,0,0,0,0,0,0,0,0,0,1,0,0,0,0,0,0,0,0,0,0,0,0,0,0,0,0,0
,TU,,30602,220,Pimephales vigilax perspicuus,,,,,,,,,,,,,Pearl River just above Coburn Cr.,,,1963,10,24,Suttkus and Gunning,,,,,,,,30602_04,GMC IJ,6/13/2024,NA,56,47,161.6,,6/13/2024,,0,0,0,0,0,0,0,0,0,0,0,0,0,0,0,0,0,0,0,1,0,0,0,0,0,0,na,0,0,0,0,0,0,0,0,0,0,0,0,1,0,0,0,0,0,0,0,0,0,0,0,0,0,0,0,0,8,0,0,0,1,1,0,0,0,0,0,0,0,0,0,0,0,0,0,0,0,0,0,0,0,0,0,0,0,0,8,1,0,0,0,0,0,0,1,0,0,0,0,0,0,0,0,0
,TU,,30602,220,Pimephales vigilax perspicuus,,,,,,,,,,,,,Pearl River just above Coburn Cr.,,,1963,10,24,Suttkus and Gunning,,,,,,,,30602_03,DMDM,6/13/2024,NA,58,48,157.8,,6/13/2024,,0,0,0,0,0,0,0,0,0,0,0,0,0,0,0,0,0,0,0,0,0,0,na,0,0,0,0,0,0,0,0,0,0,0,0,0,0,0,0,0,0,0,0,0,0,0,0,0,0,0,0,0,0,0,0,0,0,0,0,0,1,0,0,0,0,0,0,0,0,0,1,0,0,0,0,0,0,0,0,0,0,0,0,0,0,0,1,0,0,0,0,0,0,1,0,0,0,0,0,0,0,0,0,0
,TU,,115164,41,Pimephales vigilax,,,,,,,,,,,,,Pearl River along left bank just above Pobles Bluff Sill,,,1979,10,25,Suttkus and Sorensen,,,,,,,,115164_04,SC JT KL CJW,6/12/2024,NA,41,32,46.4,"EDTA Protocol, CYST.NEH.FINS",6/13/2024,,0,0,0,0,0,0,0,0,0,0,0,0,0,0,0,0,0,1,0,0,0,0,na,0,0,0,na,na,na,0,0,0,0,0,0,na,0,0,0,0,0,0,0,0,0,0,0,0,0,0,0,1,0,0,0,0,0,0,0,0,0,0,0,0,0,0,0,0,0,0,0,0,0,0,0,0,0,0,0,0,0,0,0,0,0,0,0,0,0,0,0,0,1,0,0,0,0,0,0,0,0,0,0,0
,TU,,68175,95,Pimephales vigilax,,,,,,,,,,,,,Pearl River at River Mile 54.23 mi SE at Bogulsa,,,1971,9,25,Suttkus and Gunning,,,,,,,,68175_03,JT GMC,6/13/2024,M,60,46,166.6,,6/13/2024,,0,0,0,0,0,0,0,0,0,0,0,0,0,0,0,0,0,0,0,0,0,0,0,0,5,0,0,0,0,0,0,0,0,0,0,0,0,0,0,10,0,0,0,0,0,0,0,0,0,0,0,0,0,0,0,0,0,0,0,0,0,0,0,0,0,0,0,0,0,0,0,0,0,0,0,0,0,0,0,0,0,0,0,0,0,0,0,15,0,0,0,0,0,0,0,0,0,0,0,0,0,0,0,0
,TU,,178363,183,Pimephales vigilax,,,,,,,,,,,,,Pearl River along left bank opposite mouth of Bogalusa creek,,,1996,4,6,RD and JS Suttkus,,,,,,,,178363_02,JT CLW,6/13/2024,NA,41.5,31,58.8,94 specimens used for random sampling due to size (89 were <30 mm),6/13/2024,,0,0,0,0,0,0,0,0,0,0,0,0,0,0,0,0,0,0,0,0,0,0,na,0,0,0,na,na,na,0,0,0,0,0,na,0,0,0,0,0,0,0,0,0,0,0,0,0,0,0,0,0,0,0,0,0,0,0,0,0,0,0,0,0,0,0,0,0,0,0,0,0,0,0,0,0,0,0,0,0,0,0,0,0,0,0,0,0,0,0,0,0,0,0,0,0,0,0,0,0,0,0,0,0
,TU,,83913,22,Pimephales vigilax,,,,,,,,,,,,,Pearl River just above muth of Coburn Creek,,,1973,10,16,Suttkus and Thompson,,,,,,,,83913_03,JT SC KL,6/12/2024,NA,39,30,39.2,EDTA started,6/13/2024,,0,0,0,0,0,0,0,0,0,0,0,0,0,0,0,0,0,0,0,0,0,0,na,0,0,0,na,na,na,0,0,0,0,0,na,na,0,0,0,1,0,0,0,0,0,0,0,0,0,0,0,0,0,0,0,0,0,0,0,0,1,0,0,0,0,0,0,0,0,0,0,0,0,0,0,0,0,0,0,0,0,0,0,0,0,0,0,1,0,0,0,0,0,0,0,0,0,0,0,0,0,0,0,0
,TU,,30602,220,Pimephales vigilax,,,,,,,,,,,,,Pearl River just above Coburn Cr.,,,1963,10,24,Suttkus and Gunning,,,,,,,,30602_01,IJ DMDM,6/13/2024,F,53,42,49.4,,6/13/2024,,0,0,0,0,0,0,0,0,0,0,0,0,0,0,0,0,0,0,0,0,0,0,0,0,1,0,0,0,0,0,0,0,0,0,0,0,0,0,0,15,0,0,0,0,1,0,0,0,0,0,0,0,0,0,0,0,1,0,0,0,0,0,0,0,0,0,0,18,0,0,0,0,0,0,0,0,0,0,0,0,0,0,0,0,0,0,1,15,0,0,0,0,0,0,0,1,0,0,0,0,0,0,17,0
,TU,,172508,155,Pimephales vigilax,,,,,,,,,,,,,Pearl River along right bank 1.0 mi below LA Hwy 10,,,1995,1,14,RD and JS Suttkus,,,,,,,,172508_02,DJB CLW,6/13/2024,NA,39,30,39.6,dorsal fin broken and incomplete,6/14,,0,0,0,0,0,0,0,0,0,0,0,0,0,0,0,0,0,0,na,0,0,na,na,0,0,0,na,na,na,0,0,0,0,0,na,0,0,0,0,0,0,0,0,0,0,0,0,0,0,0,0,0,0,0,0,0,0,0,0,0,0,0,0,0,0,0,0,0,0,0,0,0,0,0,0,0,0,0,0,0,0,0,0,0,0,0,0,0,0,0,0,0,0,0,0,0,0,0,0,0,0,0,0,0
,TU,,150524,189,Pimephales vigilax,,,,,,,,,,,,,Pearl River along left bank,,,1987,10,29,Suttkus and Caruss,,,,,,,,150524_01,DJB DJB KL,6/13/2024,NA,62,51,204,Only 151 specimens are viable due to the size restrictions,6/14/2024,,0,0,0,0,0,0,0,0,0,0,0,0,0,0,0,0,0,0,0,1,0,0,0,0,0,0,na,0,0,0,0,0,0,0,0,0,0,0,1,1,0,0,0,0,0,0,0,0,0,0,0,0,0,0,0,0,2,0,0,1,0,0,0,0,0,0,0,0,0,0,0,0,0,0,0,0,0,0,1,0,0,0,0,0,0,0,2,0,0,0,0,0,0,0,0,0,0,0,0,0,0,0,0,0
,TU,,150524,189,Pimephales vigilax,,,,,,,,,,,,,Pearl River along left bank,,,1987,10,29,Suttkus and Caruss,,,,,,,,150524_02,IJ KL,6/13/2024,NA,94,72,830.2,CYST.NEH present in fins. only 151 specimens are viable due to the size restrictions,6/14/2024,,0,0,0,0,0,0,0,0,0,0,0,0,0,0,0,0,0,0,0,0,0,0,0,0,0,0,0,0,0,0,0,0,0,0,0,0,0,0,0,0,0,0,0,0,0,0,0,0,0,0,0,0,0,0,0,0,0,0,0,0,0,0,0,0,0,0,0,1,0,0,0,0,0,0,1,0,0,0,0,1,0,0,0,0,0,0,0,0,0,0,0,0,0,0,0,0,0,0,0,0,0,0,1,0
,TU,,150524,189,Pimephales vigilax,,,,,,,,,,,,,Pearl River along left bank,,,1987,10,29,Suttkus and Caruss,,,,,,,,150524_04,DJB KL,6/13/2024,F,51,40,76.2,Liver not taken. Only 151 specimens are viable due to the size restrictions,6/14/2024,,0,1,0,0,0,0,0,0,0,0,0,0,0,0,0,0,0,0,0,0,0,0,0,na,na,na,na,0,0,0,0,0,0,0,0,0,0,0,0,0,0,0,0,0,0,0,0,0,0,1,0,0,0,0,0,0,0,0,0,0,0,0,0,0,0,0,0,0,0,0,0,0,0,0,0,0,0,0,0,0,0,0,0,0,1,0,0,0,0,0,0,0,0,0,0,0,0,0,0,0,0,0,0,0
,TU,,172508,155,Pimephales vigilax,,,,,,,,,,,,,Pearl River along right bank 1.0 mi below LA Hwy 10,,,1995,1,14,RD and JS Suttkus,,,,,,,,172508_03,DJB CLW,6/13/2024,NA,43,33,52.5,Tried to put META.UNK on a slide but lost it,6/14/2024,,0,0,0,0,0,0,0,0,0,0,0,0,0,0,0,0,0,0,1,0,0,0,na,0,0,0,na,na,na,0,0,0,0,0,na,0,0,0,0,0,0,0,0,0,0,0,0,0,0,0,0,0,0,0,0,0,0,0,0,0,0,0,0,0,0,0,0,0,0,0,0,0,0,0,0,0,0,0,0,0,0,0,0,0,0,0,0,0,0,0,0,0,0,0,0,0,0,0,0,0,0,0,0,0
,TU,,115164,41,Pimephales vigilax,,,,,,,,,,,,,Pearl River along left bank just above Pobles Bluff Sill,,,1979,10,25,Suttkus and Sorensen,,,,,,,,115164_02,SC CJW,6/12/2024,NA,36,26,27.9,Started EDTA; CYST.NEH in fins; only 11 fish were large enough for dissection,6/14/2024,,0,0,0,0,0,0,0,0,0,0,0,0,0,0,0,0,0,0,0,0,0,0,na,0,0,0,0,na,na,0,0,0,0,0,0,0,0,0,0,0,0,0,0,0,0,0,0,0,0,0,0,0,0,0,0,0,0,0,0,0,0,0,0,0,0,0,0,0,0,0,0,0,0,0,0,0,0,0,0,0,0,0,0,0,0,0,0,0,0,0,0,0,0,0,0,0,0,0,0,0,0,0,0,0
,TU,,108550,22,Pimephales vigilax,,,,,,,,,,,,,Pearl River,,,1978,7,19,Suttkus ans Sorenson,,,,,,,,108550-03,DJB GMC,6/11/24,M,52,40,156,,6/14/2024,,0,0,0,0,0,0,0,0,0,0,0,0,0,1,0,0,0,0,0,0,0,0,0,0,0,0,na,na,na,0,0,0,0,0,na,0,0,0,0,1,0,0,0,0,0,0,0,0,0,0,0,0,0,0,0,0,0,0,0,0,0,0,0,0,0,1,0,0,0,0,0,0,0,0,0,0,0,0,0,0,0,0,0,0,0,0,0,1,1,0,0,0,0,0,0,0,0,0,0,0,0,0,0,0
,TU,,159966,537,Pimephales vigilax,,,,,,,,,,,,,Pearl River along left bank opposite Coburn Creek,,,1991,1,3,Suttkus and Caruso,,,,,,,,159966_04,SC CLW,6/14/2024,NA,59,51,211.2,Only 211 of lot viable due to size; META.UNKN found in eye socket lost it so couldn't check :( ; MONO.GYRO no eye spots pretty degraded big archors found in flush,6/14/2024,,0,0,0,0,0,0,0,0,0,0,0,0,0,0,0,0,0,0,0,0,0,0,na,0,0,0,0,na,na,0,1,0,0,0,na,0,0,0,0,0,0,0,0,0,0,0,0,0,0,0,0,0,0,0,0,0,0,0,0,0,0,0,0,0,0,0,0,0,0,0,0,0,0,0,0,1,0,0,0,0,0,0,0,0,0,0,0,0,0,0,0,0,0,0,0,0,0,0,0,0,0,0,0,0
,TU,,159966,537,Pimephales vigilax,,,,,,,,,,,,,Pearl River along left bank opposite Coburn Creek,,,1991,1,3,Suttkus and Caruso,,,,,,,,159966_03,IJ KL,6/14/2024,NA,69,53,314.3,Only 211 of the lot viable due to size; CYST.NEH seen in fins,6/14/2024,,0,3,0,0,0,0,0,0,0,0,0,0,0,0,0,0,0,0,0,0,0,0,na,0,0,0,0,0,0,0,0,0,0,0,0,0,0,0,0,1,0,0,0,0,0,0,0,0,0,0,0,0,0,0,0,0,0,0,0,0,1,1,0,0,0,0,0,0,0,0,0,0,0,0,0,0,0,0,0,0,0,0,0,0,0,0,0,1,0,0,0,0,0,1,1,0,3,0,0,0,0,0,0,0
,TU,,178363,183,Pimephales vigilax,,,,,,,,,,,,,Pearl River along left bank opposite mouth of Bogalusa creek,,,1996,4,6,R.D. and J.S. Suttkus,,,,,,,,178363_01,DJB CJW/GMC,6/13/2024,M,38,33,48.5,Only 94 specimen were dissected due to size,6/14/2024,,0,2,0,0,0,0,0,0,0,0,0,0,0,0,0,0,0,0,0,0,0,0,0,0,0,0,na,0,0,0,0,0,0,0,0,0,0,0,0,1,0,0,0,0,0,0,0,0,0,0,0,0,0,0,0,0,0,0,0,0,0,0,0,0,0,0,0,0,0,0,0,0,0,0,0,0,0,0,0,0,0,0,0,0,0,0,0,1,0,0,0,0,0,0,0,0,1,0,0,0,0,0,0,0
,TU,,68175,95,Pimephales vigilax,,,,,,,,,,,,,Pearl River at river mile 54. 23 mi SE of Bogulsa,,,1971,7,25,Suttkus and Gunning,,,,,,,,68175_04,IJ GMC,6/13/2024,M,39,32,53.2,,6/14/24,,0,6,0,0,0,0,0,0,0,0,0,0,0,0,0,0,0,0,0,0,0,0,0,0,0,0,na,na,na,0,0,0,0,0,0,0,0,0,0,0,0,0,0,0,0,0,0,0,0,0,0,0,0,0,0,0,0,0,0,0,0,0,0,0,0,0,0,0,0,0,0,0,0,0,0,0,0,0,0,0,0,0,0,0,0,0,0,0,0,0,0,0,0,0,0,0,2,0,0,0,0,0,0,0
,TU,,40619,34,Pimephales vigilax,,,,,,,,,,,,,Pearl River above coburn creek 1.4mi E of Bogalusa,,,1966,4,22,Suttkus and Gunning,,,,,,,,40619_03,DJB GMC,6/14/2024,NA,71,57,311.7,no parasites :(,6/14/24,,0,0,0,0,0,0,0,0,0,0,0,0,0,0,0,0,0,0,0,0,0,0,0,0,0,0,na,0,0,0,0,0,0,0,0,0,0,0,0,0,0,0,0,0,0,0,0,0,0,0,0,0,0,0,0,0,0,0,0,0,0,0,0,0,0,0,0,0,0,0,0,0,0,0,0,0,0,0,0,0,0,0,0,0,0,0,0,0,0,0,0,0,0,0,0,0,0,0,0,0,0,0,0,0
,TU,,159966,537,Pimephales vigilax,,,,,,,,,,,,,Pearl River along left bank opposite Coburn Creek,,,1991,1,3,Suttkus and Caruso,,,,,,,,159966_01,JT KL,6/14/2024,NA,36,26,28.8,Only 211 in lot viable due to size; CEST.UNK broken 2 heads seen,6/14/2024,,0,0,0,0,0,0,0,0,0,1,1,0,0,0,1,0,0,0,0,0,0,0,na,0,0,1,0,0,0,0,0,0,0,0,0,0,0,0,0,0,0,0,0,0,3,0,0,0,0,0,2,0,0,0,0,0,0,0,0,0,0,0,0,0,3,0,0,0,0,0,0,0,0,0,0,0,0,0,0,0,0,0,0,0,0,2,0,0,1,0,0,0,0,0,0,2,0,0,0,0,0,0,0,0
,TU,,40619,34,Pimephales vigilax,,,,,,,,,,,,,Pearl River just above Coburn Creek 1.4 mi E. of Bogalusa,,,1966,4,22,Suttkus and Gunning,,,,,,,,40619_02,CLW,6/14/2024,NA,48,40,81.3,,6/14/2024,,0,0,0,1,0,0,0,0,0,0,0,0,0,0,0,0,0,0,0,0,0,0,na,0,0,0,na,na,na,0,0,0,0,0,0,0,0,0,0,0,0,0,0,0,0,0,0,0,0,0,0,0,0,0,0,0,0,0,0,0,0,0,0,0,0,0,0,0,0,0,0,0,0,0,0,0,0,0,0,0,0,0,0,0,0,0,0,1,0,0,0,0,0,0,0,0,0,0,0,0,0,0,0,0
,TU,,172508,155,Pimephales vigilax,,,,,,,,,,,,,Pearl River along right bank 1.0 mi below LA Hwy 10,,,1995,1,14,RD and JS Suttkus,,,,,,,,172508_4,SC KL ,6/14/2024,NA,46,36,69.6,,6/14/24,,0,0,0,0,0,0,0,0,0,0,0,0,0,0,0,0,0,0,0,0,0,0,na,0,0,0,0,0,0,0,0,0,0,0,0,0,0,0,0,0,0,0,0,0,0,0,0,0,0,0,0,0,0,0,0,0,0,0,0,0,1,0,0,0,0,0,0,0,0,0,0,0,0,0,0,0,0,0,0,0,0,0,0,0,0,0,0,0,0,0,0,0,0,1,0,0,0,0,0,0,0,0,0,0
,TU,,182476,127,Pimephales vigilax,,,,,,,,,,,,,Pearl River along left bank opposite Coburn Creek,,,1997,4,13,RD and JS Suttkus,,,,,,,,182476_03,SC GMC,6/14/2024,NA,46,37,72.3,of 127 only 119 in lot were viable because of size; CYST.NEH present in fins,6/14/2024,,0,1,0,0,0,0,0,0,0,0,0,0,1,0,0,0,0,0,0,0,0,0,0,0,0,0,0,0,0,0,0,0,0,0,0,0,0,0,0,0,0,0,0,0,0,0,0,0,0,0,0,0,0,0,0,0,0,0,0,0,0,0,0,0,0,0,0,0,0,0,0,0,0,0,0,0,0,0,0,0,0,0,0,0,0,0,0,0,0,0,1,0,0,0,0,0,0,0,0,0,0,0,0,0
,TU,,40619,34,Pimephales vigilax,,,,,,,,,,,,,Pearl River just above Coburn Creek 1.4 mi E. of Bogalusa,,,1966,4,22,Suttkus and Gunning,,,,,,,,40619_04,DJB CLW,6/14/2024,NA,57,41,154.1,,6/14/2024,,0,0,0,0,0,0,0,0,0,0,0,0,0,0,0,0,0,0,0,0,0,0,na,0,0,0,na,0,0,0,0,0,0,0,na,0,0,0,0,0,0,0,0,0,0,0,0,0,0,0,0,0,0,0,0,0,0,0,0,0,0,0,0,0,0,0,0,0,0,0,0,0,0,0,0,0,0,0,0,0,0,0,0,0,0,0,0,0,0,0,0,0,0,0,0,0,0,0,0,0,0,0,0,0
,TU,,150524,189,Pimephales vigilax,,,,,,,,,,,,,Pearl River along left bank,,,1987,10,29,Suttkus and Caruss,,,,,,,,150524_03,SC KL,6/14/2024,NA,54,42,104.9,only 151 specimens in lot were viable due to size restrictions,6/14/2024,,0,0,0,0,0,0,0,0,0,0,0,0,0,0,0,0,0,1,0,0,0,0,na,0,0,0,0,0,0,0,0,0,0,0,0,0,0,0,0,2,0,0,6,0,0,0,0,0,0,0,0,0,0,0,0,0,0,0,0,0,1,0,0,0,0,0,0,0,0,0,0,0,0,0,0,0,0,0,0,0,0,0,0,0,0,0,0,2,0,0,0,0,1,1,0,0,0,0,0,0,0,0,6,0
,TU,,182476,127,Pimephales vigilax,,,,,,,,,,,,,Pearl River along left bank opposite Coburn Creek,,,1997,4,13,RD and JS Suttkus,,,,,,,,182476_04,DJB DMDM GMC,6/13/2023,NA,70,57,393.1,Only 119 Specimen were viable for dissection due to size restriction,6/14/24,,0,0,0,0,0,0,0,0,0,0,0,0,0,0,0,0,0,0,0,0,0,0,na,0,0,0,0,0,0,0,0,0,0,0,0,0,0,0,0,0,0,0,0,0,0,0,0,0,0,0,0,1,0,0,0,0,2,0,0,0,0,0,1,0,0,0,0,0,0,0,0,0,0,0,0,0,0,0,0,0,0,0,0,0,0,0,2,1,0,0,0,0,0,0,0,0,1,0,0,0,0,0,0,0
,TU,,177852,430,Pimephales vigilax,,,,,,,,,,,,,Pearl River along left bank at River Mile 54,,,1996,1,13,RD and JS Suttkus,,,,,,,,177852_01,DJB GMC,6/17/2024,F,40,31,81.2,Only 334 usable in lot due to size; MilliQ started,6/17/2024,,0,0,0,0,0,0,0,0,0,0,0,0,0,0,0,0,0,0,0,0,0,0,0,0,0,0,0,0,0,0,0,0,0,0,na,0,0,0,0,0,0,0,0,0,0,0,0,0,0,0,0,0,0,0,0,0,0,0,0,0,0,0,0,0,0,0,0,0,0,0,0,0,0,0,0,0,0,0,0,0,0,0,0,0,0,0,0,0,0,0,0,0,0,0,0,0,0,0,0,0,0,0,0,0
,TU,,177852,430,Pimephales vigilax,,,,,,,,,,,,,Pearl River along left bank at River Mile 55,,,1996,1,13,RD and JS Suttkus,,,,,,,,177852_02,SC KL,6/17/2024,NA,39,32,49.7,Only 334 usable in lot due to size; MilliQ started; CYST.NEH present in fins; liver and C.T. TREM.MET vouchered separately,6/17/2024,,0,2,0,0,0,0,0,0,0,0,0,0,0,0,0,1,0,0,0,0,0,0,na,0,1,0,0,0,0,0,0,0,0,0,0,0,0,0,0,4,12,0,0,0,0,0,0,0,0,0,0,0,0,0,0,0,0,0,0,0,2,0,0,0,0,0,0,0,0,0,0,0,0,0,0,0,0,0,0,0,0,0,0,0,0,0,12,5,0,0,0,0,0,2,0,0,1,0,0,0,0,0,0,0
,TU,,198296,76,Pimephales vigilax,,,,,,,,,,,,,Pearl River along left bank at River Mile 54,,,2005,2,12,RD and JS Suttkus,,,,,,,,198296_02,SC GMC/CJW,6/17/2024,M,70,59,353.9,"first chose fish >70mm (3 in total for this lot), then had 63 fish in the lot viable due to size and randomly selected from them to get the last fish for sampling; started MilliQ today; TREM.MET in liver and CT were vouchered seperately",6/17/2024,,0,0,0,0,1,0,0,0,0,0,0,0,0,2,0,0,0,0,0,0,0,0,0,0,1,0,0,0,0,0,0,0,0,0,0,0,0,0,0,12,0,0,0,0,0,0,0,0,0,0,0,0,0,0,0,0,0,0,0,0,0,0,0,0,0,0,0,0,0,0,0,0,0,0,0,0,0,0,0,0,0,0,0,0,0,0,0,13,2,0,0,0,0,0,0,0,0,0,0,0,0,0,0,0
,TU,,198296,76,Pimephales vigilax,,,,,,,,,,,,,Pearl River along left bank at River Mile 55,,,2005,2,12,RD and JS Suttkus,,,,,,,,198296_03,SC KL,6/17/2024,NA,70,64,427.8,"first chose fish >70mm (3 in total for this lot), then had 63 fish in the lot viable due to size and randomly selected from them to get the last fish for sampling; started MilliQ today; CYST.NEH seen in fins",6/17/2024,,0,0,0,0,0,0,0,0,0,0,0,0,0,0,0,0,0,0,0,0,0,0,na,0,0,0,0,0,0,0,0,0,0,0,0,0,0,0,0,3,2,0,0,0,0,0,0,0,0,0,0,0,0,0,0,0,2,0,0,0,2,0,0,0,0,0,0,0,0,0,0,0,0,0,0,0,0,0,0,0,0,0,0,0,0,0,4,3,0,0,0,0,0,2,0,0,0,0,0,0,0,0,0,0
,TU,,39293,46,Pimephales vigilax,,,,,,,,,,,,,Pearl river just above Coburn Creek 1.4 mi E. of Bogalusa,,,1965,11,19,Suttkus and Gunning,,,,,,,,39293_01,SC CJW,6/17/2024,NA,64,51,177.7,Started milliq today; only 45 viable in lot due to size; CYST.NP in gills,6/17/2024,,0,0,0,0,0,0,0,0,0,0,0,0,0,0,0,0,0,0,0,0,0,0,na,0,0,0,na,0,1,0,0,0,0,0,0,0,0,0,0,0,0,0,0,0,0,0,0,0,0,0,0,0,0,0,0,0,0,0,0,0,0,0,0,0,0,0,0,0,0,0,0,0,0,0,0,0,0,0,0,0,0,0,0,0,0,0,0,0,0,0,0,0,0,0,0,0,0,0,0,0,0,0,0,0
,TU,,39293,46,Pimephales vigilax,,,,,,,,,,,,,Pearl river just above Coburn Creek 1.4 mi E. of Bogalusa,,,1965,11,19,Suttkus and Gunning,,,,,,,,39293_03,SC CJW,6/17/2024,NA,46,37,59.5,Started milliq today; only 45 viable in lot due to size,6/17/2024,,0,0,0,0,0,0,0,0,0,0,0,0,0,0,0,0,0,0,0,0,0,0,0,0,0,0,na,na,na,0,0,0,0,0,na,0,0,0,0,0,0,0,0,0,0,0,0,0,0,0,0,0,0,0,0,0,0,0,0,0,0,0,0,0,0,0,0,0,0,0,0,0,0,0,0,0,0,0,0,0,0,0,0,0,0,0,0,0,0,0,0,0,0,0,0,0,0,0,0,0,0,0,0,0
,TU,,39293,46,Pimephales vigilax,,,,,,,,,,,,,Pearl river just above Coburn Creek 1.4 mi E. of Bogalusa,,,1965,11,19,Suttkus and Gunning,,,,,,,,39293_04,DJB GMC,6/17/2024,M,57,45,123,Started milliq today; only 45 viable in lot due to size,6/17/2024,,0,0,0,0,0,0,0,0,0,0,0,0,0,0,0,0,0,0,0,0,0,0,0,0,0,0,0,na,na,0,0,0,0,0,na,0,0,0,0,0,0,0,0,0,0,0,0,0,0,0,0,0,0,0,0,0,0,0,0,0,0,0,0,0,0,0,0,0,0,0,0,0,0,0,0,0,0,0,0,0,0,0,0,0,0,0,0,0,0,0,0,0,0,0,0,0,0,0,0,0,0,0,0,0
,TU,,40619,34,Pimephales vigilax,,,,,,,,,,,,,Pearl River just above caburn creek 1.4mi E of Bogalusa,,,1966,4,22,Suttkus and Gunning,,,,,,,,40619_01,SC KL,06/14/2024,NA,49,39,85.4,,06/17/24,,0,0,0,0,0,0,0,0,0,0,0,0,0,0,0,0,0,0,0,0,0,0,na,0,0,0,0,0,0,0,0,0,0,0,0,0,0,0,0,0,0,0,0,0,0,0,0,0,0,0,0,0,0,0,0,0,0,0,0,0,2,0,0,1,0,0,0,1,0,0,0,0,0,0,0,0,0,0,0,0,0,0,0,0,0,0,0,0,0,0,0,0,0,2,0,0,0,0,0,0,0,0,0,0
,TU,,182476,127,Pimephales vigilax,,,,,,,,,,,,,Pearl River along left bank opposite Coburn Creek,,,1997,4,13,RD and JS Suttkus,,,,,,,,182456_01,SC CJW,6/13/2024,NA,36,27,34.9,"Only 119 specimens viable in lot due to size; clear, empty cyst on exterior of intestine",6/17/2024,,0,1,0,0,0,0,0,0,0,0,0,0,0,0,0,0,0,0,0,0,0,0,3,0,0,0,na,0,3,1,0,0,0,1,na,0,0,0,0,0,4,0,0,1,0,0,0,0,1,0,0,0,3,0,0,0,0,0,0,0,0,0,0,0,0,0,0,0,0,0,3,0,0,0,0,0,0,0,0,0,0,0,1,0,0,0,8,0,0,0,0,0,0,0,0,1,0,0,0,0,0,0,0,0
,TU,,159966,537,Pimephales vigilax,,,,,,,,,,,,,Pearl River along left bank opposite Coburn Creek,,,1991,1,3,Suttkus and Caruso,,,,,,,,15966_02,DJB DMDM,6/14/2024,NA,59,42,164.9,Only 211 viable due to size,06/17/2024,,0,0,0,0,0,0,0,0,0,0,0,0,0,0,0,0,0,0,0,0,0,0,na,0,0,0,0,0,0,0,0,0,0,0,0,0,0,0,0,0,0,0,0,0,0,0,0,0,0,,0,0,0,0,0,0,0,0,0,0,0,0,0,0,0,0,0,0,0,0,0,0,0,0,0,0,0,0,0,0,0,0,0,0,0,0,0,0,0,0,0,0,0,0,0,0,0,0,0,0,0,0,0,0
,TU,,39293,46,Pimephales vigilax,,,,,,,,,,,,,Pearl river just above Coburn Creek 1.4 mi E. of Bogalusa,,,1965,11,19,Suttkus and Gunning,,,,,,,,39293_02,DJB GMC,6/17/2024,F ,63,50,154.6,Started Milliq,6/17/2024,,0,0,0,0,0,0,0,0,0,0,0,0,0,0,0,0,0,0,0,0,0,0,0,0,1,0,0,0,0,0,0,0,0,0,na,0,0,0,0,0,0,0,0,0,0,0,0,0,0,0,0,0,0,0,0,0,0,0,0,0,0,0,0,0,0,0,0,0,0,0,0,0,0,0,0,0,0,0,0,0,0,0,0,0,0,0,0,1,0,0,0,0,0,0,0,0,0,0,0,0,0,0,0,0
,TU,,182476,127,Pimephales vigilax,,,,,,,,,,,,,Pearl River along left bank opposite Coburn Creek,,,1997,4,13,RD and JS Suttkus,,,,,,,,182476_02,SC SC/CJW,6/13/2024,NA,41,32,48.5,"Only 119 specimens viable in lot due to size; clear, CYST.NEH in fins; liver parasite in tube labelled ""P.""",6/14/2024,,0,5,0,0,0,0,0,0,0,0,0,0,0,0,0,0,0,1,0,0,0,0,na,0,2,0,0,na,na,na,0,0,0,0,na,0,1,0,0,2,0,0,0,0,1,1,0,0,0,0,0,0,0,0,0,0,2,0,0,0,0,0,0,0,0,0,0,0,0,0,0,0,1,0,0,0,0,0,0,0,0,0,0,0,0,0,2,2,0,1,0,0,1,0,0,0,0,0,0,0,0,0,0,0
,TU,,198296,76,Pimephales vigilax,,,,,,,,,,,,,Pearl River along left bank at river mile 54,,,2005,2,12,RD and JS Suttkus,,,,,,,,198296_01,DJB KL CJW ,06/17/2024,F,54,44,143.3,"Total number is 66, we are using miliq water, CYST.NEH in fins",6/17/2024,,0,0,0,0,0,0,0,0,0,0,0,0,0,0,0,0,0,0,0,0,0,0,0,0,0,0,na,0,0,0,0,0,0,0,0,0,0,0,0,0,0,0,0,0,0,0,0,0,0,0,0,1,0,0,0,22,0,0,0,0,0,0,0,0,0,0,0,0,0,0,0,0,0,0,0,0,0,0,0,0,22,0,0,0,0,0,0,1,0,0,0,0,0,0,0,0,0,0,0,0,0,0,0,0
,TU,,172508,155,Pimephales vigilax,,,,,,,,,,,,,Pearl River along right bank 1.0 mi below LA HWY 10,,,1995,1,14,RD and JS Suttkus,,,,,,,,172508_01,SC GMC,06/13/2024,F,39,31,55.4,,6/17/2024,,0,0,0,0,0,0,0,0,0,0,0,0,0,0,0,0,0,0,0,0,0,0,0,0,0,0,0,na,na,na,0,0,0,0,na,0,0,0,0,1,3,1,0,0,0,0,1,0,0,0,0,0,0,0,0,0,0,0,0,0,1,0,0,0,0,1,0,0,0,0,1,0,0,0,0,0,0,0,0,0,0,0,0,0,0,0,4,1,0,0,0,0,1,1,0,0,0,0,0,0,0,0,0,0
,TU,,198296,76,Pimephales vigilax,,,,,,,,,,,,,Pearl River along left bank at river mile 54,,,2005,2,12,RD and JS Suttkus,,,,,,,,198296_04,JT DMDM,6/17/2024,NA,73,58,380.8,"first chose fish >70mm (3 in total for this lot), then had 63 fish in the lot viable due to size and randomly selected from them to get the last fish for sampling; started MilliQ today",6/17/2024,,0,0,0,0,0,0,2,0,0,0,0,0,0,0,0,0,0,0,0,0,0,0,na,0,1,0,0,0,0,0,0,0,0,0,0,0,0,0,0,0,0,0,0,0,0,0,0,0,0,0,0,0,0,0,0,0,0,0,0,0,0,0,0,0,0,0,0,0,0,0,1,0,0,2,0,0,0,0,0,0,0,0,0,0,0,0,1,1,2,0,0,1,0,0,0,0,0,0,0,0,0,0,0,0
,TU,,177852,430,Pimephales vigilax,,,,,,,,,,,,,Pearl Rver along left bank at River Mile 54,,,1996,1,13,RD and JS Suttkus,,,,,,,,177852_03,DJB KL,06/17/2024,NA,35,28,50.4,"Only 334 useable, MilliQ",6/17/2024,,0,5,0,0,0,0,0,0,0,0,0,0,0,0,0,0,0,0,0,0,0,0,na,0,0,0,0,0,0,0,0,0,0,0,0,0,0,0,0,1,15,0,0,0,0,0,0,0,0,0,0,0,0,0,0,0,0,0,0,0,0,0,0,0,0,0,0,0,0,0,0,0,0,0,0,0,0,0,0,0,0,0,0,0,0,0,13,1,0,0,0,0,0,0,0,0,3,0,0,0,0,0,0,0
,TU,,138233,74,Pimephales vigilax,,,,,,,,,,,,,Pearl River along left bank,,,1984,10,19,Suttkus and Goodfellow,,,,,,,,138233_01,SC CLW,6/17/2024,NA,50,41,103.8,insect wings and other parts in gut,6/17/2024,,0,0,0,0,0,0,0,0,0,0,0,0,0,0,0,0,0,0,0,0,0,0,na,0,0,0,na,na,na,na,0,0,0,0,0,0,0,0,0,0,0,0,0,0,0,0,0,0,0,0,0,0,0,0,0,0,0,0,0,0,0,0,0,0,0,0,0,0,0,0,0,0,0,0,0,0,0,0,0,0,0,0,0,0,0,0,0,0,0,0,0,0,0,0,0,0,0,0,0,0,0,0,0,0
,TU,,138233,74,Pimephales vigilax,,,,,,,,,,,,,Pearl River along left bank,,,1984,10,19,Suttkus and Goodfellow,,,,,,,,138233_02,SC DMDM,6/17/2024,F,52,41,117,,6/17/2024,,0,0,0,0,0,0,0,0,0,0,0,0,0,0,0,0,0,0,0,0,0,0,0,0,2,0,0,0,0,0,0,0,0,0,0,0,0,0,0,6,0,0,0,0,0,0,0,0,0,0,0,0,0,0,0,0,0,0,0,0,0,0,0,0,0,0,0,0,1,0,0,0,0,0,0,0,0,0,0,0,0,0,0,0,0,0,0,8,0,0,0,0,0,0,0,0,0,0,0,0,0,0,0,1
,TU,,53048,17,Pimephales vigilax,,,,,,,,,,,,,Pearl River just above Coburn Creek 1.5 mi E of Bogalusa,,,1968,7,18,"Suttkus, Laska, Remington",,,,,,,,53048_02,DJB CJW,6/17/2024,NA,67,55,285.3,MilliQ started; CYST.NEH in fins; CYST.UNK in gills small and golden,6/17/2024,,0,0,0,0,0,0,0,0,0,0,0,0,0,0,0,0,0,0,0,0,0,0,na,0,0,0,na,0,0,0,0,0,0,0,na,0,0,0,0,0,0,0,0,0,0,0,0,0,0,0,0,0,0,0,0,0,0,0,0,0,0,0,0,0,0,0,0,1,0,0,0,0,0,0,0,0,0,0,0,0,0,0,0,0,0,0,0,0,0,0,0,0,0,0,0,0,0,0,0,0,,0,0,0
,TU,,53048,17,Pimephales vigilax,,,,,,,,,,,,,Pearl River just above Coburn Creek 1.5 mi E of Bogalusa,,,1968,7,18,"Suttkus, Laska, Remington",,,,,,,,53048_04,SC KL,6/17/2024,NA,58,47,164.4,MilliQ started,6/17/2024,,0,0,0,0,0,0,0,0,0,0,0,0,0,0,0,0,0,0,0,0,0,0,na,0,0,0,0,0,0,0,0,0,0,0,0,0,0,0,0,0,0,0,1,0,0,0,0,0,0,0,0,0,0,0,0,0,0,0,0,0,0,0,0,0,0,0,0,0,0,0,0,0,0,0,0,0,0,0,0,0,0,0,0,0,0,0,0,0,0,0,0,0,0,0,0,0,0,0,0,0,0,0,1,0
,TU,,177852,430,Pimephales vigilax,,,,,,,,,,,,,Pearl River along left bank at River Mile 54,,,1996,1,13,RD and JS Suttkus,,,,,,,,177852_04,SC GMC,6/17/2024,NA,36,28,31.2,Only 334 fish viable in lot due to size; started MilliQ,6/17/2024,,0,0,0,0,0,0,0,0,0,0,0,0,0,0,0,0,0,0,0,0,0,0,0,0,0,0,0,0,0,0,0,0,0,0,0,0,0,0,0,0,0,0,0,0,0,0,0,0,0,0,0,0,0,0,0,0,0,0,0,0,0,0,0,0,0,0,0,0,0,0,0,0,0,0,0,0,0,0,0,0,0,0,0,0,0,0,0,0,0,0,0,0,0,0,0,0,0,0,0,0,0,0,0,0
,TU,,53048,17,Pimephales vigilax,,,,,,,,,,,,,Pearl River just above Coburn Creek 1.5 mi E of Bogalusa,,,1968,7,18,"Suttkus, Laska, Remington",,,,,,,,53048_03,SC DMDM,6/17/2024,F,53,43,132.5,MilliQ started,6/17/2024,,0,0,0,0,0,0,0,0,0,0,0,0,0,0,0,0,0,0,0,0,0,0,0,0,0,0,0,0,0,0,0,0,0,0,0,0,0,0,0,0,0,0,0,0,0,0,0,0,0,0,0,0,0,0,0,0,0,0,0,0,0,0,0,0,0,0,0,0,0,0,0,0,0,0,0,0,0,0,0,0,0,0,0,0,0,0,0,0,0,0,0,0,0,0,0,0,0,0,0,0,0,0,0,0
,TU,,,,Pimephales vigilax,,,,,,,,,,,,,,,,,,,,,,,,,,,,,,,,,,,,,,,,,,,,,,,,,,,,,,,,,,,,,,,,,,,,,,,,,,,,,,,,,,,,,,,,,,,,,,,,,,,,,,,,,,,,,,,,,,,,,,,,,,,,,,,,,,,,,,,,,,,,
,TU,,,,Pimephales vigilax,,,,,,,,,,,,,,,,,,,,,,,,,,,,,,,,,,,,,,,,,,,,,,,,,,,,,,,,,,,,,,,,,,,,,,,,,,,,,,,,,,,,,,,,,,,,,,,,,,,,,,,,,,,,,,,,,,,,,,,,,,,,,,,,,,,,,,,,,,,,
,TU,,,,Pimephales vigilax,,,,,,,,,,,,,,,,,,,,,,,,,,,,,,,,,,,,,,,,,,,,,,,,,,,,,,,,,,,,,,,,,,,,,,,,,,,,,,,,,,,,,,,,,,,,,,,,,,,,,,,,,,,,,,,,,,,,,,,,,,,,,,,,,,,,,,,,,,,,
,TU,,,,Pimephales vigilax,,,,,,,,,,,,,,,,,,,,,,,,,,,,,,,,,,,,,,,,,,,,,,,,,,,,,,,,,,,,,,,,,,,,,,,,,,,,,,,,,,,,,,,,,,,,,,,,,,,,,,,,,,,,,,,,,,,,,,,,,,,,,,,,,,,,,,,,,,,,
,TU,,,,Pimephales vigilax,,,,,,,,,,,,,,,,,,,,,,,,,,,,,,,,,,,,,,,,,,,,,,,,,,,,,,,,,,,,,,,,,,,,,,,,,,,,,,,,,,,,,,,,,,,,,,,,,,,,,,,,,,,,,,,,,,,,,,,,,,,,,,,,,,,,,,,,,,,,
,TU,,,,Pimephales vigilax,,,,,,,,,,,,,,,,,,,,,,,,,,,,,,,,,,,,,,,,,,,,,,,,,,,,,,,,,,,,,,,,,,,,,,,,,,,,,,,,,,,,,,,,,,,,,,,,,,,,,,,,,,,,,,,,,,,,,,,,,,,,,,,,,,,,,,,,,,,,