CatalogNumber,IndividualFishID,IndividualCount,ScientificName,Latitude,Longitude,Locality,YearCollected,MonthCollected,DayCollected,Collector,Dissector,DissectionDate,TotalLength_mm,StandardLength_mm,weight_mg,Sex,Date_datasheet_complete,Notes,TREM.LARV.Skin,MYX.S.SKIN,MYX.F.SKIN,CYST.UNK.SKIN,COPE.HNY.SKIN,BuccalCavity,BodyCavity,TREM.LARV.PectoralFin,MYX.F.PECTORALFIN,MYX.F.PELVICFIN,MYX.F.ANALFIN,MYX.F.CAUDALFIN,MYX.F.DORSALFIN,CYST.B.PECTORALFIN,CYST.UNK.PELVIC,TREM.LARV.PelvicFin,MYX.F.PELVICFIN,TREM.LARV.AnalFin,MYX.F.ANALFIN,TREM.LARV.CaudalFin,META.UNK.CAUDALFIN,MYX.F.CAUDALFIN,MYX.F.DorsalFin,CILLIATE.FU.PectoralFin,Gonad,Liver,Spleen,MYX.KL.Kidney,meta.unk.eye,MYX.E.EYE,Heart,MYX.CM.GALLBLADDER,MYX.GM.Gallbladder,myx.bna.gallbladder,MYX.UNK.SWIMBLADDER,CEST.MEGAN.STOMACH,NEM.B.STOMACH,NEM.LARV.STOMACH,NEM.CER.Stomach,CEST.ARCH.INTESTINE,CEST.WS.INTESTINE,CEST.TRI.INTESTINE,CEST.MEGAN.INTESTINE,CEST.UNK.INTESTINE,NEM.AM.INTESTINE,NEM.B.INTESTINE,nem.ooh.intestine,NEM.CER.INTESTINE,NEM.CERL.INTESTINE,NEM.CTR.INTESTINE,NEM.UNK.Intestine,TREM.SEP.INTESTINE,TREM.ORS.INTESTINE,TREM.CV.INTESTINE,META.UNK.INTESTINE,CYST.DE.INTESTINE,CYST.UNKN.Intestine,meta.unk.connectivetissues,CYST.UNKN.ConnectiveTissue,MYX.G.GILL,MYX.E.GILL,COPE.HNY.GILL,CILIATE.FU.GILL,CYST.UNKN.Gill,MONO.NID.Flush,Myx.g.Flush,CILIATE.VOUCH,CEST.ARCH.VOUCH,CEST.WS.VOUCH,CEST.TRI.VOUCH,CEST.MEGAN.VOUCH,CEST.UNK.VOUCH,COPE.HNY.VOUCH,NEM.AM.VOUCH,NEM.B.VOUCH,nem.ooh.vouch,NEM.CER.VOUCH,NEM.CERL.VOUCH,NEM.CTR.VOUCH,NEM.UNK.VOUCH,META.UNK.VOUCH,TREM.SEP.VOUCH,TREM.ORS.VOUCH,TREM.CV.VOUCH,TREM.LARV.SKIN.VOUCH,TREM.LARV.FIN.VOUCH,TREM.SEP.VOUCH,MONO.NID.VOUCH,MYX.E.VOUCH,MYX.GM.VOUCH,MYX.KL.VOUCH,MYX.S.VOUCH,MYX.BNA.VOUCH,MYX.G.VOUCH,MYX.CM.VOUCH,MYX.F.VOUCH,CYST.DE.VOUCH,CYST.UNKN.VOUCH,CEST.ARCH.MOUNT,CEST.WS.MOUNT,CEST.TRI.MOUNT,CEST.MEGAN.MOUNT,TREM.CV.MOUNT
112555,112555_01,20,Carpiodes velifer,30.74472,-89.82528,Pearl River along left bank 1.75 mi. below Richardson Landing.,1979,4,20,P. Sorensen & S.O. Rohmann,KL,07/15/2023,50,36,,NA,,,0,0,0,0,0,0,0,0,0,0,0,0,0,0,0,1,0,1,0,0,0,0,0,0,0,0,na,0,0,0,0,na,na,na,0,0,0,0,0,0,0,0,0,0,0,0,0,0,0,,0,0,0,0,0,0,1,0,0,0,0,0,0,1,0,0,0,0,0,0,0,0,0,0,0,0,0,0,,0,0,0,0,0,0,0,0,0,0,0,0,0,0,NA,0,0,0,2,0,0,0,0,0
112555,112555_02,20,Carpiodes velifer,30.74472,-89.82528,Pearl River along left bank 1.75 mi. below Richardson Landing.,1979,4,20,P. Sorensen & S.O. Rohmann,KL,07/15/2023,60,44,,NA,,,0,0,0,0,0,0,0,1,0,0,0,0,0,0,0,0,0,0,0,4,0,0,0,0,0,0,na,0,0,0,0,na,na,na,0,0,0,0,0,0,0,0,0,0,1,0,0,0,0,,0,0,0,1,0,0,0,0,0,0,0,0,0,12,0,0,0,0,0,0,0,0,0,1,0,0,0,0,,0,0,0,0,0,0,0,0,0,0,0,0,0,0,NA,0,0,0,2,0,0,0,0,1
33237,33237_01,,Carpiodes velifer,,,,1964,6,11,,KL,08/29/2023,76,55,,na,,,2,0,0,0,0,0,0,0,0,0,0,0,0,0,0,0,0,2,0,2,0,0,0,0,0,0,na,0,0,0,0,na,na,na,0,0,0,0,0,0,0,0,0,0,0,0,0,0,0,,0,0,0,0,0,0,0,0,7,0,0,0,0,0,0,0,0,0,0,0,0,0,0,0,0,0,0,0,,0,0,0,0,0,1,2,0,0,0,0,0,0,0,NA,0,0,0,6,0,0,0,0,0
159136,159136_01,22,Carpiodes velifer,,,,1990,10,19,Suttkus and Caruso,KL,08/30/2023,60,45,,na,,,0,0,0,0,0,0,0,0,0,0,0,0,0,0,0,0,0,0,0,0,0,0,0,0,0,0,na,0,0,0,0,na,na,na,0,0,0,0,0,0,0,0,0,0,0,0,0,0,0,,0,0,0,0,0,0,0,0,0,0,0,0,0,27,0,0,0,0,0,0,0,0,0,0,0,0,0,0,,0,0,0,0,0,0,0,0,0,0,0,0,0,0,NA,0,0,0,0,0,0,0,0,0
159136,159136_02,22,Carpiodes velifer,,,,1990,10,19,Suttkus and Caruso,CW,08/30/2023,58,44,,NA,,,0,0,0,0,0,0,0,0,0,0,0,0,0,0,0,0,0,0,0,0,0,0,0,0,0,0,na,0,0,0,0,na,na,na,0,0,0,0,0,0,0,0,0,0,0,0,0,0,0,,0,0,0,0,0,0,0,0,0,0,0,0,0,0,0,0,0,0,0,0,0,0,0,0,0,0,0,0,,0,0,0,0,0,0,0,0,0,0,0,0,0,0,NA,0,0,0,0,0,0,0,0,0
169777,169777_03,19,Carpiodes velifer,,,,1994,4,9,sUTTKUS AND sUTTKUS,sd dm,02/20/24,31,27,,NA,,,0,0,0,0,0,0,0,0,0,0,0,0,0,0,0,0,0,0,0,0,0,0,0,0,0,0,na,0,0,0,0,na,na,na,0,0,0,0,0,0,0,0,0,0,0,0,0,0,0,,0,0,0,0,0,0,0,0,0,0,0,0,0,0,0,0,0,0,0,0,0,0,0,0,0,0,0,0,,0,0,0,0,0,0,0,0,0,0,0,0,0,0,NA,0,0,0,0,0,0,0,0,0
169777,169777_04,19,Carpiodes velifer,,,,1994,4,9,sUTTKUS AND sUTTKUS,sd dm,02/20/24,44,31,,na,,,0,2,0,0,0,0,0,0,0,0,0,0,0,0,0,0,0,0,0,0,0,0,0,0,0,0,na,0,0,0,0,na,na,na,0,0,0,0,0,0,0,0,0,0,0,0,0,0,0,,0,0,0,0,0,0,0,0,0,0,0,0,0,0,0,0,0,0,0,0,0,0,0,0,0,0,0,0,,0,0,0,0,0,0,0,0,0,0,0,0,0,0,NA,0,2,0,0,0,0,0,0,0
169777,169777_01,19,Carpiodes velifer,,,,1994,4,9,sUTTKUS AND sUTTKUS,SD KL,02/20/2024,61,46,,NA,,,0,0,0,0,0,0,0,0,9,0,0,0,0,3,0,0,0,0,0,0,0,1,0,0,0,0,na,0,0,0,0,na,na,na,0,0,0,0,0,0,0,0,0,0,0,3,0,1,0,,0,0,0,0,0,0,0,0,0,0,0,0,0,0,0,0,0,0,0,0,0,0,0,0,2,0,1,0,,0,0,0,0,0,0,0,0,0,0,0,0,0,0,NA,0,4,0,0,0,0,0,0,0
159136,159136_03,22,Carpiodes velifer,,,,1990,10,19,Suttkus and Caruso,kl,03/06/2024,55,41,,na,,,0,0,0,0,0,0,0,0,0,0,0,0,0,0,0,0,0,0,0,0,0,0,0,0,0,0,na,0,0,0,0,na,na,na,0,0,0,0,0,0,0,0,0,0,0,0,0,0,0,,0,0,0,0,0,0,0,0,0,10,0,0,0,0,0,0,0,0,0,0,0,0,0,0,0,0,0,0,,0,0,0,0,0,0,0,0,0,0,0,0,0,0,NA,0,1,0,0,0,0,0,0,0
169777,1169777_02,19,Carpiodes velifer,,,,1994,4,9,sUTTKUS AND sUTTKUS,SD CJW,02/20/2024,48,30,,NA,,,0,0,0,0,0,0,0,0,0,0,0,0,0,0,0,0,1,0,0,0,0,0,0,0,0,0,na,0,0,0,0,na,na,na,0,0,0,0,0,0,1,0,0,0,0,0,0,0,0,,0,0,0,0,0,0,0,0,0,0,0,0,0,0,0,0,0,0,0,0,0,0,0,0,0,0,0,0,,0,0,0,0,0,0,0,0,0,0,0,0,0,0,NA,0,0,0,0,0,1,0,0,0
159136,159136_04,22,Carpiodes velifer,,,,1990,10,19,Suttkus and Caruso,KL GMC,03/06/2024,54,41,,NA,,,0,0,0,0,0,0,0,0,0,0,0,0,0,0,0,0,0,0,0,0,0,0,0,0,0,0,na,0,0,0,0,na,na,na,0,0,0,0,0,0,0,0,0,0,0,0,0,0,0,,0,0,0,0,0,0,0,0,0,46,0,0,0,0,0,0,0,0,0,0,0,0,0,0,0,0,0,0,,0,0,0,0,0,0,0,0,0,0,0,0,0,0,NA,0,40,0,0,0,0,0,0,0
31117,31117_02,9,Carpiodes velifer,,,,1963,4,27,Suttkus and Gurring,kl DD,03/12/2024,38,28,,na,,,0,0,0,0,0,0,0,0,0,0,0,0,0,0,0,0,0,0,0,0,0,0,0,0,na,0,na,na,0,0,na,na,na,na,0,0,0,0,0,0,0,0,0,0,0,0,0,0,0,,0,0,0,0,1,0,0,0,0,336,0,0,0,0,0,0,0,0,0,0,0,0,0,0,0,0,0,0,,0,0,0,0,0,0,0,0,0,0,0,0,0,0,NA,0,NA,0,0,0,0,0,0,0
31117,31117_01,9,Carpiodes velifer,,,,1963,4,27,Suttkus and Gurring,KL CJW,03/12/2024,41,31,,NA,,,0,0,0,0,0,0,0,0,0,0,0,0,0,0,0,0,0,0,0,0,0,0,0,0,0,0,na,0,0,0,0,na,na,na,0,0,0,0,0,0,0,0,1,0,0,1,0,0,0,,0,0,0,0,0,0,0,0,0,424,0,0,0,0,0,0,0,0,0,0,1,0,0,0,0,0,0,0,,0,0,0,0,0,0,0,0,0,0,0,0,0,0,NA,0,424,0,0,0,0,0,0,0
33237,33237_02,5,Carpiodes velifer,,,,1964,6,11,Suttkus and Gurring,kl dd gmc,03/20/2024,47,36,,na,,,0,0,0,0,0,0,0,0,0,0,0,0,0,0,0,0,0,0,0,0,0,0,0,0,0,0,na,0,0,0,0,na,na,na,0,0,0,0,0,3,0,0,0,0,0,0,0,0,0,,0,0,0,0,0,0,0,0,0,0,0,0,0,0,0,0,0,2,0,0,0,0,0,0,0,0,0,0,,0,0,0,0,0,0,0,0,0,0,0,0,0,0,NA,0,0,0,0,1,0,0,0,0
31117,31117_03,9,Carpiodes velifer,,,,1963,4,27,Suttkus and Gurring,kl gmc dd,03/12/2024,62,45,,na,,,0,0,0,0,0,0,0,0,0,0,0,0,0,0,0,0,0,0,0,0,0,0,0,0,0,0,na,0,0,0,0,na,na,na,0,0,0,0,0,0,0,0,0,0,0,0,0,0,0,,0,1,0,0,0,0,0,0,0,22,0,0,0,0,0,0,0,0,0,0,0,0,0,0,0,0,0,0,,0,0,1,0,0,0,0,0,0,0,0,0,0,0,19,0,0,0,0,0,0,0,0,0
31117,31117_04,9,Carpiodes velifer,,,,1963,4,27,Suttkus and Gurring,KL,03/12/2024,42,30,,NA,,,0,0,0,0,0,0,0,0,0,0,0,0,0,0,0,0,0,0,0,0,0,0,0,0,0,0,na,0,0,0,0,na,na,na,0,0,0,0,0,0,0,0,0,0,0,0,0,0,0,,0,0,0,0,0,0,0,0,0,399,0,0,0,0,0,0,0,0,0,0,0,0,0,0,0,0,0,0,,0,0,0,0,0,0,0,0,0,0,0,0,0,0,390,0,0,0,0,0,0,0,0,0
134748,134748_01,11,Carpiodes velifer,,,,1984,4,26,Suttkus & J,kl,03/13/2024,53,38,,na,,,0,0,0,0,0,0,0,0,1,0,0,0,0,0,0,0,0,0,3,0,0,0,0,0,0,0,na,0,0,0,0,na,na,na,0,0,0,0,0,0,0,0,0,0,0,0,0,3,0,,0,0,0,0,0,0,0,0,0,2,0,0,0,0,0,0,0,0,0,0,0,0,0,0,0,0,3,0,,0,0,0,0,0,0,0,0,0,0,0,0,0,0,2,0,0,0,0,0,0,0,0,0
134748,134748_02,11,Carpiodes velifer,,,,1984,4,26,Suttkus & J,KL GC,03/13/2024,48,35,,na,,,0,0,0,0,0,0,0,0,0,0,0,0,0,0,0,0,0,0,0,0,0,0,0,0,0,0,na,0,0,0,0,na,na,na,0,0,0,0,3,0,0,0,0,0,0,0,0,0,0,,0,0,0,0,0,0,1,0,0,17,0,0,0,0,0,0,0,0,0,0,0,0,0,0,0,0,2,0,,0,0,0,0,0,0,0,0,0,0,0,0,0,0,16,0,0,0,0,0,0,0,0,0
134748,134748_03,11,Carpiodes velifer,,,,1984,4,26,Suttkus & J,kl cjw,03/13/2024,58,46,,na,,,0,0,0,0,0,0,0,0,6,0,0,0,0,0,0,0,1,0,2,0,0,90,0,0,0,0,na,0,0,0,0,na,na,na,0,0,0,0,0,0,0,1,0,0,0,0,0,0,0,,0,0,0,0,0,0,0,0,0,87,0,0,0,0,0,1,0,0,0,0,0,0,0,0,0,0,0,0,,0,0,0,0,0,0,0,0,0,0,0,0,0,0,37,0,0,0,0,0,0,1,0,0
159147,159147_01,10,Carpiodes velifer,,,,1990,10,19,Suttkus and Caruso,kl,03/19/2024,50,37,,na,,,0,0,0,0,0,0,0,0,0,0,0,0,0,0,0,0,0,0,0,0,0,0,0,0,0,0,na,0,0,0,0,na,na,na,0,0,2,0,0,0,0,0,1,0,0,2,0,0,0,,0,0,0,0,0,2,0,0,0,68,0,0,0,0,0,0,0,0,0,0,1,0,0,0,0,0,0,0,,0,0,0,0,0,0,0,0,0,0,0,0,0,0,0,0,0,1,0,0,0,0,0,0
159147,159147_04,10,Carpiodes velifer,,,,1990,10,19,Suttkus and Caruso,KL CJW,03/19/2024,43,32,,NA,,,0,0,0,0,0,0,0,0,0,0,0,0,0,0,0,0,0,0,0,0,0,0,0,0,0,0,na,0,0,0,0,na,na,na,0,1,6,0,0,0,0,0,0,0,0,0,0,0,0,,0,0,0,0,0,0,0,0,0,13,0,0,0,0,0,0,0,0,0,0,1,0,0,0,0,0,0,0,,0,0,0,0,0,0,0,0,0,0,0,0,0,0,0,0,0,0,0,0,0,0,0,0
159147,159147_03,10,Carpiodes velifer,,,,1990,10,19,Suttkus and Caruso,KL CJW,03/19/2024,37,28,,NA,,,0,0,0,0,0,0,0,0,0,0,0,0,0,0,0,0,0,0,0,0,0,0,0,0,0,0,na,0,0,0,0,na,na,na,0,0,0,0,0,0,0,0,0,0,0,0,0,3,0,,0,0,0,0,0,0,0,0,0,114,0,0,0,0,0,0,0,0,0,0,0,0,0,0,0,0,3,0,,0,0,0,0,0,0,0,0,0,0,0,0,0,0,0,0,0,0,0,0,0,0,0,0
112555,112555_04,20,Carpiodes velifer,,,,1979,4,20,Sovensen and Rohnann,sd kl,03/26/2024,37,26,,na,,,0,0,0,0,0,0,0,0,0,0,0,0,0,0,0,0,0,0,1,0,0,0,0,0,0,0,na,0,0,0,0,na,na,na,0,0,0,0,0,0,0,0,2,0,0,0,0,0,0,,0,0,0,0,0,0,0,0,0,2,0,0,0,0,0,0,0,0,0,0,1,0,0,0,0,0,0,0,,0,0,0,0,0,0,0,0,0,0,0,0,0,0,0,0,0,0,0,0,0,0,1,0
112555,112555_03,20,Carpiodes velifer,,,,1979,4,20,Sovensen and Rohnann,sd kl,03/26/2024,41,32,,na,,,0,0,0,0,0,0,0,0,0,0,0,0,0,0,0,0,0,0,0,0,0,5,0,0,0,0,na,0,0,0,0,na,na,na,0,0,0,0,0,0,0,0,0,0,0,0,0,0,0,,0,0,0,0,0,0,0,0,0,1,0,0,0,0,0,0,0,0,0,0,0,0,0,0,0,0,0,0,,0,0,0,0,0,0,0,0,0,0,0,0,0,0,1,0,0,0,0,0,0,0,0,0
123322,123322_01,14,Carpiodes velifer,,,,1981,10,22,Suttkus and Rohmann,kl,03/27/2024,34,26,,na,,,0,0,0,0,0,0,0,0,0,0,0,0,0,0,0,0,0,0,0,0,0,0,0,0,0,0,na,0,0,0,0,na,na,na,0,0,0,0,0,0,0,0,0,0,0,0,0,0,0,,0,0,0,0,0,0,0,0,0,57,0,0,0,0,0,0,0,0,0,0,0,0,0,0,0,0,0,0,,0,0,0,0,0,0,0,0,0,0,0,0,0,0,0,0,0,0,0,0,0,0,0,0
123322,123322_04,14,Carpiodes velifer,,,,1981,10,22,Suttkus and Rohmann,ht kl,03/25/2024,43,34,,na,,,0,0,0,0,0,0,0,0,0,0,0,0,0,0,0,0,0,0,0,0,0,0,0,0,0,0,na,0,0,0,0,na,na,na,0,0,0,0,0,0,0,0,0,0,0,10,0,0,0,,0,0,0,0,0,0,0,0,0,90,0,0,0,0,0,0,0,0,0,0,0,0,0,0,1,0,0,0,,0,0,0,0,0,0,0,0,0,0,0,0,0,0,0,0,0,0,0,0,0,0,0,0
123322,123322_03,14,Carpiodes velifer,,,,1981,10,22,Suttkus and Rohmann,ht kl,03/25/2024,35,24,,na,,,0,0,0,0,0,0,0,0,0,0,0,0,0,0,0,0,0,0,0,0,0,0,0,0,0,0,na,0,0,0,0,na,na,na,0,0,0,0,0,0,0,0,0,0,0,0,0,0,0,,0,0,0,0,0,0,0,0,0,104,0,0,0,0,0,0,0,0,0,0,0,0,0,0,0,0,0,0,,0,0,0,0,0,0,0,0,0,0,0,0,0,0,39,0,0,0,0,0,0,0,0,0
123322,123322_02,14,Carpiodes velifer,,,,1981,10,22,Suttkus and Rohmann,ht kl,03/25/2024,33,23,,na,,,0,0,0,0,0,0,0,0,0,0,0,0,0,0,0,0,0,0,0,0,1,0,0,0,0,0,na,0,0,0,0,na,na,na,0,0,0,0,0,0,0,0,0,0,0,0,0,0,0,,0,0,0,0,0,0,0,0,0,50,0,0,0,0,0,0,0,0,0,0,0,0,0,0,0,0,0,0,,0,1,0,0,0,0,0,0,0,0,0,0,0,0,23,0,0,0,0,0,0,0,0,0
134748,134748_04,11,Carpiodes velifer,,,,1984,4,26,SUTTKUS AND,KL,09/19/2024,47,34,,NA,,,0,5,0,0,0,0,0,0,0,0,0,0,0,0,0,0,4,0,4,0,0,9,5,0,0,0,na,0,0,0,0,na,na,na,0,0,0,0,0,0,0,0,0,0,0,0,0,0,0,,0,0,0,0,3,0,0,0,0,5,0,0,0,0,0,0,0,0,0,0,0,0,0,0,0,0,0,0,,0,3,0,0,0,0,0,0,0,0,0,0,5,0,0,0,0,0,0,0,0,0,0,0
159147,159147_02,10,Carpiodes velifer,,,,1990,10,19,Suttkus and Caruso,KL GMC DD,03/19/2024,56,41,,NA,,,0,0,0,0,0,0,0,0,0,0,0,0,0,0,0,0,0,0,0,0,0,0,0,0,0,0,na,0,0,0,0,na,na,na,0,0,0,26,0,0,0,0,0,0,0,0,0,31,55,,0,0,0,0,0,0,0,0,0,5,0,0,0,0,0,0,0,0,0,0,0,0,0,0,0,0,7,16,,0,0,0,0,0,0,0,0,0,0,0,0,0,0,5,0,0,0,0,0,0,0,0,0
152917,152917_04,22,Carpiodes velifer,,,Along right bank .5 mi below richardson landry,1988,7,21,Suttkus and Caruso,sc djb dmdm,07/29/2024,36,27,377,na,07/29/2024,only 18 were viable because 4 were smaller than 30mm,0,0,0,0,0,0,0,0,0,0,0,0,0,0,0,0,0,0,0,0,0,0,0,0,0,0,0,0,0,0,0,1,na,na,0,0,0,0,0,0,0,0,0,0,0,0,0,0,0,,0,0,0,0,0,0,0,0,0,1,0,0,0,0,0,0,0,0,0,0,0,0,0,0,0,0,0,0,,0,0,0,0,0,0,0,0,0,0,0,0,0,0,1,1,0,0,0,0,0,0,0,0
31086,31086_02,7,Carpiodes velifer,,,"between mouth of coburn and bogalusa creek, 1.4mi east of hwy 7 in bogalusa",1964,2,20,suttkus and gunning,jt djb gmc,07/29/2024,40,27,413,na,07/29/2024,only dissected 3 fish from this jar to stay under half of the fish dissected since there are 7 in this lot,0,0,0,0,0,0,0,0,0,0,0,0,0,0,0,0,0,0,0,0,0,2,0,0,0,0,0,0,0,0,0,0,na,na,0,0,0,0,0,0,0,0,0,0,0,0,0,0,0,,0,0,1,0,0,0,0,0,0,0,0,0,0,0,0,0,0,0,0,0,0,0,0,0,0,0,0,0,,0,0,0,1,0,0,0,0,0,0,0,0,0,0,0,0,2,0,0,0,0,0,0,0
159171,159171_01,8,Carpiodes velifer,,,Pearl River along left bank at River Mile 54,1990,10,19,Suttkus and Caruso,IJ KL,07/29/2024,46,36,1043,na,07/29/2024,gall bladder = NA,0,0,0,0,0,0,0,0,0,0,0,0,0,0,0,0,0,0,0,0,0,0,0,0,0,0,0,0,0,0,0,NA,na,na,0,0,0,0,0,0,0,0,0,0,0,0,0,0,0,,0,0,0,0,0,0,0,0,0,18,0,0,0,0,0,0,0,0,0,0,0,0,0,0,0,0,0,0,,0,0,0,0,0,0,0,0,0,0,0,0,0,0,0,0,,,,,,,,
31086,31086_03,7,Carpiodes velifer,,,Pearl River between mouth of Coburn and Bogalusa Creek,1964,2,20,Suttkus and Gunning,djb cjw,07/29/2024,36,26,283,,07/29/2024,only dissected 3 fish from this jar to stay under half of the fish dissected since there are 7 in this lot,0,0,0,0,0,0,0,0,0,0,0,0,0,0,1,0,0,0,0,0,0,0,0,0,0,0,0,0,0,1,0,0,na,na,0,0,0,0,0,0,0,0,0,0,0,0,0,0,0,,0,0,0,0,0,0,0,0,0,0,0,0,0,0,0,0,0,0,0,0,0,0,0,0,0,0,0,0,,0,0,0,0,0,0,0,0,0,1,0,0,0,0,0,0,0,0,1,,,,,
197711,197711_02,5,Carpiodes velifer,,,Pearl River along left bank opposite Coburn Creek,2004,10,30,RD and JS Suttkus,IJ GMC,07/29/2024,49,37,1467,,07/29/2024,selected only 2 due to number of fish,0,0,0,0,0,0,0,0,0,0,0,0,0,0,0,0,0,0,0,0,0,0,0,0,0,0,0,0,0,0,0,0,na,na,0,0,0,0,0,0,0,0,0,0,0,0,0,0,0,,0,0,0,0,0,0,0,0,0,0,0,0,0,0,0,0,0,0,0,0,0,0,0,0,0,0,0,0,,0,0,0,0,0,0,0,0,0,0,0,0,0,0,0,0,0,0,0,0,0,0,0,0
152931,152931_03,11,Carpiodes velifer,,,Pearl River along left bank at River Mile 54,1988,7,21,Suttkus and Caruso,IJ CJW,07/29/2024,75,54,3793,,07/29/2024,,0,0,0,0,0,0,0,0,0,0,0,0,0,0,0,0,0,0,0,0,0,0,0,0,0,0,0,0,0,0,0,0,na,na,0,0,0,0,0,0,0,0,0,0,0,0,0,0,0,,0,0,0,0,0,0,0,0,0,0,0,0,0,0,0,0,0,0,0,0,0,0,0,0,0,0,0,0,,0,0,0,0,0,0,0,0,0,0,0,0,0,0,0,0,0,0,0,0,0,0,0,0
152931,152931_01,11,Carpiodes velifer,,,Pearl River along left bank at River Mile 54,1988,7,21,Suttkus and Caruso,IJ DMDM,07/29/2024,43,35,854,,07/29/2024,,0,0,0,0,0,0,0,0,0,0,0,0,0,0,0,0,0,0,0,0,0,0,0,0,0,0,0,0,0,0,0,1,na,na,0,0,0,0,0,0,0,0,1,0,0,0,0,0,0,,0,0,0,0,0,0,0,0,0,0,0,0,0,0,0,0,0,0,0,0,1,0,0,0,0,0,0,0,,0,0,0,0,0,0,0,0,0,0,0,0,0,0,0,1,0,0,0,0,0,0,0,0
79541,79541_04,16,Carpiodes velifer,,,Pearl River at sand bar river mile 54,1972,7,12,Thompson and Cashner,djb gmc,07/29/2024,34,27,469,na,07/29/2024,randomly selected from 11 due to size,0,0,0,0,0,0,0,0,0,0,0,0,0,0,0,0,0,0,0,0,0,0,0,0,0,0,0,0,0,0,0,0,na,na,0,0,0,0,0,0,0,0,0,0,0,0,0,0,0,,0,0,0,0,0,0,0,0,0,6,0,0,0,0,0,0,0,0,0,0,0,0,0,0,0,0,0,0,,0,0,0,0,0,0,0,0,0,0,0,0,0,0,6,0,0,0,0,,,,,
197711,197711_01,5,Carpiodes velifer,,,Pearl River along left bank opposite Coburn Creek,2004,10,30,RD and JS Suttkus,IJ CJW,07/29/2024,52,40,1791,NA,07/29/2024,selected 2 only due to number of fish,0,0,0,0,0,0,0,0,0,0,0,0,0,0,0,0,0,0,0,0,0,0,0,0,0,0,0,0,0,0,0,1,na,na,0,0,0,0,0,0,0,0,0,0,0,0,0,0,0,,0,0,0,0,0,0,0,0,0,2,0,0,0,0,0,0,0,0,0,0,0,0,0,0,0,0,0,0,,0,0,0,0,0,0,0,0,0,0,0,0,0,0,1,1,0,0,0,0,0,0,0,0
152917,152917_02,22,Carpiodes velifer,,,Pearl river along right bank 5 miles below,1988,7,21,Suttkus and Caruso,djb gmc,07/29/2024,41,31,636,NA,07/29/2024,only 18 viable due to size,0,0,0,0,0,0,0,0,0,0,0,0,0,0,0,0,0,0,0,0,0,0,0,0,0,0,0,0,0,0,0,0,na,na,0,0,0,0,0,0,0,0,0,0,0,0,0,0,0,,0,0,0,0,0,0,0,0,0,0,0,0,0,0,0,0,0,0,0,0,0,0,0,0,0,0,0,0,,0,0,0,0,0,0,0,0,0,0,0,0,0,0,0,0,0,0,0,,,,,
48066,48066_01,9,Carpiodes velifer,,,"Pearl river at river mile 54, 23 miles SE of Bogalusa",1967,10,4,Suttkus and Gunning,djb kl,07/29/2024,42,33,732,na,07/29/2024,,0,0,0,0,0,0,0,0,0,0,0,0,0,0,0,0,0,0,0,0,0,0,0,0,0,0,0,0,0,0,0,na,na,na,0,0,0,0,0,0,0,0,0,0,0,0,0,0,0,,0,0,0,0,0,0,0,0,0,76,0,0,0,0,0,0,0,0,0,0,0,0,0,0,0,0,0,0,,0,0,0,0,0,0,0,0,0,0,0,0,0,0,44,0,0,0,0,,,,,
79541,79541_01,16,Carpiodes velifer,,,Pearl River at sand bar river mile 54,1972,7,12,Thompson and Cashner,DJB CLW,07/29/2024,50,36,NA,NA,07/29/2024,Randomly selected from 11 due to size (4 less than 30 mm),0,0,0,0,0,0,0,0,0,0,0,0,0,0,0,0,0,0,0,0,0,0,0,0,0,0,0,0,0,0,0,0,na,na,0,0,0,0,0,0,0,0,1,0,0,0,0,0,0,,0,0,0,0,0,0,0,0,0,0,0,0,0,0,0,0,0,0,0,0,1,0,0,0,0,0,0,0,,0,0,0,0,0,0,0,0,0,0,0,0,0,0,0,0,0,0,0,0,0,0,0,0
79541,79541_02,16,Carpiodes velifer,,,Pearl River at sand bar river mile 54,1972,7,12,Thompson and Cashner,djb clw,07/29/2024,32,25,365,na,07/29/2024,Randomly selected from 11 due to size (4 less than 30 mm),0,0,0,0,0,0,0,0,0,0,0,0,0,0,0,0,0,0,0,0,0,0,0,0,0,0,0,0,0,0,0,0,na,na,0,0,0,0,0,0,0,0,0,0,0,0,0,0,0,,0,0,0,0,0,0,0,0,0,0,0,0,0,0,0,0,0,0,0,0,0,0,0,0,0,0,0,0,,0,0,0,0,0,0,0,0,0,0,0,0,0,0,0,0,0,0,0,,,,,
31086,31086_01,7,Carpiodes velifer,,,Pearl River between mouth of Coburn and Bogalusa Creek 1.4 mi E of Hwy 7 in Bogalusa,1964,2,20,Suttkus and Gunning,DJB CJW,07/29/2024,39,28,372,na,07/29/2024,"Intestine very small, hard to find all of it - only selecting 3 fish, due to amount - total gill seen so values halved",0,0,0,0,0,0,0,0,0,0,0,0,0,0,0,0,0,0,0,0,0,0,0,0,0,0,0,0,0,0,0,0,na,na,0,0,0,0,0,0,0,0,0,0,0,0,0,0,0,,0,0,0,0,0,0,0,0,0,3,8,0,0,0,0,0,0,0,0,0,0,0,0,0,0,0,0,0,,0,0,0,0,0,0,0,0,0,16,0,0,0,0,3,0,0,0,0,0,0,0,0,0
79541,79541_03,16,Carpiodes velifer,,,Pearl River at sand bar river mile 54,1972,7,12,Thompson and Cashner,djb dmdm,07/29/2024,48,37,1224,na,07/29/2024,Randomly selected from 11 due to size (4 less than 30 mm),0,0,0,0,0,0,0,0,0,0,0,0,0,0,0,0,0,0,0,0,0,0,0,0,0,0,0,0,0,0,0,0,na,na,0,0,0,0,0,0,0,0,0,0,0,0,0,0,0,,0,0,0,0,0,0,0,0,0,0,0,0,0,0,0,0,0,0,0,0,0,0,0,0,0,0,0,0,,0,0,0,0,0,0,0,0,0,0,0,0,0,0,0,0,0,0,0,,,,,
48066,48066_02,9,Carpiodes velifer,,,Pearl River Mile 54 23 miles SE of Bogalusa,1967,10,4,Suttkus and Gunning,DJB KL,07/29/2024,75,52,4039,na,07/29/2024,,0,0,0,0,0,0,0,0,0,0,0,0,0,0,0,0,0,0,0,0,0,0,0,0,0,0,0,0,0,0,0,1,na,na,0,0,0,0,0,0,0,0,0,0,0,0,0,0,0,,0,0,0,0,0,0,0,0,0,559,0,0,0,0,0,0,0,0,0,0,0,0,0,0,0,0,0,0,,0,0,0,0,0,0,0,0,0,0,0,0,0,0,320,1,0,0,0,0,0,0,0,0
152917,152917_01,22,Carpiodes velifer,,,Pearl river along right bank 5 miles below,1998,7,21,Suttkus and Caruso,ij djb cjw,07/29/2024,47,36,1195,na,07/29/2024,only 18 viable due to size,0,0,0,0,0,0,0,0,0,0,0,0,0,0,0,0,0,0,0,0,0,0,0,0,0,0,0,0,0,0,0,0,na,na,0,0,0,0,0,0,0,0,0,0,0,0,0,0,0,,0,0,0,0,0,0,0,0,0,0,0,0,0,0,0,0,0,0,0,0,0,0,0,0,0,0,0,0,,0,0,0,0,0,0,0,0,0,0,0,0,0,0,0,0,0,0,0,,,,,
48066,48066_04,9,Carpiodes velifer,,,Pearl River at River Mile 54 23 miles SE of Bogalusa,1967,10,4,Suttkus and Gunning,DJB DMDM,07/29/2024,61,44,2429,na,07/29/2024,,0,0,0,0,0,0,0,0,0,0,0,0,0,0,0,0,0,0,0,0,0,0,0,0,0,0,0,0,0,0,0,1,na,na,0,0,0,0,0,0,0,0,0,0,0,0,0,0,0,,0,0,0,0,0,0,0,0,0,325,0,0,0,0,0,0,0,0,0,0,0,0,0,0,0,0,0,0,,0,0,0,0,0,0,0,0,0,0,0,0,0,0,375,1,0,0,0,0,0,0,0,0
152931,152931_02,11,Carpiodes velifer,,,Pearl River along left bank at River Mile 54,1988,7,21,Suttkus and Caruso,GMC KL,07/29/2024,38,27,462,na,07/29/2024,,0,0,0,0,0,0,0,0,0,0,0,0,0,0,0,0,0,0,0,0,0,0,0,0,0,0,0,0,0,0,0,0,na,na,0,0,0,0,0,0,0,0,0,0,0,0,0,0,0,,0,0,0,0,0,0,0,0,0,0,0,0,0,0,0,0,0,0,0,0,0,0,0,0,0,0,0,0,,0,0,0,0,0,0,0,0,0,0,0,0,0,0,0,0,0,0,0,0,0,0,0,0
165054,165054_02,28,Carpiodes velifer,,,Pearl River along left bank opposite Coburn Creek,1992,7,18,RD and JS Suttkus,gmc,07/29/2024,42,33,1047,na,07/29/2024,only 23 viable due to size,0,0,0,0,0,0,0,0,0,0,0,0,0,0,0,0,0,0,0,0,0,0,0,0,0,0,0,0,0,0,0,0,na,na,0,0,0,0,0,0,0,0,0,0,0,0,0,0,0,,0,0,0,0,0,0,0,0,0,14,0,0,0,0,0,0,0,0,0,0,0,0,0,0,0,0,0,0,,0,0,0,0,0,0,0,0,0,0,0,0,0,0,12,0,0,0,0,,,,,
165054,165054_04,28,Carpiodes velifer,,,Pearl River along left bank opposite Coburn Creek,1992,7,18,RD and JS Suttkus,DJB/KL,07/29/2024,42,31,860,na,07/29/2024,only 23 viable due to size,0,0,0,0,0,0,0,0,0,0,0,0,0,0,0,0,0,0,0,0,0,0,0,0,0,0,0,0,0,0,0,1,na,na,0,0,0,0,0,0,0,0,0,0,0,0,0,0,0,,0,0,0,0,0,0,0,0,0,64,0,0,0,0,0,0,0,0,0,0,0,0,0,0,0,0,0,0,,0,0,0,0,0,0,0,0,0,0,0,0,0,0,48,1,0,0,0,,,,,
165054,165054_01,28,Carpiodes velifer,,,Pearl River along left bank opposite Coburn Creek,1992,7,18,RD and JS Suttkus,dmdm,07/29/2024,46,36,986,na,07/29/2024,only 23 viable due to size,0,0,0,0,0,0,0,0,0,0,0,0,0,0,0,0,0,0,0,0,0,0,0,0,0,0,0,0,0,0,0,1,na,na,0,0,0,0,0,0,0,0,0,0,0,0,0,0,0,,0,0,0,0,0,0,0,0,0,72,0,0,0,0,0,0,0,0,0,0,0,0,0,0,0,0,0,0,,0,0,0,0,0,0,0,0,0,0,0,0,0,0,72,1,0,0,0,,,,,
165054,165054_03,28,Carpiodes velifer,,,Pearl River along left bank opposite Coburn Creek,1992,7,18,RD and JS Suttkus,CJW,07/29/2024,42,33,781,na,07/29/2024,only 23 viable due to size,0,0,0,0,0,0,0,0,0,0,0,0,0,0,0,0,0,0,0,0,0,0,0,0,0,0,0,0,0,0,0,0,na,na,0,0,0,0,0,0,0,0,0,0,1,0,0,0,0,,0,0,0,0,0,0,0,0,0,41,0,0,0,0,0,0,0,0,0,0,0,0,0,1,0,0,0,0,,0,0,0,0,0,0,0,0,0,0,0,0,0,0,41,0,0,0,0,,,,,
152917,152917_03,22,Carpiodes velifer,,,Pearl River along right bank 0.5 miles below Richardson landing,1988,7,21,Suttkus and Caruso,SC,07/29/2024,37,26,445,na,07/29/2024,"only 18 viable, 4 less than 30 mm",0,0,0,0,0,0,0,0,0,0,0,0,0,0,0,0,0,0,0,0,0,0,0,0,0,0,0,0,0,0,0,0,na,na,0,0,0,0,0,0,0,0,0,0,0,0,0,0,0,,0,0,0,0,0,0,0,0,0,0,0,0,0,0,0,0,0,0,0,0,0,0,0,0,0,0,0,0,,0,0,0,0,0,0,0,0,0,0,0,0,0,0,0,0,0,0,0,,,,,
31091,31091_01,6,Carpiodes velifer,,,0.5 mi downstream for richardson ldg or 1.5 mi SE of Bogalusa,1964,2,20,Suttkus and Gunning,jt ij kl,07/30/2024,55,38,1080,na,07/30/2024,only 3 fish dissected b/c of jar size,0,0,0,0,0,0,0,0,0,0,0,0,0,0,0,0,0,0,3,0,0,16,4,0,0,0,0,0,0,0,0,1,na,na,0,0,0,0,0,0,0,0,0,1,0,0,0,0,0,,0,0,3,0,0,0,0,0,0,6,0,0,0,0,0,0,0,0,0,0,0,1,0,0,0,0,0,0,,0,0,0,3,0,0,0,0,0,0,0,0,0,0,0,1,0,0,0,0,0,0,0,0
33211,33211_01,5,Carpiodes velifer,,,"JUST ABOVE MOUTH OF COBURN CR., 1.5 MI E OF HWY 7 IN BOGALUSA",1964,6,11,Suttkus and Gunning,DJB IJ GMC,07/30/2024,72,60,5849,NA,07/30/2024,Only 2 dissected from lot to only take half or less than the lot size,0,0,0,0,0,0,0,0,0,0,0,0,0,0,0,0,0,0,0,0,0,0,0,0,0,0,0,0,0,0,0,0,na,na,0,0,0,0,0,0,0,0,0,0,0,0,0,0,0,,0,0,0,0,0,0,0,0,0,62,0,0,0,0,0,0,0,0,0,0,0,0,0,0,0,0,0,0,,0,0,0,0,0,0,0,0,0,0,0,0,0,0,0,0,0,0,0,0,0,0,0,0
33211,33211_02,5,Carpiodes velifer,,,"JUST ABOVE MOUTH OF COBURN CR., 1.5 MI E OF HWY 7 IN BOGALUSA",1964,6,11,Suttkus and Gunning,jt cjw,07/30/2024,85,61,6427,na,07/30/2024,Only 2 dissected from lot to only take half or less than the lot size,0,0,0,0,0,0,0,0,0,0,0,0,0,0,0,0,0,0,0,0,0,3,0,0,na,0,0,0,0,0,0,0,na,na,0,0,0,0,0,0,0,0,0,0,0,0,0,0,0,,0,0,0,0,0,0,0,0,0,58,0,0,0,0,0,0,0,0,0,0,0,0,0,0,0,0,0,0,,0,0,0,0,0,0,0,0,0,0,0,0,0,0,14,0,0,0,0,0,0,0,0,0
48066,48066_03,9,Carpiodes velifer,,,"at river mile 54, 23 miles SE of Bogalusa",1967,10,4,Suttkus and Gunning,ij dmdm,07/30/2024,41,33,622,na,07/30/2024,,0,0,0,0,0,0,0,0,0,0,0,0,0,0,0,0,0,0,0,0,0,0,0,0,0,0,0,0,0,0,0,0,na,na,0,0,0,0,0,0,0,0,0,0,0,0,0,0,0,,0,0,0,0,0,0,0,0,0,153,0,0,0,0,0,0,0,0,0,0,0,0,0,0,0,0,0,0,,0,0,0,0,0,0,0,0,0,0,0,0,0,0,153,0,0,0,0,0,0,0,0,0
99448,99448_04,25,Carpiodes velifer,,,"along left bank above coburn creek, 1.5mi E of Bogalusa",1976,10,13,suttkus and Sorenson,sc ij gmc,07/30/2024,51,37,1185,na,07/30/2024,selected from 10 due to size restriction,0,0,0,0,0,0,0,0,0,0,0,0,0,0,0,0,0,0,0,0,0,0,0,0,0,0,0,0,0,0,0,na,na,na,0,0,0,0,0,0,0,1,0,0,0,0,0,0,0,,0,0,0,0,0,0,0,0,0,29,0,0,0,0,0,0,0,0,0,1,0,0,0,0,0,0,0,0,,0,0,0,0,0,0,0,0,0,0,0,0,0,0,29,0,0,0,0,0,0,0,0,0
99448,99448_02,25,Carpiodes velifer,,,"along left bank above coburn creek, 1.5mi E of Bogalusa",1976,10,13,suttkus and Sorenson,djb cjw,07/30/2024,33,23,279,na,07/30/2024,"liver not seen, selected from 10 due to size restriction",0,0,0,0,0,0,0,0,0,0,0,0,0,0,0,0,0,0,0,0,0,0,0,0,na,na,0,0,0,0,0,0,na,na,0,0,0,0,0,0,0,0,0,0,0,0,0,0,0,,0,0,0,0,0,0,0,0,0,11,0,0,0,0,0,0,0,0,0,0,0,0,0,0,0,0,0,0,,0,0,0,0,0,0,0,0,0,0,0,0,0,0,5,0,0,0,0,0,0,0,0,0
128038,128038_01,6,Carpiodes velifer,,,Along right bank .5 mi below richardson landry,1982,10,21,Suttkus and Rohmann,djb dcjw kl,07/29/2024,47,36,1033,na,07/30/2024,only 3 dissected due to lot size being 6,0,0,0,0,0,0,0,0,0,0,0,0,0,0,0,0,0,0,0,0,0,0,0,0,0,na,0,0,1,0,0,0,na,na,0,0,0,0,0,0,0,0,0,0,0,0,0,0,0,,0,0,0,0,0,0,0,0,0,14,0,0,0,0,0,0,0,0,0,0,0,0,0,0,0,0,0,0,,0,1,0,0,0,0,0,0,0,0,0,0,0,0,0,0,0,0,0,0,0,0,0,0
128038,128038_02,6,Carpiodes velifer,,,Along right bank .5 mi below richardson landry,1982,10,21,Suttkus and Rohmann,sc cjw,07/29/2024,36,29,387,na,07/30/2024,only 3 dissected due to lot size being 6,0,0,0,0,0,0,0,0,0,0,0,0,0,0,0,0,0,0,0,0,0,0,0,0,na,na,0,0,0,0,0,0,na,na,0,0,0,0,0,0,0,0,0,0,0,0,0,0,0,,0,0,0,0,0,0,0,0,0,74,0,0,0,0,0,0,0,0,0,0,0,0,0,0,0,0,0,0,,0,0,0,0,0,0,0,0,0,0,0,0,0,0,74,0,0,0,0,0,0,0,0,0
128038,128038_03,6,Carpiodes velifer,,,Along right bank .5 mi below richardson landry,1982,10,21,Suttkus and Rohmann,jt cjw gmc,07/29/2024,34,24,215,na,07/30/2024,only 3 dissected due to lot size being 6,0,0,0,0,0,0,0,0,0,0,0,0,0,0,0,0,0,0,0,0,0,0,0,0,0,0,0,0,0,0,0,1,na,na,0,0,0,0,0,0,0,0,0,0,0,0,0,0,0,,0,0,0,0,0,0,0,1,0,95,0,0,0,0,0,0,0,0,0,0,0,0,0,0,0,0,0,0,,0,1,0,0,0,0,0,0,0,0,0,0,0,0,95,1,0,0,0,0,0,0,0,0
159171,159171_04,8,Carpiodes velifer,,,Pearl River along left bank at River Mile 54,1990,10,19,Suttkus and Caruso,jt ij dmdm,07/29/2024,39,27,491,na,07/30/2024,,0,0,0,0,0,0,0,0,0,0,0,0,0,0,0,0,0,0,0,0,0,0,0,0,0,0,0,0,0,0,0,0,na,na,0,0,0,0,0,0,0,0,0,0,0,0,0,0,0,,0,0,0,0,0,0,0,0,0,66,0,0,0,0,0,0,0,0,0,0,0,0,0,0,0,0,0,0,,0,0,0,0,0,0,0,0,0,0,0,0,0,0,66,0,0,0,0,0,0,0,0,0
152931,152931_04,11,Carpiodes velifer,,,Pearl River along left bank at River Mile 54,1988,7,21,Suttkus and Caruso,djb cjw,07/29/2024,35,25,419,na,07/30/2024,,0,0,0,0,0,0,0,0,0,0,0,0,0,0,0,0,0,0,0,0,0,0,0,0,0,0,0,0,0,0,0,na,na,na,0,0,0,0,0,0,0,0,0,0,0,0,1,0,0,,0,0,0,0,0,0,0,0,0,4,0,0,0,0,0,0,0,0,0,0,0,0,0,0,0,1,0,0,,0,0,0,0,0,0,0,0,0,0,0,0,0,0,4,0,0,0,0,0,0,0,0,0
159171,159171_03,8,Carpiodes velifer,,,Pearl River along left bank at River Mile 54,1990,10,19,Suttkus and Caruso,sc jt cjw,07/29/2024,44,33,765,na,07/30/2024,,0,0,0,0,0,0,0,0,0,0,0,0,0,0,0,0,0,0,0,0,0,0,0,0,0,0,0,0,0,0,0,0,na,1,0,0,0,0,0,0,0,0,0,0,0,0,0,0,0,,0,0,0,0,0,0,0,0,0,71,0,0,0,0,0,0,0,0,0,0,0,0,0,0,0,0,0,0,,0,0,0,0,0,0,0,0,0,0,0,0,0,0,20,0,0,0,0,0,0,0,0,0
159171,159171_02,8,Carpiodes velifer,,,Pearl River along left bank at River Mile 54,1990,10,19,Suttkus and Caruso,jt ij dmdm,07/29/2024,40,28,481,na,07/30/2024,,0,0,0,0,0,0,0,0,0,0,0,0,0,0,0,0,0,0,0,0,0,0,0,0,0,0,0,0,0,0,0,0,na,0,0,0,0,0,0,0,0,0,0,0,0,0,0,0,0,,0,0,0,0,0,0,0,0,0,31,0,0,0,0,0,0,0,0,0,0,0,0,0,0,0,0,0,0,,0,0,0,0,0,0,0,0,0,0,0,0,0,0,31,0,0,0,0,0,0,0,0,0
196897,196897_02,14,Carpiodes velifer,,,PR along left bank at river mi 54,2004,1,31,RD and JS Suttkus,jt ij dmdm,07/30/2024,45,33,788,na,07/30/2024,,0,0,0,0,0,0,0,0,0,0,0,0,0,0,0,0,0,0,0,0,0,0,0,0,0,0,0,0,0,0,0,0,na,0,0,0,0,0,0,0,0,0,0,0,0,0,0,0,0,,0,0,0,0,0,0,0,0,0,0,0,0,0,0,0,0,0,0,0,0,0,0,0,0,0,0,0,0,,0,0,0,0,0,0,0,0,0,0,0,0,0,0,0,0,0,0,0,0,0,0,0,0
99448,99448_03,25,Carpiodes velifer,,,"along left bank above coburn creek, 1.5mi E of Bogalusa",1976,10,13,suttkus and Sorenson,sc ij gmc,07/30/2024,33,23,260,na,07/30/2024,randomly select4d from 10 due to size restriction,0,0,0,0,0,0,0,0,0,0,0,0,0,0,0,0,0,0,0,0,0,0,0,0,0,0,0,0,0,0,0,0,na,0,0,0,0,0,0,0,0,0,0,0,0,0,0,0,0,,0,0,0,0,0,0,0,0,0,39,0,0,0,0,0,0,0,0,0,0,0,0,0,0,0,0,0,0,,0,0,0,0,0,0,0,0,0,0,0,0,0,0,39,0,0,0,0,0,0,0,0,0
48038,48038_01,4,Carpiodes velifer,,,"PR just above coburn creek, 1.5mi e of bogalusa",1967,10,4,suttkus and gunning,jt ij dmdm,07/30/2024,42,30,601,na,07/30/2024,only 2 selected because lot size is 4,0,0,0,0,0,0,0,0,0,0,0,0,0,0,0,0,0,0,0,0,0,0,0,0,0,0,0,0,0,0,0,0,na,0,0,0,0,0,0,0,0,0,0,0,0,0,0,0,0,,0,0,0,0,0,0,0,0,0,77,0,0,0,0,0,0,0,0,0,0,0,0,0,0,0,0,0,0,,0,0,0,0,0,0,0,0,0,0,0,0,0,0,77,0,0,0,0,0,0,0,0,0
31560,31560_01,21,Carpiodes velifer,,,"PR at mile 53.7, 2.3 mi SE of bogalusa",1963,6,13,suttkus and sheriman,sc kl,07/30/2024,47,37,879,na,07/30/2024,only 1 selected because: only 3 were large enough- the rest were fry... so we only took less than half of the reasonable ones.,0,0,0,0,0,0,0,0,0,0,0,0,0,0,0,0,0,0,0,0,0,0,0,0,0,0,0,0,0,0,0,0,na,0,0,0,0,0,0,0,0,0,0,0,0,0,0,0,0,,0,0,0,0,0,0,0,0,0,0,0,0,0,0,0,0,0,0,0,0,0,0,0,0,0,0,0,0,,0,0,0,0,0,0,0,0,0,0,0,0,0,0,0,0,0,0,0,0,0,0,0,0
198427,198427_04,11,Carpiodes velifer,,,PR along left bank at 2nd bend below richardson,2005,4,16,RD and JS Suttkus,jt sc kl,07/30/2024,46,32,956,na,07/30/2024,,0,0,0,0,0,0,0,0,0,0,0,0,0,0,0,0,0,0,0,0,0,0,0,0,0,0,0,0,0,0,0,0,na,1,0,0,0,0,0,0,0,0,0,0,0,0,0,0,0,,0,0,0,0,0,0,0,0,0,4,0,0,0,0,0,0,0,0,0,0,0,0,0,0,0,0,0,0,,0,0,0,0,0,0,0,0,0,0,0,0,0,0,0,0,0,0,0,0,0,0,0,0
198427,198427_03,11,Carpiodes velifer,,,PR along left bank at 2nd bend below richardson,2005,4,16,RD and JS Suttkus,djb sc gmc cjw,07/30/2024,47,36,1172,na,07/30/2024,,0,0,0,0,0,0,0,0,0,0,0,0,0,0,0,0,0,0,0,0,0,0,0,0,0,0,0,0,0,0,0,0,na,0,0,0,0,0,0,0,0,0,1,0,0,0,0,0,0,,0,0,0,0,0,0,0,0,0,3,0,0,0,0,0,0,0,0,0,0,1,0,0,0,0,0,0,0,,0,0,0,0,0,0,0,0,0,0,0,0,0,0,3,0,0,0,0,0,0,0,0,0
31061,31061_01,5,Carpiodes velifer,,,"PR at river mi 53.7, 2.3 SE of Bogalusa",1963,8,30,suttkus and gunning,jt dmdm,07/30/2024,32,25,327,na,07/30/2024,,0,0,0,0,0,0,0,0,0,0,0,0,0,0,0,0,0,0,0,0,0,0,0,0,0,0,0,0,0,0,0,1,na,0,0,0,0,0,0,0,0,1,0,0,0,0,0,0,0,,0,0,0,0,0,0,0,0,0,339,0,0,0,0,0,0,0,0,0,1,0,0,0,0,0,0,0,0,,0,0,0,0,0,0,0,0,0,0,0,0,0,0,339,1,0,0,0,0,0,0,0,0
31061,31061_02,5,Carpiodes velifer,,,"PR at river mi 53.7, 2.3 SE of Bogalusa",1963,8,30,suttkus and gunning,ij sc cjw,07/30/2024,50,36,1115,na,07/30/2024,"both sides of the gills had been dissected, so ALL of the gill parasites were counted and then halved (so it was 182 MYX.G, but entered as 91, but also all of the 182 were actually vouchered). Only 2 fish from lot were selected due to lot size.",0,0,0,0,0,0,0,0,0,0,0,0,0,0,0,0,0,0,0,0,0,0,0,0,na,0,0,0,0,0,0,0,na,0,0,0,0,0,0,0,0,0,0,0,0,0,0,0,0,,0,0,0,0,0,0,0,0,0,91,0,0,0,0,0,0,0,0,0,0,0,0,0,0,0,0,0,0,,0,0,0,0,0,0,0,0,0,0,0,0,0,0,91,0,0,0,0,0,0,0,0,0
197719,197719_02,5,Carpiodes velifer,,,PR along left bank opposite bogalusa creek,2004,10,30,RD and JS Suttkus,djb ij kl,07/30/2024,50,38,1583,na,07/30/2024,,0,0,0,0,0,0,0,0,0,0,0,0,0,0,0,0,0,0,0,0,0,0,0,0,0,0,0,0,0,0,0,0,na,0,0,0,0,0,0,0,0,0,0,0,0,0,0,0,0,,0,0,0,0,0,0,0,0,0,25,0,0,0,0,0,0,0,0,0,0,0,0,0,0,0,0,0,0,,0,0,0,0,0,0,0,0,0,0,0,0,0,0,0,0,0,0,0,0,0,0,0,0
48038,48038_02,4,Carpiodes velifer,,,"PR just above coburn creek, 1.5mi e of bogalusa",1967,10,4,suttkus and gunning,sc dmdm,07/30/2024,38,29,466,na,07/30/2024,"because only 4 in the lot, only 2 were dissected",0,0,0,0,0,0,0,0,0,0,0,0,0,0,0,0,0,0,0,0,0,0,0,0,0,0,0,0,0,0,0,0,na,0,0,0,0,0,0,0,0,0,0,0,0,0,0,0,0,,0,0,0,0,0,0,0,0,0,73,0,0,0,0,0,0,0,0,0,0,0,0,0,0,0,0,0,0,,0,0,0,0,0,0,0,0,0,0,0,0,0,0,73,0,0,0,0,0,0,0,0,0
171843,171843_01,4,Carpiodes velifer,,,PR along left bank at second bend below richardson ldg,1994,10,15,RD and JS Suttkus,jt sc cjw,07/30/2024,32,23,214,na,07/30/2024,"very small liver, only 2 fish dissected because 4 in lot",0,0,0,0,0,0,0,0,0,0,0,0,0,0,0,0,0,0,0,0,0,0,0,0,na,0,0,0,0,0,0,0,na,0,0,0,0,0,0,0,0,0,0,0,0,0,0,0,0,,0,0,0,0,0,0,0,0,0,207,0,0,0,0,0,0,0,0,0,0,0,0,0,0,0,0,0,0,,0,0,0,0,0,0,0,0,0,0,0,0,0,0,200,0,0,0,0,0,0,0,0,0
197719,197719_01,5,Carpiodes velifer,,,PR along left bank opposite bogalusa creek,2004,10,30,RD and JS Suttkus,sc jt dmdm,07/30/2024,53,41,1944,na,07/30/2024,,0,0,0,0,0,0,0,0,0,0,0,0,0,0,0,0,0,0,0,0,0,0,0,0,0,0,0,0,0,0,0,0,na,0,0,0,0,0,0,0,0,0,0,0,0,0,0,0,0,,0,0,0,0,0,0,0,0,0,50,0,0,0,0,0,0,0,0,0,0,0,0,0,0,0,0,0,0,,0,0,0,0,0,0,0,0,0,0,0,0,0,0,50,0,0,0,0,0,0,0,0,0
31617,31617_03,7,Carpiodes velifer,,,"PR just above coburn creek, 1.5mi e of bogalusa",1963,6,14,shireman and jennings,jt gmc,07/30/2024,46,34,905,na,07/30/2024,,0,0,0,0,0,0,0,0,0,0,0,0,0,0,0,0,0,0,0,0,0,0,0,0,na,0,0,0,0,0,0,na,na,na,0,0,0,0,0,0,0,0,5,0,0,0,0,0,0,,0,0,0,0,0,0,0,0,0,3,0,0,0,0,0,0,0,0,0,0,5,0,0,0,0,0,0,0,,0,0,0,0,0,0,0,0,0,0,0,0,0,0,3,0,0,0,0,0,0,0,0,0
171843,171843_02,4,Carpiodes velifer,,,PR along left bank at second bend below richardson ldg,1994,10,15,RD and JS Suttkus,sc jt kl,07/30/2024,34,25,286,na,07/30/2024,only 2 selected because lot size is 4,0,0,0,0,0,0,0,0,0,0,0,0,0,0,0,0,0,0,0,0,0,0,0,0,0,0,0,0,0,0,0,1,na,0,0,0,0,0,0,0,0,0,0,0,0,0,0,0,0,,0,0,0,0,0,0,0,0,0,144,0,0,0,0,0,0,0,0,0,0,0,0,0,0,0,0,0,0,,0,0,0,0,0,0,0,0,0,0,0,0,0,0,53,1,0,0,0,0,0,0,0,0
31091,31091_03,6,Carpiodes velifer,,,0.5 mi downstream for richardson ldg or 1.5 mi SE of Bogalusa,1964,2,20,Suttkus and Gunning,djb jt cjw,07/30/2024,35,24,292,na,07/30/2024,"6 in lot, so only 3 dissected",0,0,0,0,0,0,0,0,2,0,0,0,0,0,0,0,0,0,0,0,0,0,0,0,na,0,0,0,0,0,0,0,na,0,0,0,0,0,0,0,0,0,0,0,0,0,0,0,0,,0,0,0,0,0,0,0,0,0,11,0,0,0,0,0,0,0,0,0,0,0,0,0,0,0,0,0,0,,0,0,0,0,0,0,0,0,0,0,0,0,0,0,3,0,2,0,0,0,0,0,0,0
31617,31617_01,7,Carpiodes velifer,,,"PR just above coburn creek, 1.5mi e of bogalusa",1963,6,14,shireman and jennings,sc ij dmdm,07/30/2024,57,43,1810,na,07/30/2024,"7 in lot, so 3 dissected",0,0,0,0,0,0,0,0,0,0,0,0,0,0,0,0,0,0,0,0,0,0,0,0,0,0,0,0,0,0,0,0,na,0,0,0,0,0,0,0,0,0,0,0,0,0,0,0,0,,0,0,0,0,0,0,0,0,0,0,0,0,0,0,0,0,0,0,0,0,0,0,0,0,0,0,0,0,,0,0,0,0,0,0,0,0,0,0,0,0,0,0,0,0,0,0,0,0,0,0,0,0
196897,196897_01,14,Carpiodes velifer,,,PR along left bank at river mi 54,2004,1,31,RD and JS Suttkus,jt cjw,07/30/2024,44,31,612,na,07/30/2024,,0,0,0,0,0,0,0,0,0,0,0,0,0,0,0,0,0,0,0,0,0,0,0,0,0,0,0,0,0,0,0,0,na,0,0,0,0,0,0,0,0,0,0,0,0,0,0,0,0,,0,0,0,0,0,0,0,0,0,0,0,0,0,0,0,0,0,0,0,0,0,0,0,0,0,0,0,0,,0,0,0,0,0,0,0,0,0,0,0,0,0,0,0,0,0,0,0,0,0,0,0,0
31617,31617_02,7,Carpiodes velifer,,,"PR just above coburn creek, 1.5mi e of bogalusa",1963,6,14,shireman and jennings,sc gmc,07/30/2024,59,46,1936,na,07/30/2024,,0,0,0,0,0,0,0,0,0,0,0,0,0,0,0,0,0,0,0,0,0,0,0,0,0,0,0,0,0,0,0,1,na,0,0,0,0,0,0,0,0,0,1,0,0,0,0,0,0,,0,0,0,0,0,0,0,0,0,0,0,0,0,0,0,0,0,0,0,0,1,0,0,0,0,0,0,0,,0,0,0,0,0,0,0,0,0,0,0,0,0,0,0,0,0,0,0,0,0,0,0,0
152902,152902_03,9,Carpiodes velifer,,,Pearl River along left bank opposite Bogalusa Creek,1988,7,21,Suttkus and Caruso,SC DJB CJW,07/31/2024,30,22,181,na,07/31/2024,Random selected 8 ,0,0,0,0,0,0,0,0,0,0,0,0,0,0,0,0,0,0,0,0,0,0,0,0,na,0,0,0,0,0,0,0,na,0,0,0,0,0,0,0,0,0,0,0,0,0,0,0,0,,0,0,0,0,0,0,0,0,0,134,0,0,0,0,0,0,0,0,0,0,0,0,0,0,0,0,0,0,,0,0,0,0,0,0,0,0,0,0,0,0,0,0,134,0,0,0,0,0,0,0,0,0
188290,188290_01,4,Carpiodes velifer,,,Pearl River along left bank at River Mile 54,1999,7,24,RD and JS Suttkus,DJB KL,07/30/2024,31,23,324,na,07/31/2024,Only 2 fish used due to size of jar; GB=0,0,0,0,0,0,0,0,0,0,0,0,0,0,0,0,0,0,0,0,0,0,0,0,0,0,0,0,0,0,0,0,0,na,0,0,0,0,0,0,0,0,0,0,0,0,1,0,0,0,,0,0,0,0,0,0,0,0,0,0,0,0,0,0,0,0,0,0,0,0,0,0,0,0,1,0,0,0,,0,0,0,0,0,0,0,0,0,0,0,0,0,0,0,0,0,0,0,0,0,0,0,0
198427,198427_01,11,carpiodes velifer,,,Pearl River along left bank at 2nd bend below Richardson Ldg.,2005,4,16,RD and JS Suttkus,DJB IJ CJW,07/30/2024,58,44,2162,na ,07/31/2024,,0,0,0,0,0,0,0,0,0,0,0,0,0,0,0,0,0,0,0,0,0,0,0,0,na,0,0,0,0,0,0,0,na,0,0,0,0,0,0,0,0,0,0,0,0,0,0,0,0,,0,0,0,0,0,0,0,0,0,4,0,0,0,0,0,0,0,0,0,0,0,0,0,0,0,0,0,0,,0,0,0,0,0,0,0,0,0,0,0,0,0,0,4,0,0,0,0,0,0,0,0,0
99490,99490_01,4,Carpiodes velifer,,,"Pearl River along left bank at River mile 54, 2.3 mi SE of Bogalusa",1976,10,13,Suttkus and Sorenson,ij djb cjw,7/30/2024,41,31,581,na,07/31/2024,Only two were selected from your due to amount being less than 8,0,0,0,0,0,0,0,0,0,0,0,0,0,0,0,0,0,0,0,0,0,0,0,0,na,0,0,0,0,0,0,0,na,0,0,0,0,0,0,0,0,0,0,0,0,0,0,0,0,,0,0,0,0,0,0,0,0,0,31,0,0,0,0,0,0,0,0,0,0,0,0,0,0,0,0,0,0,,0,0,0,0,0,0,0,0,0,0,0,0,0,0,31,0,0,0,0,0,0,0,0,0
152902,152902_02,9,Carpiodes velifer,,,Pearl River along left bank opposite Bogalusa Creek,1988,7,21,Suttkus and Caruso,jt djb gmc,7/31/2024,32,23,247,na ,07/31/2024,"Randomly selected from 8; Part of Caudal fin is missing, most of right pectoral is missing; parasites got put away on accident ",0,0,0,0,0,0,0,0,0,0,0,0,0,0,0,0,0,0,0,0,0,0,0,0,0,0,0,0,0,0,0,na ,na,na,0,0,0,0,0,0,0,0,0,0,0,0,0,0,0,,0,0,0,0,0,0,0,0,0,8,0,0,0,0,0,0,0,0,0,0,0,0,0,0,0,0,0,0,,0,0,0,0,0,0,0,0,0,0,0,0,0,0,8,0,0,0,0,0,0,0,0,0
152902,152904_04,9,carpiodes velifer,,,Pearl River along left bank opposite Bogalusa Creek,1988,7,21,Suttkus anf Caruso,IJ DJB KL,7/31/2024,36,34,409,na,07/31/2024,"Randomly selected from 8; Part of Caudal fin is missing, most of right pectoral is missing; parasites got put away on accident ",0,0,0,0,0,0,0,0,0,0,0,0,0,0,0,0,0,0,0,0,0,0,0,0,0,,0,0,0,0,0,na ,na,na,0,0,0,0,0,0,0,0,0,0,0,0,0,0,0,,0,0,0,0,0,0,0,0,0,62,0,0,0,0,0,0,0,0,0,0,0,0,0,0,0,0,0,0,,0,0,0,0,0,0,0,0,0,0,0,0,0,0,62,0,0,0,0,0,0,0,0,0
196897,196897_04,14,Carpiodes velifer,,,Pearl River along 6ft bank at River Mile 54,2004,1,31,RD and JS Suttkus, DJB JT CLW,07/30/2024,37,27,435,na,07/31/2024,,0,0,0,0,0,0,0,0,0,0,0,0,0,0,0,0,0,0,0,0,0,0,0,0,na,0,na,0,0,0,0,0,na,0,0,0,0,0,0,0,0,0,0,0,0,0,0,0,0,,0,0,0,0,0,0,0,0,0,3,0,0,0,0,0,0,0,0,0,0,0,0,0,0,0,0,0,0,,0,0,0,0,0,0,0,0,0,0,0,0,0,0,3,0,0,0,0,0,0,0,0,0
37945,37943_01,5,Carpiodes velifer,,,"Pearl River between Coburn and Bogolusa Creek, 1.5 mi E of Bogolusa",1965,7,5,Suttkus and Gunning,DJB GMC ,07/30/2024,46,33,856,na,07/30/2024,Only 2 selected. Due to jar only having 5 specimen.,0,0,0,0,0,0,0,0,0,0,0,0,0,0,0,0,0,0,0,0,0,0,0,0,0,0,0,0,0,0,0,0,na,0,0,0,0,0,0,0,0,0,0,0,0,0,0,0,0,,0,0,0,0,0,0,0,0,0,0,0,0,0,0,0,0,0,0,0,0,0,0,0,0,0,0,0,0,,0,0,0,0,0,0,0,0,0,0,0,0,0,0,0,0,0,0,0,0,0,0,0,0
188290,188290_02,4,Carpiodes velifer,,,Pearl River along left bank at River 54,1999,7,24,RD and JS Suttkus,JT SC JT KL,07/30/2024,37,27,539,na,07/31/2024,Only took 2 fish because of jar size,0,0,0,0,0,0,0,0,0,0,0,0,0,0,0,0,0,0,0,0,0,0,0,0,0,0,0,0,0,0,0,0,na,0,0,0,0,0,0,0,0,0,0,0,0,0,0,0,0,,1,0,0,0,0,0,0,0,0,16,0,0,0,0,0,0,0,0,0,0,0,0,0,0,0,0,0,0,,1,0,0,0,0,0,0,0,0,0,0,0,0,0,16,0,0,0,0,0,0,0,0,0
196897,196897_03,14,Carpiodes velifer,,,Pearl River along left bank at River Mile 54,2004,1,31,RD and JS Suttkus,DJB SC DMDM,07/30/2024,39,29,474,na ,07/31/2024,,0,0,0,0,0,0,0,0,0,0,0,0,0,0,0,0,0,0,0,0,0,0,0,0,0,0,0,0,0,0,0,0,na,0,0,0,0,0,0,0,0,0,0,0,0,0,0,0,0,,0,0,0,0,0,0,0,0,0,0,0,0,0,0,0,0,0,0,0,0,0,0,0,0,0,0,0,0,,0,0,0,0,0,0,0,0,0,0,0,0,0,0,0,0,0,0,0,0,0,0,0,0
198427,198427_02,11,Carpiodes velifer,,,Pearl River along left bank at 2nd bend below Richardson Ldg.,2005,4,16,RD and JS Suttkus,IJ DJB CJW,07/30/2024,60,44,2365,na,07/31/2024,,0,0,0,0,0,0,0,0,0,0,0,0,0,0,0,0,0,0,0,0,0,0,0,0,0,0,0,0,0,0,0,0,na,0,0,0,0,0,0,0,0,0,0,0,0,0,0,0,0,,0,0,0,0,0,0,0,0,0,1,0,0,0,0,0,0,0,0,0,0,0,0,0,0,0,0,0,0,,0,0,0,0,0,0,0,0,0,0,0,0,0,0,1,0,0,0,0,0,0,0,0,0
37943,37943_02,5,Carpiodes velifer,,,"Pearl River between Coburn and Bogolusa Creek, 1.5 mi E of Bogolusa",1965,7,5,Suttkus and Gunning,JT GMC,07/30/2024,39,27,473,na,07/31/2024,"Only 2 selected, Due to jar only having 4 specimen",0,0,0,0,0,0,0,0,0,0,0,0,0,0,0,0,0,0,0,0,0,0,0,0,0,0,0,0,0,0,0,0,na,0,0,0,0,0,0,0,0,0,0,0,0,0,0,0,0,,0,0,0,0,0,0,0,0,0,0,0,0,0,0,0,0,0,0,0,0,0,0,0,0,0,0,0,0,,0,0,0,0,0,0,0,0,0,0,0,0,0,0,0,0,0,0,0,0,0,0,0,0
99418,99418_01,25,Carpiodes velifer,,,"Pearl River along left bank above Coburn Creek, 1,5 mi E of Bogolusa",1976,10,13,Suttkus and Sorenson,JT IJ SC,07/30/2024,37,25,374,na,07/31/2024,Selected from 10 due to size restriction,0,0,0,0,0,0,0,0,0,0,0,0,0,0,0,0,0,0,0,0,0,0,0,0,0,0,0,0,0,0,0,0,na,1,0,0,0,0,0,0,0,0,0,0,0,0,0,0,0,,0,0,0,0,0,0,0,0,0,41,0,0,0,0,0,0,0,0,0,0,0,0,0,0,0,0,0,0,,0,0,0,0,0,0,0,0,0,0,0,0,0,0,41,0,0,0,0,0,0,0,0,0
134777,134777_02,4,Carpiodes velifer,,,Pearl River along left bank at River Mile 54,1984,4,26,Suttkus and Inaw,djb cjw,07/31/2024,45,31,581,na,07/31/2024,only 2 fish used due to jar size,0,0,0,0,0,0,0,0,0,0,0,0,0,0,0,0,0,0,0,0,0,0,0,0,na,0,0,0,0,0,0,0,na,0,0,0,0,0,0,0,0,0,0,0,0,0,0,0,0,,0,0,0,0,0,0,0,0,0,0,0,0,0,0,0,0,0,0,0,0,0,0,0,0,0,0,0,0,,0,0,0,0,0,0,0,0,0,0,0,0,0,0,0,0,0,0,0,,,,,
128025,128025_03,27,Carpiodes velifer,,,Pearl River along right bank between mouth of Coburn and Bogalusa Creek,1982,10,21,Suttkus and Rohmann,GMC,07/31/2024,33,24,233,na,07/31/2024,"No liver taken, 24 only viable, 3 less than 30 mm",0,0,0,0,0,0,0,0,0,0,0,0,0,0,0,0,0,0,0,0,0,0,0,0,0,0,0,0,0,0,0,0,na,0,0,0,0,0,0,0,0,0,0,0,0,0,0,0,0,,0,0,0,0,0,0,0,0,0,0,64,0,0,0,0,0,0,0,0,0,0,0,0,0,0,0,0,0,,0,0,0,0,0,0,0,0,0,0,0,0,0,0,0,0,0,0,0,0,0,0,0,0
172558,172558_02,9,Carpiodes velifer,,,Pearl River along left bank at river mile 54,1995,1,14,RD and JS Suttkus,djb dmdm,07/31/2024,56,43,1704,na,07/31/2024,,0,0,0,0,0,0,0,0,0,0,0,0,0,0,0,0,0,0,0,0,0,0,0,0,0,0,0,0,0,0,0,0,na,0,0,0,0,0,0,0,0,0,0,0,0,0,0,0,0,,0,0,0,0,0,0,0,0,0,0,0,0,0,0,0,0,0,0,0,0,0,0,0,0,0,0,0,0,,0,0,0,0,0,0,0,0,0,0,0,0,0,0,0,0,0,0,0,,,,,
128025,128025_04,27,Carpiodes velifer,,,Pearl River along right bank between mouth of Coburn and Bogalusa Creek,1982,10,21,Suttkus and Rohmann,DJB KL,07/31/2024,32,23,223,na,07/31/2024,"24 only viable, 3 less than 30 mm, no liver",0,0,0,0,0,0,0,0,0,0,0,0,0,0,0,0,0,0,0,0,0,0,0,0,0,0,0,0,0,0,0,0,na,0,0,0,0,0,0,0,0,0,0,0,0,0,0,0,0,,0,0,0,0,0,0,0,0,0,148,0,0,0,0,0,0,0,0,0,0,0,0,0,0,0,0,0,0,,0,0,0,0,0,0,0,0,0,0,0,0,0,0,100,0,0,0,0,0,0,0,0,0
172558,172558_04,9,Carpiodes velifer,,,Pearl River along left bank at river mile 54,1995,1,14,RD and JS Suttkus,djb gmc,07/31/2024,44,31,715,na,07/31/2024,,0,0,0,0,0,0,0,0,0,0,0,0,0,0,0,0,0,0,0,0,0,0,0,0,na,0,0,0,0,0,0,na,na,na,0,0,0,0,0,0,0,0,0,0,0,0,0,0,0,,0,0,0,0,0,0,0,0,0,0,0,0,0,0,0,0,0,0,0,0,0,0,0,0,0,0,0,0,,0,0,0,0,0,0,0,0,0,0,0,0,0,0,0,0,0,0,0,,,,,
31091,31091_02,6,Carpiodes velifer,,,Pearl River 0.5 mi downstream from Richardson Landing or 1.5 mi SE of Bogalusa,1964,2,21,Suttkus and Gunning,DJB DMDM,07/30/2024,49,37,831,na,07/31/2024,only 3 fish dissected because of jar size,0,0,0,0,0,0,0,0,0,3,2,13,7,0,0,0,0,0,0,0,0,0,0,0,0,0,0,0,0,0,0,1,na,0,0,0,0,0,0,0,0,0,0,1,0,0,0,0,0,,0,0,1,0,0,0,0,0,0,0,0,0,0,0,0,0,0,0,0,0,0,1,0,0,0,0,0,0,,0,0,0,1,0,0,0,0,0,0,0,0,0,0,0,1,3,0,0,0,0,0,0,0
172558,172558_01,9,Carpiodes velifer,,,Pearl River along left bank at river mile 54,1995,1,14,RD and JS Suttkus,djb cjw,07/31/2024,51,36,1174,na,07/31/2024,,0,0,0,0,0,0,0,0,0,0,0,0,0,0,0,0,0,0,0,0,0,0,0,0,0,0,0,0,0,0,0,0,na,0,0,0,0,0,0,0,0,0,0,0,0,0,0,0,0,,0,0,0,1,0,0,0,0,0,8,0,0,0,0,0,0,0,0,0,0,0,0,0,0,0,0,0,0,,0,0,0,0,1,0,0,0,0,0,0,0,0,0,2,0,0,0,0,,,,,
172558,172558_03,9,Carpiodes velifer,,,Pearl River along left bank at river mile 54,1995,1,14,RD and JS Suttkus,djb kl,07/31/2024,47,31,762,na,07/31/2024,,0,0,0,0,0,0,0,0,0,0,0,0,0,0,0,0,0,0,0,0,0,0,0,0,0,0,0,0,0,0,0,0,na,0,0,0,0,0,0,0,0,0,0,0,0,0,0,0,0,,0,0,0,0,0,0,0,0,0,2,0,0,0,0,0,0,0,0,0,0,0,0,0,0,0,0,0,0,,0,0,0,0,0,0,0,0,0,0,0,0,0,0,2,0,0,0,0,,,,,
99490,99490_02,4,Carpiodes velifer,,,"Pearl River along left bank at River mile 54, 2.3 mi SE of Bogalusa",1976,10,13,Suttkus and Sorensen,GMC,07/30/2024,45,31,658,na,07/31/2024,Only two were selected from jar due to amount being less than 8,0,0,0,0,0,0,0,0,0,0,0,0,0,0,0,0,0,0,0,0,0,0,0,0,0,0,0,0,0,0,0,0,na,0,0,0,0,0,0,0,0,0,0,0,0,0,0,0,0,,0,0,0,0,0,0,0,0,0,109,0,0,0,0,0,0,0,0,0,0,0,0,0,0,0,0,0,0,,0,0,0,0,0,0,0,0,0,0,0,0,0,0,109,0,0,0,0,0,0,0,0,0
177831,177831_01,9,Carpiodes velifer,,,Pearl River along right bank two bends above river mile 54,1996,1,13,RD and JS Suttkus,djb dmdm,07/31/2024,47,35,895,na,07/31/2024,8 viable due to size (1<30mm),0,0,0,0,0,0,0,0,0,0,0,0,0,0,0,0,0,0,0,0,0,0,0,0,0,0,0,0,0,0,0,1,na,0,0,0,0,0,0,0,0,0,0,0,0,0,0,0,0,,0,0,0,0,0,0,0,0,0,1,0,0,0,0,0,0,0,0,0,0,0,0,0,0,0,0,0,0,,0,0,0,0,0,0,0,0,0,0,0,0,0,0,1,1,0,0,0,,,,,
134777,134777_01,4,Carpiodes velifer,,,Pearl River along left bank at River Mile 54,1984,4,26,Suttkus and Inaw,DJB KL,07/31/2024,56,42,1269,na,07/31/2024,only 2 fish used due to jar size,0,0,0,0,0,0,0,0,1,0,0,1,0,0,0,0,0,0,0,0,0,0,0,0,0,0,0,0,0,0,0,0,na,0,0,0,0,0,0,0,0,0,0,0,0,0,0,0,0,,0,0,0,0,0,0,0,0,0,1,0,0,0,0,0,0,0,0,0,0,0,0,0,0,0,0,0,0,,0,0,0,0,0,0,0,0,0,0,0,0,0,0,0,0,1,0,0,0,0,0,0,0
31000,31000_01,10,Carpiodes velifer,,,"Pearl River just above mouth of Coburn Creek, 1.5mi E of Hwy 7 in Bogalusa",1963,12,12,Suttkus and Jennings,gmc,07/31/2024,64,44,2354,na,07/31/2024,,0,0,0,0,0,0,0,0,0,0,0,0,0,0,0,0,0,0,0,0,0,0,0,0,0,0,0,0,0,0,0,0,na,0,0,0,0,0,0,0,0,0,0,0,0,0,0,0,0,,0,0,0,0,0,0,0,0,0,0,0,0,0,0,0,0,0,0,0,0,0,0,0,0,0,0,0,0,,0,0,0,0,0,0,0,0,0,0,0,0,0,0,0,0,0,0,0,,,,,
177831,177831_04,9,Carpiodes velifer,,,Pearl River along right bank two bends above River Mile 54,1996,1,13,RD and JS Suttkus,DJB GMC,07/31/2024,53,40,1469,na,07/31/2024,8 viable due to size (1 less than 30 mm),0,0,0,0,0,0,0,0,0,0,0,0,0,0,0,0,0,0,0,0,0,0,0,0,0,0,0,0,0,0,0,0,na,0,0,0,0,0,0,0,0,0,0,0,0,0,0,0,0,,0,0,0,0,0,0,0,0,0,5,0,0,0,0,0,0,0,0,0,0,0,0,0,0,0,0,,0,,0,0,0,0,0,0,0,0,0,0,0,0,0,0,0,0,0,0,0,0,0,0,0,0
152902,152902_01,9,Carpiodes velifer,,,Pearl river along left bank opposite Bogalusa Creek,1988,7,21,Suttkus and Caruso,djb kl,07/31/2024,34,26,301,na,07/31/2024,randomly selected from 8,0,0,0,0,0,0,0,0,0,0,0,0,0,0,0,0,0,0,0,0,0,0,0,0,0,0,0,0,0,0,0,0,na,0,0,0,0,0,0,0,0,0,0,0,0,0,0,0,0,,0,0,0,0,0,0,0,0,0,0,0,0,0,0,0,0,0,0,0,0,0,0,0,0,0,0,0,0,,0,0,0,0,0,0,0,0,0,0,0,0,0,0,0,0,0,0,0,,,,,
177831,177831_02,9,Carpiodes velifer,,,Pearl River along right bank two bends above River Mile 54,1996,1,13,RD and JS Suttkus,djb cjw,07/31/2024,41,31,582,na,07/31/2024,8 viable due to size (1 less than 30 mm),0,0,0,0,0,0,0,0,0,0,0,0,0,0,0,0,0,0,0,0,0,0,0,0,0,0,0,0,0,0,0,0,na,0,0,0,0,0,0,0,0,0,0,0,0,0,0,0,0,,0,0,0,0,0,0,0,0,0,0,0,0,0,0,0,0,0,0,0,0,0,0,0,0,0,0,0,0,,0,0,0,0,0,0,0,0,0,0,0,0,0,0,0,0,0,0,0,,,,,
38138,38138_01,15,Carpiodes velifer,,,Pearl River half a mile below Richardson Landing 1.5 mi SE of Bogalusa,1965,8,6,Suttkus and Gunning,DJB CJW,07/31/2024,40,28,647,na,07/31/2024,13 viable due to size (2 less than 30 mm),0,0,0,0,0,0,0,0,0,0,0,0,0,0,0,0,0,0,0,0,0,0,0,0,0,0,0,0,0,0,0,0,na,0,0,0,0,0,0,0,0,0,0,0,0,0,0,0,0,,0,0,0,0,0,0,0,0,0,198,0,0,0,0,0,0,0,0,0,0,0,0,0,0,0,0,0,0,,0,0,0,0,0,0,0,0,0,0,0,0,0,0,198,0,0,0,0,0,0,0,0,0
31000,31000_04,10,Carpiodes velifer,,,"Pearl River just above mouth of Coburn Creek, 1.5mi E of Hwy 7 in Bogalusa",1963,12,12,Suttkus and Jennings,djb kl,07/31/2024,43,32,861,na,07/31/2024,,0,0,0,0,0,0,0,0,0,0,0,0,0,0,0,0,0,0,0,0,0,0,0,0,0,0,0,0,0,0,0,0,na,0,0,0,0,0,0,0,0,0,0,0,0,0,0,0,0,,0,0,0,0,0,0,0,0,0,12,0,0,0,0,0,0,0,0,0,0,0,0,0,0,0,0,0,0,,0,0,0,0,0,0,0,0,0,0,0,0,0,0,12,0,0,0,0,,,,,
38138,38138_04,15,Carpiodes velifer,,,Pearl River half a mile below Richardson Landing 1.5 mi SE of Bogalusa,1965,8,6,Suttkus and Gunning,DJB CJW,07/31/2024,33,24,325,na,07/31/2024,13 viable due to size (2 less than 30 mm),0,0,0,0,0,0,0,0,0,0,0,0,0,0,0,0,0,0,0,0,0,0,0,0,0,0,0,0,0,0,0,0,na,0,0,0,0,0,0,0,0,0,0,0,0,0,0,0,0,,0,0,0,0,0,0,0,0,0,1,0,0,0,0,0,0,0,0,0,0,0,0,0,0,0,0,0,0,,0,0,0,0,0,0,0,0,0,0,0,0,0,0,1,0,0,0,0,0,0,0,0,0
31000,31000_02,10,Carpiodes velifer,,,"Pearl River just above mouth of Coburn Creek, 1.5mi E of Hwy 7 in Bogalusa",1963,12,12,Suttkus and Jennings,ij djb cjw,07/31/2024,51,39,1487,na,07/31/2024,,0,0,0,0,0,0,0,0,0,0,0,0,0,0,0,0,0,0,0,0,0,0,0,0,0,0,0,0,0,0,0,0,na,0,0,0,0,0,0,0,0,0,0,0,0,0,0,0,0,,0,0,0,0,0,0,0,0,0,66,0,0,0,0,0,0,0,0,0,0,0,0,0,0,0,0,0,0,,0,0,0,0,0,0,0,0,0,0,0,0,0,0,66,0,0,0,0,,,,,
38138,38138_03,15,Carpiodes velifer,,,Pearl River half a mile below Richardson Landing 1.5 mi SE of Bogalusa,1965,8,6,Suttkus and Gunning,DJB KL,07/31/2024,48,36,1093,na,07/31/2024,13 viable due to size (2 less than 30 mm),0,0,0,0,0,0,0,0,0,0,0,0,0,0,0,0,0,0,0,0,0,0,0,0,0,0,0,0,0,0,0,0,na,0,0,0,0,0,0,0,0,0,0,0,0,0,0,0,0,,0,0,0,0,0,0,0,0,0,27,0,0,0,0,0,0,0,0,0,0,0,0,0,0,0,0,0,0,,0,0,0,0,0,0,0,0,0,0,0,0,0,0,24,0,0,0,0,0,0,0,0,0
31000,31000_03,10,Carpiodes velifer,,,"Pearl River just above mouth of Coburn Creek, 1.5mi E of Hwy 7 in Bogalusa",1963,12,12,Suttkus and Jennings,djb dmdm,07/31/2024,52,38,1398,na,07/31/2024,,0,0,0,0,0,0,0,0,0,0,0,0,0,0,0,0,0,0,0,0,0,0,0,0,0,0,0,0,0,0,0,1,na,0,0,0,0,0,0,0,0,0,0,0,0,0,0,0,0,,0,0,0,0,0,0,0,0,0,2,0,0,0,0,0,0,0,0,0,0,0,0,0,0,0,0,0,0,,0,0,0,0,0,0,0,0,0,0,0,0,0,0,2,1,0,0,0,,,,,
128025,128025_01,27,Carpiodes velifer,,,Pearl River along right bank between mouth of Coburn and Bogalusa Creek,1982,10,21,Suttkus and Rohmann,ij cjw,07/31/2024,36,25,291,na,07/31/2024,randomly selected from 24 due to size (3<30mm),0,0,0,0,0,0,0,0,0,0,0,0,0,0,0,0,0,0,0,0,0,0,0,0,0,0,0,0,0,0,0,0,0,0,0,0,0,0,0,0,0,0,0,0,0,0,0,0,0,5,0,0,0,0,0,0,0,0,0,392,0,0,0,0,0,0,0,0,0,0,0,0,0,0,0,0,0,0,4,0,0,0,0,0,0,0,0,0,0,0,0,0,0,392,0,0,0,0,,,,,
112536,112536_01,21,Carpiodes velifer,,,Pearl River along left bank just above Coburn Creek 1.5 mi E of Bogalusa,1979,4,20,sorensen and rohmann,ij djb dmdm,07/31/2024,45,32,905,na,07/31/2024,,0,0,0,0,1,0,0,0,0,0,0,0,0,0,0,0,0,0,0,0,0,0,0,0,0,0,0,1,0,0,0,0,1,0,0,0,0,0,0,0,0,0,0,0,0,0,0,0,0,,0,1,0,0,0,0,0,0,0,0,6,0,0,0,0,0,0,0,0,0,0,0,1,0,0,0,0,0,,0,0,1,0,0,0,0,1,0,4,1,1,0,0,0,0,0,,,,,,,
1121536,112536_04,21,Carpiodes velifer,,,Pearl River along left bank just above Coburn Creek 1.5 mi E of Bogalusa,1979,4,20,sorensen and rohmann,JT GMC,07/31/2024,41,30,598,na,07/31/2024,,0,0,0,0,0,0,0,0,0,0,0,0,0,0,0,0,0,0,0,0,0,0,0,0,0,0,0,0,0,0,0,0,0,0,0,0,0,0,0,0,0,0,0,0,0,0,0,0,0,0,0,0,0,0,0,0,0,0,0,3,0,0,0,0,0,0,0,0,0,0,0,0,0,0,0,0,0,0,0,0,0,0,0,0,0,0,0,0,0,0,0,0,0,3,0,0,0,0,0,0,0,0,0
177831,177831_03,9,Carpiodes velifer,,,Pearl River along right bank two bends above River Mile 54,1996,1,13,RD and JS Suttkus,djb clw,07/31/2024,35,25,288,na,07/31/2024,8 viable due to size (1<30mm),0,0,1,1,0,0,0,0,0,0,0,0,0,0,0,0,0,0,0,0,0,0,0,0,0,0,0,0,0,0,0,0,0,0,0,0,0,0,0,0,0,0,0,0,0,0,0,0,0,0,0,0,0,0,0,0,0,0,0,0,0,0,180,0,0,0,180,0,0,0,0,0,0,0,0,0,0,0,0,0,0,0,0,0,0,0,0,0,0,0,0,0,0,0,0,1,0,1,,,,,
38138,38138_02,15,Carpiodes velifer,,,Pearl River half a mile below Richardson Landing 1.5 mi SE of Bogalusa,1965,8,6,Suttkus and Gunning,sc jt cjw,07/31/2024,37,27,481,na,07/31/2024,13 viable due to size,0,0,0,0,0,0,0,0,0,0,0,0,0,0,0,0,0,0,0,0,0,0,0,0,na,0,0,0,0,0,0,0,0,0,0,0,0,0,0,0,0,0,0,0,0,0,0,0,0,0,0,0,0,0,0,0,0,0,0,9,0,0,0,0,0,0,0,0,0,0,0,0,0,0,0,0,0,0,0,0,0,0,0,0,0,0,0,0,0,0,0,0,0,8,0,0,0,0,0,0,0,0,0
128025,128025_01,27,Carpiodes velifer,,,Pearl River along right bank between mouth of Coburn and Bogalusa Creek,1982,10,21,Suttkus and Rohmann,sc djb gmc,07/31/2024,33,25,244,na,07/31/2024,randomly selected from 24 due to size,0,0,,0,0,0,0,0,0,0,0,0,0,0,0,0,0,0,0,0,0,0,0,0,na,0,0,0,0,0,0,0,0,0,0,0,0,0,0,0,0,0,0,0,0,0,0,0,0,0,0,0,0,0,0,0,0,0,0,36,0,0,0,0,0,0,0,0,0,0,0,0,0,0,0,0,0,0,0,0,0,0,0,0,0,0,0,0,0,0,0,0,0,36,0,0,0,0,0,0,0,0,0
151218,151218_02,52,Carpiodes velifer,,,Pearl River along right bank 0.5 mi below Richardson Landing,1988,1,14,Suttkus,DMDM,07/31/2024,38,27,446,na,08/01/2024,Randomly selected from 44 due to size,0,0,0,0,0,0,0,0,0,0,0,0,0,0,0,0,0,0,0,0,0,0,0,0,0,0,0,0,0,0,0,0,0,0,0,0,0,0,0,0,0,0,0,0,0,0,0,0,0,0,0,0,1,0,0,0,0,0,0,3,0,0,0,0,0,0,0,0,0,0,0,0,0,0,0,0,0,0,0,0,0,0,1,0,0,0,0,0,0,0,0,0,0,3,0,0,0,0,0,0,0,0,0
190972,190972_01,9,Carpiodes velifer,,,Pearl River along right bank of second bend above river mile 54,2000,7,1,RD and JS Suttkus,kl,08/01/2024,29,22,253,na,08/01/2024,Selected from 28mm and above,0,0,0,0,0,0,0,0,0,0,0,0,0,0,0,0,0,0,0,0,0,0,0,0,0,0,0,0,0,0,0,0,0,0,0,0,0,0,0,0,0,0,0,0,0,0,0,0,0,0,0,0,0,0,0,0,0,0,0,3,0,0,0,0,0,0,0,0,0,0,0,0,0,0,0,0,0,0,0,0,0,0,0,0,0,0,0,0,0,0,0,0,0,1,0,0,0,0,,,,,
0,178358_02,11,Carpiodes velifer,,,Pearl Rivera long left bank opposite mouth of Bogalusa Creek,1996,4,6,RD and JS Suttkus,JT DMDM KL GMC,07/31/2024,57,42,1424,na,08/01/2024,Dorsal fin not whole,0,17,0,0,0,0,0,0,1,0,21,13,NA,0,0,0,0,0,0,0,0,0,0,0,0,0,0,0,0,0,0,0,0,0,0,0,0,0,0,0,0,0,0,0,0,0,0,0,0,0,0,0,0,0,0,0,0,0,0,5,10,0,0,0,0,0,0,0,0,0,0,0,0,0,0,0,0,0,0,0,0,0,0,0,0,0,0,0,9,0,0,0,0,2,0,1,0,0,0,0,0,0,
31086,31086_04,7,Carpiodes velifer,,,"Pearl River between mouth of Coburn + Bogalusa Cr, 1.4 mi east of Hwy 7 in Bogalusa",1964,2,20,Suttkus and Gunning,jt kl,08/01/2024,41,29,426,na,08/01/2024,,0,0,0,0,0,0,0,0,0,0,0,2,0,0,0,0,0,0,0,0,0,0,0,0,0,0,0,0,0,0,0,0,0,0,0,0,0,0,0,0,0,0,0,0,0,0,0,0,0,0,0,0,1,0,0,0,0,0,0,5,0,0,0,0,0,0,0,0,0,0,0,0,0,0,0,0,0,0,0,0,0,0,1,0,0,0,0,0,0,0,0,0,0,5,0,0,0,0,,,,,
151218,151218_03,52,Carpiodes velifer,,,Pearl River along right bank 0.5 mi below Richardson Landing,1988,1,14,Suttkus and Caruso,DMDM CJW,07/31/2024,39,28,527,na,08/01/2024,,0,0,0,0,0,0,0,0,0,0,0,0,0,0,0,0,0,0,0,0,0,0,0,0,0,0,0,0,0,0,0,0,0,0,0,0,0,0,0,0,0,0,0,0,0,0,0,0,0,0,0,0,0,0,0,0,0,0,0,2,0,0,0,0,0,0,0,0,0,0,0,0,0,0,0,0,0,0,0,0,0,0,0,0,0,0,0,0,0,0,0,0,0,2,0,0,0,0,0,0,0,0,0
31360,31360_03,42,Carpiodes velifer,,,"Pearl River at river mile 54, 2.2mi SE of Bogalusa",1963,5,20,Suttkus and Gunning,djb gmc kl,08/01/2024,32,25,294,na,08/01/2024,5 viable in lot due to size,0,0,0,0,0,0,0,0,0,0,0,0,0,0,0,0,0,0,0,0,0,0,0,0,0,0,0,0,0,0,0,0,0,0,0,0,0,0,0,0,0,0,0,0,0,0,0,0,0,0,0,0,0,0,0,0,0,0,0,0,0,0,0,0,0,0,0,0,0,0,0,0,0,0,0,0,0,0,0,0,0,0,0,0,0,0,0,0,0,0,0,0,0,0,0,0,0,0,,,,,
123304,123304_04,35,Carpiodes velifer,,,Pearl River along right bank between Coburn and Bogalusa Creek,1981,10,22,Suttkus and Rohmann,DMDM CJW,08/01/2024,37,26,426,na,08/01/2024,Randomly selecting from 13 fish,0,0,0,0,0,0,0,0,0,0,0,1,0,0,0,0,0,0,0,0,0,0,0,0,0,0,0,0,0,0,0,0,0,0,0,0,0,0,0,0,0,0,0,0,0,0,0,0,0,0,0,0,0,0,0,0,0,0,0,2,0,0,0,0,0,0,0,0,0,0,0,0,0,0,0,0,0,0,0,0,0,0,0,0,0,0,0,0,0,0,0,0,0,2,0,0,0,0,0,0,0,0,0
190972,190972_04,9,Carpiodes velifer,,,Pearl River along right bank at second bend above river mile 54,2000,7,1,RD and JS Suttkus,kl,08/01/2024,30,23,279,na,08/01/2024,Selected from 28mm and above,0,0,0,0,0,0,0,0,0,0,0,0,0,0,0,0,0,0,0,0,0,0,0,0,0,0,0,0,0,0,0,0,0,0,0,0,0,0,0,0,0,0,0,0,0,0,0,0,0,0,4,0,0,0,0,0,0,0,0,0,0,0,0,0,0,0,0,0,0,0,0,0,0,0,0,0,0,0,0,4,0,0,0,0,0,0,0,0,0,0,0,0,0,0,0,0,0,0,0,,,,
123304,123304_02,35,Carpiodes velifer,,,Pearl River along right bank between Coburn and Bogalusa Creek,1981,10,22,Suttkus and Rohmann,DMDM GMC,08/01/2024,36,21,413,na,08/01/2024,Randomly selecting from 13 fish,0,0,0,0,0,0,0,0,0,0,0,0,0,0,0,0,0,0,0,0,0,0,0,0,0,0,0,0,0,0,0,0,0,0,0,0,0,0,0,0,0,0,0,0,0,0,0,0,0,0,0,0,0,0,0,0,0,0,0,3,0,0,0,0,0,0,0,0,0,0,0,0,0,0,0,0,0,0,0,0,0,0,0,0,0,0,0,0,0,0,0,0,0,3,0,0,0,0,0,0,0,0,0
100830,100830_04,8,Carpiodes velifer,,,"Pearl River just above mouth of Coburn Creek, 1.5mi E of Hwy 7 in Bogalusa",1977,1,19,Suttkus and Sorensen,jt kl,08/01/2024,34,27,301,na,08/01/2024,6 viable due to size (2<30mm),0,0,0,0,0,0,0,0,0,0,0,0,0,0,0,0,0,0,0,0,0,0,0,0,0,0,0,0,0,0,0,0,0,0,0,0,0,0,0,0,0,1,0,0,0,0,0,0,0,0,0,0,0,0,0,0,0,0,0,13,0,0,0,0,0,0,0,0,0,1,0,0,0,0,0,0,0,0,0,0,0,0,0,0,0,0,0,0,0,0,0,0,0,11,0,0,0,0,,,,,
123304,123304_03,35,Carpiodes velifer,,,Pearl River along right bank between Coburn and Bogalusa Creek,1981,10,22,Suttkus and Rohmann,JT SC DMDM,08/01/2024,40,29,517,na,08/01/2024,Randomly selecting from 13 fish,0,0,0,0,0,0,0,0,0,0,0,0,0,0,0,0,0,0,0,0,0,0,0,0,0,0,0,0,0,0,0,0,0,0,1,0,0,0,0,0,0,0,0,0,0,0,0,1,0,0,0,0,0,0,0,0,0,0,0,122,0,0,0,0,0,0,0,0,0,0,0,0,0,0,0,0,0,0,0,0,0,0,0,0,0,0,0,0,0,0,0,0,0,122,0,0,0,0,0,0,0,0,0
31000,31000_05,10,Carpiodes velifer,,,"Pearl River just above mouth of Coburn Creek, 1.5mi E of Hwy 7 in Bogalusa",1963,12,12,Suttkus and Gunning,jt dmdm,08/01/2024,44,34,886,na,08/01/2024,Randomly selected from 6 (4 previously dissected),0,0,0,0,0,0,0,0,0,0,0,0,0,0,0,0,0,0,0,0,0,0,0,0,0,0,0,0,0,0,0,0,1,0,0,0,0,0,0,0,0,0,0,0,0,0,0,0,0,0,0,0,0,0,0,0,0,0,0,1,0,0,0,0,0,0,0,0,0,0,0,0,0,0,0,0,0,0,0,0,0,0,0,0,0,0,0,0,0,1,0,0,0,1,0,0,0,0,,,,,
120209,120209_02,23,Carpiodes velifer,,,Pearl River along left bank just above Coburn Creek 1.5 mi E of Bogalusa,1981,1,22,Suttkus and Sorensen,jt kl,08/01/2024,43,31,623,na,08/01/2024,randomly selected from 12 due to size,0,0,0,0,0,0,0,0,0,0,0,0,0,0,0,0,0,0,0,0,0,0,0,0,0,0,0,0,0,0,0,0,0,0,0,0,0,0,0,0,0,0,0,0,0,0,0,0,0,0,0,0,0,0,0,0,0,0,0,0,0,0,0,0,0,0,0,0,0,0,0,0,0,0,0,0,0,0,0,0,0,0,0,0,0,0,0,0,0,0,0,0,0,0,0,0,0,0,,,,,
157850,157850_01,6,Carpiodes velifer,,,Pearl River along left bank opposite Bogalusa Creek,1990,4,27,Suttkus and Caruso ,djb cjw,08/01/2024,40,28,458,na,08/01/2024,"only 3 selected due to # of specimen in jar, missing part of caudal and dorsal fins",0,0,0,0,0,0,0,0,0,0,0,4,0,0,0,0,0,0,0,0,0,0,0,0,na,0,0,0,0,0,0,na,na,na,na,0,0,0,0,0,0,0,0,0,0,0,0,0,0,0,0,0,0,0,0,0,0,0,0,32,0,0,0,0,0,0,0,0,0,0,0,0,0,0,0,0,0,0,0,0,0,0,0,0,0,0,0,0,0,0,0,0,0,32,0,0,0,0,0,0,0,0,0
157850,157850_02,6,Carpiodes velifer,,,Pearl River along left bank opposite Bogalusa Creek,1990,4,27,Suttkus and Caruso ,djb cjw,08/01/2024,47,35,814,na,08/01/2024,only 3 selected due to # of specimen in jar,0,0,0,0,0,0,0,0,0,0,2,31,0,0,0,0,0,0,0,0,0,0,0,0,na,0,0,0,0,0,0,0,0,0,na,0,0,0,0,0,0,0,0,0,0,0,0,0,0,0,0,0,0,0,2,0,0,0,0,42,0,0,0,0,0,0,0,0,0,0,0,0,0,0,0,0,0,0,0,0,1,0,0,0,0,0,0,0,0,0,0,0,0,42,0,0,0,0,0,0,0,0,0
157850,157850_03,6,Carpiodes velifer,,,Pearl River along left bank opposite Bogalusa Creek,1990,4,27,Suttkus and Caruso ,djb kl,08/01/2024,49,35,1016,na,08/01/2024,"only 3 selected due to # of specimen in jar, meta.unk voucher not taken because lost",0,0,0,0,0,0,0,0,0,0,0,1,0,0,0,0,0,0,0,0,0,0,0,0,0,0,0,0,1,0,0,0,0,0,na,0,0,0,0,0,0,0,0,0,0,0,0,7,0,0,0,0,0,0,0,0,0,0,0,64,0,0,0,0,0,0,0,0,0,0,0,0,0,0,0,0,7,0,0,0,0,0,0,0,0,0,0,0,0,0,0,0,0,40,0,0,0,0,0,0,0,0,0
31554,31554_01,72,Carpiodes velifer,,,"Pearl R, just above mouth of Coburn Cr, 15mi E of Hwy 7 in Bogalusa",1963,6,13,Gunning and Shireman ,djb cjw,08/01/2024,55,41,1613,na,08/01/2024,,0,0,0,0,0,0,0,0,0,0,0,0,0,0,0,0,0,0,0,0,0,0,0,0,0,0,0,0,0,0,0,0,0,0,na,0,0,0,0,0,0,0,0,0,0,0,0,0,0,0,0,0,0,0,0,0,0,0,0,0,0,0,0,0,0,0,0,0,0,0,0,0,0,0,0,0,0,0,0,0,0,0,0,0,0,0,0,0,0,0,0,0,0,0,0,0,0,0,0,0,0,0,0
31554,31554_02,72,Carpiodes velifer,,,"Pearl R, just above mouth of Coburn Cr, 15mi E of Hwy 7 in Bogalusa",1963,6,13,Gunning and Shireman ,djb cjw,08/01/2024,51,39,1246,na,08/01/2024,,0,0,0,0,0,0,0,0,0,0,0,0,0,0,0,0,0,0,0,0,0,0,0,0,na,0,0,0,0,0,0,0,0,0,na,0,0,0,0,0,0,0,0,0,6,8,0,0,0,0,0,0,0,0,0,0,0,0,0,0,0,0,0,0,0,0,0,0,0,0,0,0,0,6,6,0,0,0,0,0,0,0,0,0,0,0,0,0,0,0,0,0,0,0,0,0,0,0,0,0,0,0,0
31554,31554_03,72,Carpiodes velifer,,,"Pearl R, just above mouth of Coburn Cr, 15mi E of Hwy 7 in Bogalusa",1963,6,13,Gunning and Shireman ,djb dmdm,08/01/2024,53,39,1396,na,08/01/2024,myx.cm only one spore seen ,0,0,0,0,0,0,0,0,0,0,0,0,0,0,0,0,0,0,0,0,0,0,0,0,0,0,0,0,0,0,0,1,0,0,na,0,0,0,0,0,0,0,0,0,0,0,0,0,0,0,0,0,0,0,0,0,0,0,0,0,0,0,0,0,0,0,0,0,0,0,0,0,0,0,0,0,0,0,0,0,0,0,0,0,0,0,0,0,0,0,0,0,0,0,0,0,0,0,0,0,0,0,0
120209,120209_04,23,Carpiodes velifer,,,Pearl River along left bank just above Coburn Creek 1.5 mi E of Bogalusa,1981,1,22,Suttkus and Sorensen,jt cjw,08/01/2024,39,28,434,na,08/01/2024,randomly selected from 12 due to size,0,0,0,0,0,0,0,0,0,0,0,0,0,0,0,0,0,0,0,0,0,0,0,0,0,0,0,0,0,0,0,0,0,0,0,0,0,0,0,0,0,0,0,0,0,0,0,0,0,0,0,0,0,0,0,0,0,0,1,153,0,0,0,0,0,0,0,0,0,0,0,0,0,0,0,0,0,0,0,0,0,0,0,0,0,0,0,0,0,0,0,0,0,153,0,0,0,0,,,,,
178358,178358_04,11,Carpiodes velifer,,,Pearl River along left bank opposite mouth of Bogalusa Creek,1996,4,6,RD and JS Suttkus,IJ GMC,08/01/2024,59,44,2435,na,08/01/2024,,0,0,0,0,0,0,0,0,0,0,2,0,0,0,0,0,0,0,0,0,0,0,0,0,0,0,0,0,0,0,0,0,0,0,0,0,0,0,0,0,0,0,0,0,0,0,0,0,0,0,0,0,0,0,0,0,0,0,0,1,0,0,0,0,0,0,0,0,0,0,0,0,0,0,0,0,0,0,0,0,0,0,0,0,0,0,0,0,0,0,0,0,0,1,0,2,0,0,0,0,0,,0
33211,33211_03,5,Carpiodes velifer,,,"Pearl River just above mouth of Coburn Creek, 1.5mi E of Hwy 7 in Bogalusa",1964,6,11,Suttkus and Gunning,jt gmc,08/01/2024,69,50,2899,na,08/01/2024,randomly selected from 3 (2 previously dissected),0,0,0,0,0,0,0,0,0,0,0,0,0,0,0,0,0,0,0,0,0,0,0,0,0,0,0,0,0,0,0,0,0,0,0,0,0,0,0,0,0,0,0,0,0,0,0,0,0,0,0,0,0,0,0,0,0,0,0,19,0,0,0,0,0,0,0,0,0,0,0,0,0,0,0,0,0,0,0,0,0,0,0,0,0,0,0,0,0,0,0,0,0,19,0,0,0,0,,,,,
178358,178358_03,11,Carpiodes velifer,,,Pearl River along left bank opposite mouth of Bogalusa Creek,1996,4,6,RD and JS Suttkus,JT KL,07/31/2024,41,31,777,na,07/31/2024,,0,0,0,0,0,0,0,0,0,0,0,0,0,0,0,0,0,0,0,0,0,0,0,0,0,0,0,0,0,0,0,NA,NA,NA,0,0,0,0,0,0,0,0,0,0,0,0,0,0,0,0,0,0,0,0,0,0,0,0,0,0,0,0,0,0,0,0,0,0,0,0,0,0,0,0,0,0,0,0,0,0,0,0,0,0,0,0,0,0,0,0,0,0,0,0,0,0,0,0,0,0,0,0,0
37942,37943_03,5,Carpiodes velifer,,,"Pearl River between Coburn and Bogolusa Creek, 1.5 mi E of Bogolusa",1965,7,5,Suttkus and Gunning,jt kl,08/01/2024,41,29,501,na,08/01/2024,no liver,0,0,0,0,0,0,0,0,0,0,0,0,0,0,0,0,0,0,0,0,0,0,0,0,0,0,0,0,0,0,0,1,0,0,0,0,0,0,0,0,0,0,0,0,0,0,0,0,0,0,0,0,0,0,0,0,0,0,0,0,0,0,0,0,0,0,0,0,0,0,0,0,0,0,0,0,0,0,0,0,0,0,0,0,0,0,0,0,0,0,0,0,0,0,1,0,0,0,,,,,
112536,112536_02,21,Carpiodes velifer,,,Pearl River along left bank just above Coburn Creek 1.5 mi E of Bogalusa,1979,4,20,Sorensen and Rohmann,JT KL,07/31/2024,43,31,667,na,07/31/2024,,0,0,0,0,0,0,0,0,0,0,0,0,0,0,0,0,0,0,0,0,0,0,0,0,0,0,0,0,0,0,0,0,0,0,0,0,0,0,0,0,0,0,0,0,0,0,0,0,0,0,0,0,0,0,0,0,0,3,0,2,0,0,0,0,0,0,0,0,0,0,0,0,0,0,0,0,0,0,0,0,3,0,0,0,0,0,0,0,0,0,0,0,0,0,0,0,0,0,0,0,0,0,0
120209,120209_01,23,Carpiodes velifer,,,Pearl River along left bank just above Coburn Creek 1.5 mi E of Bogalusa,1981,1,22,Suttkus and Sorensen,jt cjw,08/01/2024,37,26,308,na,08/01/2024,Randomly selected from group of 12 due to size,0,0,0,0,0,0,0,0,0,0,0,0,0,0,0,0,0,0,0,0,0,0,0,0,0,0,0,0,0,0,0,0,0,0,0,0,0,0,0,0,0,0,0,0,0,0,0,0,0,0,0,0,0,0,0,0,0,0,0,13,0,0,0,0,0,0,0,0,0,0,0,0,0,0,0,0,0,0,0,0,0,0,0,0,0,0,0,0,0,0,0,0,0,13,0,0,0,0,0,,,,
123304,123304_01,35,Carpiodes velifer,,,Pearl Rivera long right bank between Coburn and Bogalusa Creek,1981,10,22,Suttkus and Rohmann,JT GMC,07/31/2024,43,32,576,na,07/31/2024,,0,0,0,0,0,0,0,0,0,0,0,0,0,0,0,0,0,0,0,0,0,0,0,0,0,0,0,0,0,0,0,1,0,0,0,0,0,0,0,0,0,0,0,0,0,0,0,0,0,0,0,0,0,0,0,0,0,0,0,68,0,0,0,0,0,0,0,0,0,0,0,0,0,0,0,0,0,0,0,0,0,0,0,0,0,0,0,0,0,0,0,0,0,68,0,0,0,0,0,0,0,0,0
31086,31086_05,7,Carpiodes velifer,,,"Pear River between mouth of coburn + Bogalusa Creek, 1.4 mi E of Hwy 7 in Bogalusa",1964,2,20,Suttkus and Gunning,JT DMDM,08/01/2024,56,40,1477,na,08/01/2024,no liver,0,0,0,0,0,0,0,0,0,0,0,0,0,0,0,0,0,0,0,0,0,0,0,0,0,0,0,0,0,0,0,0,0,0,0,0,0,0,0,0,0,0,0,0,0,0,0,0,0,0,0,0,0,0,0,0,0,0,0,0,0,0,0,0,0,0,0,0,0,0,0,0,0,0,0,0,0,0,0,0,0,0,0,0,0,0,0,0,0,0,0,0,0,0,0,0,0,0,0,0,0,0,0
100830,100830_01,8,Carpiodes velifer,,,"Pearl River just above mouth of Coburn Creek, 1.5mi E of Hwy 7 in Bogalusa",1977,1,19,Suttkus and Sorensen,jt dmdm,08/01/2024,33,23,256,na,08/01/2024,6 viable due to size (2<30mm),0,0,0,0,0,0,0,0,0,0,0,0,0,0,0,0,0,0,0,0,0,0,0,0,0,0,0,0,0,0,0,0,0,0,0,0,0,0,0,0,0,0,0,0,0,0,0,0,0,0,0,0,0,0,0,0,0,0,0,0,0,0,0,0,0,0,0,0,0,0,0,0,0,0,0,0,0,0,0,0,0,0,0,0,0,0,0,0,0,0,0,0,0,0,0,0,0,0,,,,,
197719,197719_03,5,Carpiodes velifer,,,Pearl River along left bank opposite Bogalusa Creek,2004,10,30,RD and JS Suttkus,DJB SC,08/01/2024,45,32,924,na,08/01/2024,Randomly selected from 3 (2 already dissected),0,0,0,0,0,0,0,0,0,0,0,0,0,0,0,0,0,0,0,0,0,0,0,0,0,0,0,0,0,0,0,0,0,0,0,0,0,0,0,0,0,0,0,0,0,0,0,0,0,0,0,0,0,0,0,0,0,0,0,18,0,0,0,0,0,0,0,0,0,0,0,0,0,0,0,0,0,0,0,0,0,0,0,0,0,0,0,0,0,0,0,0,0,17,0,0,0,0,0,0,0,0,0
31000,31000_06,10,Carpiodes velifer,,,"Pearl River just above mouth of Coburn Cr., 1.5 mi E of HWY 7 in Bogalusa",1963,12,12,Suttkus and Gunning,DJB DMDM,08/01/2024,63,46,2629,na,08/01/2024,Randomly selected from 6  (4 already dissected),0,0,0,0,0,0,0,0,0,0,0,0,0,0,0,0,0,0,0,0,0,0,0,0,0,0,0,0,0,0,0,0,0,0,0,0,0,0,0,0,0,0,0,0,0,0,0,0,0,0,0,0,0,0,0,0,0,0,0,0,0,0,0,0,0,0,0,0,0,0,0,0,0,0,0,0,0,0,0,0,0,0,0,0,0,0,0,0,0,0,0,0,0,0,0,0,0,0,0,0,0,0,0
197711,197711_03,5,Carpiodes velifer,,,Pearl River along left bank opposite Coburn Creek,2004,10,30,RD and JS Suttkus,djb cjw,08/01/2024,58,44,2390,na,08/01/2024,,0,0,0,0,0,0,0,0,0,0,0,0,0,0,0,0,0,0,0,0,0,0,0,0,0,0,0,0,0,0,0,0,0,0,0,0,0,0,0,0,0,0,0,0,0,0,0,0,0,0,0,0,0,0,0,0,0,0,0,5,0,0,0,0,0,0,0,0,0,0,0,0,0,0,0,0,0,0,0,0,0,0,0,0,0,0,0,0,0,0,0,0,0,5,0,0,0,0,0,0,0,0,0
112536,112536_03,21,Carpiodes velifer,,,Pearl River along left bank just above Coburn Creek 1.5 mi E of Bogalusa,1979,4,20,Sorensen and Rohmann,JT KL,07/31/2024,42,28,540,na,07/31/2024,,0,0,0,0,0,0,0,0,0,1,0,0,0,0,0,0,0,0,0,0,0,0,0,0,0,0,0,0,0,0,0,0,0,0,0,0,0,0,0,0,0,1,0,0,0,0,0,3,0,0,0,0,0,0,0,0,0,0,0,7,0,0,0,0,0,0,0,0,0,1,0,0,0,0,0,0,3,0,0,0,0,0,0,0,0,0,0,0,0,0,0,0,0,0,0,1,0,0,0,0,0,0,0
79541,79541_05,16,Carpiodes velifer,,,Pearl River at sand bar river mile 54,1972,7,12,Thompson and Cashner,djb cjw,08/01/2024,34,26,347,na,08/01/2024,7 viable in lot due to size (< 30 mm) and 4 dissected prior,0,0,0,0,0,0,0,0,0,0,0,0,0,0,0,0,0,0,0,0,0,0,0,0,0,0,0,0,0,0,0,na,na,na,na,0,0,0,0,0,0,0,0,0,0,0,0,0,0,0,0,0,0,0,0,0,0,0,0,0,0,0,0,0,0,0,0,0,0,0,0,0,0,0,0,0,0,0,0,0,0,0,0,0,0,0,0,0,0,0,0,0,0,0,0,0,0,0,0,0,0,0,0
79541,79541_06,16,Carpiodes velifer,,,Pearl River at sand bar river mile 54,1972,7,12,Thompson and Cashner,djb dmdm,08/01/2024,40,30,548,na,08/01/2024,7 viable in lot due to size (< 30 mm) and 4 dissected prior,0,0,0,0,0,0,0,0,0,0,0,0,0,0,0,0,0,0,0,0,0,0,0,0,0,0,0,0,0,0,0,0,0,0,0,0,0,0,0,0,0,0,1,0,0,0,0,0,0,0,0,0,0,0,0,0,0,0,0,0,0,0,0,0,0,0,0,0,0,0,0,0,0,0,0,0,0,0,0,0,0,0,0,0,0,0,0,0,0,0,0,0,0,0,0,0,0,0,0,0,0,0,0
79541,79541_07,16,Carpiodes velifer,,,Pearl River at sand bar river mile 54,1972,7,12,Thompson and Cashner,djb kl,08/01/2024,45,32,855,na,08/01/2024,7 viable in lot due to size (< 30 mm) and 4 dissected prior,0,0,0,0,0,0,0,0,0,0,0,0,0,0,0,0,0,0,0,0,0,0,0,0,0,0,0,0,0,0,0,0,0,0,0,0,0,0,0,0,0,0,0,0,0,0,0,0,0,0,0,0,0,0,0,0,0,0,0,0,0,0,0,0,0,0,0,0,0,0,1,0,0,0,0,0,0,0,0,0,0,0,0,0,0,0,0,0,0,0,0,0,0,0,0,0,0,0,0,0,0,0,0
31360,31360_01,42,Carpiodes velifer,,,"Pearl River at river mile 54, 2.2mi SE of Bogalusa",1963,5,20,Suttkus and Gunning,djb dmdm,08/01/2024,40,34,963,na,08/01/2024,"5 viable in lot due to size, no liver ",0,0,0,0,0,0,0,0,0,0,0,0,0,0,0,0,0,0,0,0,0,0,0,0,0,0,0,0,0,0,0,1,0,0,0,0,0,0,0,0,0,0,0,0,0,0,0,0,0,0,0,0,0,0,0,0,0,0,0,4,0,0,0,0,0,0,0,0,0,0,0,0,0,0,0,0,0,0,0,0,0,0,0,0,0,0,0,0,0,1,0,0,0,4,0,0,0,0,0,0,0,0,0
31360,31360_02,42,Carpiodes velifer,,,"Pearl River at river mile 54, 2.2mi SE of Bogalusa",1963,5,20,Suttkus and Gunning,djb gmc,08/01/2024,64,46,2735,na,08/01/2024,5 viable in lot due to size,0,0,0,0,0,0,0,0,0,0,0,0,0,0,0,0,0,0,0,0,0,0,0,0,na,0,0,0,0,0,0,0,0,0,0,0,0,0,0,0,0,1,0,0,0,0,0,0,0,0,0,0,0,0,0,0,0,0,0,500,0,0,0,0,0,0,0,0,0,1,0,0,0,0,0,0,0,0,0,0,0,0,0,0,0,0,0,0,0,0,0,0,0,500,0,0,0,0,0,0,0,0,0
100830,100830_02,8,Carpiodes velifer,,,"Pearl River just above mouth of Coburn Creek, 1.5mi E of Hwy 7 in Bogalusa",1977,1,19,Suttkus and Sorensen,djb kl,08/01/2024,44,31,684,na,08/01/2024,6 viable due to size (2<30mm),0,0,0,0,0,0,0,0,0,0,0,0,0,0,0,0,0,0,0,0,0,0,0,0,0,0,0,0,0,0,0,0,0,0,0,0,0,0,0,0,0,0,0,0,0,0,0,0,0,0,0,0,0,0,0,0,0,0,0,13,0,0,0,0,0,0,0,0,0,0,0,0,0,0,0,0,0,0,0,0,0,0,0,0,0,0,0,0,0,0,0,0,0,13,0,0,0,0,0,0,0,0,0
31360,31360_04,42,Carpiodes velifer,,,"Pearl River at Mile 54.3, 2.2 mi SE of Bogalusa",1963,5,20,Suttkus and Gunning,djb gcm,08/01/2024,30,23,182,na,08/01/2024,,0,0,0,0,0,0,0,0,0,0,0,0,0,0,0,0,0,0,0,0,0,0,0,0,0,0,0,0,0,0,0,na,0,0,0,0,0,0,0,0,0,0,0,0,0,0,0,0,0,0,0,0,0,0,0,0,0,0,0,0,0,0,0,0,0,0,0,0,0,0,0,0,0,0,0,0,0,0,0,0,0,0,0,0,0,0,0,0,0,0,0,0,0,0,0,0,0,0,0,0,0,0,
31554,31554_04,72,Carpiodes velifer,,,"Pearl River just above mouth of Coburn Creek, 1.5mi E of Hwy 7 in Bogalusa",1963,6,13,Gunning and Shireman ,djb kl,08/01/2024,47,35,942,na,08/01/2024,,0,0,0,0,0,0,0,0,0,0,0,0,0,0,0,0,0,0,0,0,0,0,0,0,0,0,0,0,1,0,0,0,0,0,0,0,0,0,0,0,0,0,0,0,1,1,0,0,0,0,11,0,0,0,0,0,0,0,0,0,0,1,0,0,0,0,0,0,0,0,0,0,1,1,1,0,0,0,0,10,1,0,0,0,0,0,0,0,0,0,0,0,0,0,0,0,0,0,,,,,
151218,151218_01,52,Carpiodes velifer,,,Pearl River along right bank 0.5 mi below Richardson Landing,1988,1,14,Suttkus and Caruso,djb gmc,07/31/2024,42,31,618,na,08/01/2024,Randomly selected from 44 due to size,0,0,0,0,0,0,0,0,0,0,0,0,0,0,0,0,0,0,0,0,0,1,0,0,0,0,0,0,0,0,0,0,1,0,0,0,0,0,0,0,0,0,0,0,0,0,0,0,0,0,0,0,0,0,0,0,0,0,0,12,0,0,0,0,0,0,0,0,0,0,0,0,0,0,0,0,0,0,0,0,0,0,0,0,0,0,0,0,0,1,0,0,0,8,0,0,0,0,0,0,0,0,
100830,100830_03,8,Carpiodes velifer,,,"Pearl River just above mouth of Coburn Creek, 1.5mi E of Hwy 7 in Bogalusa",1977,1,19,Suttkus and Sorensen,djb dmdm,08/01/2024,39,28,429,na,08/01/2024,6 viable due to size (2<30mm),0,0,0,0,0,0,0,0,0,0,0,0,0,0,0,0,0,0,0,0,0,1,0,100,0,0,0,0,0,0,0,0,0,0,0,0,0,0,0,0,0,0,0,0,0,0,0,0,0,0,0,0,0,0,0,0,0,0,0,1,0,0,0,0,0,0,100,0,0,0,0,0,0,0,0,0,0,0,0,0,0,0,0,0,0,0,0,0,0,0,0,0,0,1,0,0,0,0,0,0,0,0,0
151218,151218_04,52,Carpiodes velifer,,,Pearl River along right bank 0.5 mi below Richardson Landing,1988,1,14,Suttkus,djb gmc,08/01/2024,38,28,468,na,08/01/2024,Randomly selected from 44 due to size,0,0,0,0,0,0,0,0,0,0,0,0,0,0,0,0,0,0,0,0,0,0,0,0,na,0,0,0,0,0,0,0,0,0,0,0,0,0,0,0,0,0,0,0,0,0,0,0,0,0,0,0,0,0,0,0,0,0,0,4,0,0,0,0,0,0,0,0,0,0,0,0,0,0,0,0,0,0,0,0,0,0,0,0,0,0,0,0,0,0,0,0,0,4,0,0,0,0,0,0,0,0,0
178358,178358_01,11,Carpiodes velifer,,,Pearl Rivera long left bank opposite mouth of Bogalusa Creek,1996,4,6,RD and JS Suttkus,jt djb kl,07/31/2024,73,53,3770,na,08/01/2024,,0,0,0,0,0,0,0,0,0,0,0,0,0,0,0,0,0,0,0,0,0,0,0,0,0,0,0,0,0,0,0,0,0,0,0,0,0,0,0,0,0,0,0,0,0,0,0,0,0,0,0,0,0,3,0,0,0,0,0,52,0,0,0,0,1,0,0,0,0,0,0,0,0,0,0,0,0,0,0,0,0,0,0,3,0,0,0,1,0,0,0,0,0,2,0,0,0,0,0,0,0,0,0
190972,190972_02,9,Carpiodes velifer,,,PR along right bank at second bend above river mile 54,2000,7,1,RD and JS Suttkus,sc clw,08/01/2024,30,24,272,na,08/02/2024,selected from 28mm and above,0,0,0,0,0,0,0,0,0,0,0,0,0,0,0,0,0,0,0,0,0,0,0,0,na,0,na,0,0,0,0,0,0,1,0,0,0,0,0,0,0,0,0,0,0,0,0,0,2,0,0,0,0,0,0,0,0,0,0,1,0,0,0,0,0,0,0,0,0,0,0,0,0,0,0,0,0,2,0,0,0,0,0,0,0,0,0,0,0,0,0,0,1,0,0,0,0,0,0,0,0,0,0
31617,31617_04,7,Carpiodes velifer,,,"PR just above coburn creek, 1.5mi e of bogalusa",1963,6,14,SHIREMAN AND GUNNING,SC  CJW,08/02/2024,61,45,1996,NA,08/02/2024,,0,0,0,0,0,0,0,0,0,0,0,0,0,0,0,0,0,0,0,0,0,0,0,0,NA,0,0,0,2,0,0,0,0,0,0,0,0,0,0,0,0,0,0,0,0,0,0,0,0,0,0,0,0,0,0,0,0,0,0,0,0,0,0,0,0,0,0,0,0,0,0,0,0,0,0,0,0,0,0,0,2,0,0,0,0,0,0,0,0,0,0,0,0,0,0,0,0,0,0,0,0,0,0
79496,79496_02,4,Carpiodes velifer,,,PR AT SAND BAR JUST BELOW MOUTH OF COBURN CREEK,1972,7,12,Thompson and Cashner,SC KL DMDM,08/02/2024,39,30,398,NA,08/02/2024,"very little liver found, only seleced 2 from lot due to lot size",0,0,0,0,0,0,0,0,0,0,0,0,0,0,0,0,0,0,0,0,0,0,0,0,0,0,0,0,0,0,0,0,0,0,0,0,0,0,0,0,0,0,0,0,0,0,0,0,0,0,0,0,0,0,0,0,0,0,0,0,0,0,0,0,0,0,0,0,0,0,0,0,0,0,0,0,0,0,0,0,0,0,0,0,0,0,0,0,0,0,0,0,0,0,0,0,0,0,0,0,0,0,0
31617,31617_05,7,Carpiodes velifer,,,"PR just above coburn creek, 1.5mi e of bogalusa",1963,6,14,SHIREMAN AND GUNNING,djb gmc,08/02/2024,59,44,2241,na,08/02/2024,,0,0,0,0,0,0,0,0,0,0,0,0,0,0,0,0,0,0,0,0,0,0,0,0,0,0,0,0,0,0,0,0,0,0,0,0,0,0,0,0,0,0,0,0,0,0,0,0,0,0,0,0,0,0,0,0,0,0,0,0,0,0,0,0,0,0,0,0,0,0,0,0,0,0,0,0,0,0,0,0,0,0,0,0,0,0,0,0,0,0,0,0,0,0,0,0,0,0,0,0,0,0,0
79496,79496_01,4,Carpiodes velifer,,,PR AT SAND BAR JUST BELOW MOUTH OF COBURN CREEK,1972,7,12,Thompson and Cashner,djb dmdm,08/02/2024,35,26,303,na,08/02/2024,only seleced 2 from lot due to lot size,0,0,0,0,0,0,0,0,0,0,0,0,0,0,0,0,0,0,0,0,0,0,0,0,0,0,0,0,0,0,0,0,0,0,0,0,0,0,0,0,0,0,0,0,0,0,0,0,0,0,0,0,0,0,0,0,0,0,0,1,0,0,0,0,0,0,0,0,0,0,0,0,0,0,0,0,0,0,0,0,0,0,0,0,0,0,0,0,0,0,0,0,0,1,0,0,0,0,0,0,0,0,0
120209,120209_03,23,Carpiodes velifer,,,Pearl River along left bank just above Coburn Creek 1.5 mi E of Bogalusa,1981,1,22,Suttkus and Sorensen,djb cjw kl,08/01/2024,42,30,536,na,08/02/2024,randomly selected from group of 12 due to size,0,0,0,0,0,0,0,0,0,0,0,0,0,0,0,0,0,0,0,0,0,0,0,0,0,0,0,0,0,0,0,na,na,na,0,0,0,0,0,0,0,0,0,0,0,0,0,0,0,0,0,0,0,0,0,0,0,0,0,3,0,0,0,0,0,0,0,0,0,0,0,0,0,0,0,0,0,0,0,0,0,0,0,0,0,0,0,0,0,0,0,0,0,3,0,0,0,0,0,0,0,0,0
190972,190972_03,9,Carpiodes velifer,,,PR along right bank at second bend above river mile 54,2000,7,1,RD and JS Suttkus,djb kl gmc,08/01/2024,29,22,241,na,08/02/2024,selected from 28mm and above,0,0,0,0,0,0,0,0,0,0,0,0,0,0,0,0,0,0,0,0,0,0,0,0,0,0,0,0,0,0,0,0,0,0,0,0,0,0,0,0,0,0,0,0,0,0,0,0,0,0,0,0,0,0,0,0,0,0,0,11,0,0,0,0,0,0,0,0,0,0,0,0,0,0,0,0,0,0,0,0,0,0,0,0,0,0,0,0,0,0,0,0,0,11,0,0,0,0,0,0,0,0,0
129085,129085_02,5,Carpiodes velifer,,,PR along left bank .5mi below richardson ldg,1983,4,28,Suttkus and rohmann,djb jt kl,08/01/2024,41,32,736,na,08/02/2024,only 2 selected due to lot size,0,2,0,0,0,0,0,0,1,0,0,0,0,0,0,0,0,0,0,0,0,0,0,0,0,0,0,0,0,0,0,1,0,0,0,0,0,0,0,0,0,0,0,0,0,0,0,0,0,0,0,0,0,0,0,0,0,7,0,0,0,0,0,0,0,0,0,0,0,0,0,0,0,0,0,0,0,0,0,0,6,0,0,0,0,0,0,0,0,0,0,1,0,0,1,1,0,0,0,0,0,0,0
129085,129085_01,5,Carpiodes velifer,,,PR along left bank .5mi below richardson ldg,1983,4,28,Suttkus and rohmann,sc jt djb dmdm,08/02/2024,41,31,573,na,08/02/2024,only 2 selected due to lot size,0,1,0,0,0,0,0,0,0,0,0,0,0,0,0,0,0,0,0,0,0,0,0,0,0,0,0,0,0,0,na,0,0,0,0,0,0,0,0,0,0,0,0,0,0,0,0,0,0,0,0,0,0,0,0,0,0,0,0,45,0,0,0,0,0,0,0,0,0,0,0,0,0,0,0,0,0,0,0,0,0,0,0,0,0,0,0,0,0,0,0,1,0,45,0,0,0,0,0,0,0,0,0
165064,165064_02,5,Carpiodes velifer,,,PR along left bank opposite bogalusa creek,1992,7,18,RD and JS Suttkus,djb dmdm,08/01/2024,63,48,2765,na,08/02/2024,only selected 2 because 5 in lot,0,0,0,0,0,0,0,0,0,0,0,0,0,0,0,0,0,0,0,0,0,0,0,0,0,0,0,0,0,0,0,0,0,0,0,0,0,0,0,0,0,0,0,0,0,0,0,0,0,0,0,0,0,0,0,0,0,0,0,1,0,0,0,0,0,0,0,0,0,0,0,0,0,0,0,0,0,0,0,0,0,0,0,0,0,0,0,0,0,0,0,0,0,0,0,0,0,0,0,0,0,0,0
165064,165064_01,5,Carpiodes velifer,,,PR along left bank opposite bogalusa creek,1992,7,18,RD and JS Suttkus,sc kl gmc,08/01/2024,68,52,3409,na,08/02/2024,only selected 2 because 5 in lot,0,0,0,0,0,0,0,0,0,0,0,0,0,0,0,0,0,0,0,0,0,0,0,0,0,0,0,0,0,0,0,0,0,0,0,0,0,0,0,0,0,0,0,0,0,0,0,0,0,0,0,0,0,0,0,0,0,0,0,0,0,0,0,0,0,0,0,0,0,0,0,0,0,0,0,0,0,0,0,0,0,0,0,0,0,0,0,0,0,0,0,0,0,0,0,0,0,0,0,0,0,0,0