,InstitutionCode,CollectionCode,CatalogNumber,IndividualCount,ScientificName,Family,PreparationType,Tissues,Latitude,Longitude,CoordinateUncertaintyInMeters,HorizontalDatum,Country,StateProvince,County,Island,IslandGroup,Locality,VerbatimElevation,VerbatimDepth,YearCollected,MonthCollected,DayCollected,Collector,GeorefMethod,LatLongComments,BasisOfRecord,Remarks,DateLastModified,CI,decade,IndividualFishID,Dissector,DissectionDate,Sex,TotalLength_mm,StandardLength_mm,weight_mg,ARTHROPODS_GUTCONTENTS,NotesOnSpecimenPriorToDissection,ParasitesFound,Skin,BuccalCavity,BodyCavity,CYST.SMALL.PectoralFin,PelvicFin,AnalFin,CYST.FIN.CaudalFin,CYST.SMALL.CaudalFin,CYST.UNKN.CAUDALFIN,CYST.BIG.CAUDALFIN,DorsalFin,Gonad,Liver,Spleen,Kidney,TREM.POS.Eye,TREM.POST.Eye,TREM.IS.Eye,Heart,MYX.STWY.GallBladder,Stomach,NEM.OODLE.INTESTINE,NEM.W.INTESTINE,NEM.UNK.INTESTINE,NEM.LARV.INTESTINE,TREM.GA.Intestine,CEST.WOAD.Intestine,CEST.MIPI.INTESTINE,CEST.PROT.Intestine,CEST.UNK.INTESTINE,CEST.Y.INTESTINE,ACANTH.BLVE.CONNECTIVETISSUE,ACANTH.NEMOR.CONNECTIVETISSUE,CYST.UNK.ConnectiveTissue,MYX.STWY.CONNECTIVETISSUE,META.BOLISM.CONNECTIVETISSUE,TREM.POS.ConnectiveTissue,TREM.POST.ConnectiveTissue,META.Z.Gill,MONO.SASE.Gill,MYX.THIN.GILL,MYX.UPC.GILL,CYST.UNK.GILL,NEM.PRETZ.FLUSH,ACANTH.NEMOR.FLUSH,TREM.POS.FLUSH,TREM.POST.FLUSH,TREM.IS.FLUSH,CEST.MIPI.Flush,CEST.PROT.Flush,ACANTH.NEMOR.VOUCH,ACANTH.BLVE.VOUCH,CEST.PROT.VOUCH,CEST.WOAD.VOUCH,CEST.MIPI.VOUCH,CEST.UNK.VOUCH,CEST.Y.VOUCH,META.BOLISM.VOUCH,NEM.PRETZ.VOUCH,NEM.OODLE.VOUCH,NEM.W.VOUCH,NEM.LARV.VOUCH,TREM.GA.VOUCH,TREM.IS.VOUCH,TREM.POS.VOUCH,TREM.POST.VOUCH,META.Z.VOUCH,MONO.SASE.VOUCH,MYX.STWY.VOUCH,MYX.UPC.VOUCH,CYST.FIN.VOUCH,CYST.UNKN.VOUCH,MONO.SASE.SLIDE
694,TU,Fish,157858,11,Gambusia affinis,Poeciliidae,NA,NA,30.76528,-89.83222,NA,NA,United States of America,Mississippi,Pearl River,NA,NA,Pearl River along left bank opposite Bogalusa Creek.,NA,NA,1990,4,27,R.D. Suttkus & J.H. Caruso,NA,NA,PreservedSpecimen,,NA,control,1984-1993,157858_01,KL,07/13/2023,NA,40,31,,0,,,0,0,0,0,na,0,0,0,0,0,0,0,0,0,0,0,NA,NA,0,0,0,0,0,0,0,2,0,0,0,0,0,0,0,0,0,0,0,NA,0,0,0,0,0,0,0,0,NA,NA,0,0,0,0,0,0,0,0,0,0,0,0,0,0,2,NA,0,NA,0,0,0,0,0,0,0
167,TU,Fish,121243,20,Gambusia affinis,Poeciliidae,NA,NA,30.7825,-89.82027,NA,NA,United States of America,Louisiana,Washington,NA,NA,"Pearl River along left bank, 1.0 mi. below Hwy. 10 bridge.",NA,NA,1981,4,30,R.D. Suttkus & P.Y. Sorensen,NA,NA,PreservedSpecimen,,NA,control,1974-1983,121243_01,KL,07/13/2023,F,44,36,,0,,,0,0,0,0,na,0,0,0,0,0,0,0,0,0,0,0,NA,NA,0,0,0,0,1,0,0,0,0,0,0,0,0,0,0,0,0,0,0,NA,0,0,0,0,0,0,0,0,NA,NA,0,0,0,0,0,0,0,0,0,0,0,0,1,0,0,NA,0,NA,0,0,0,0,0,0,0
,TU,,176914,8,Gambusia affinis,,,,,,,,,,,,,Pearl River opposite Bogolusa Creek,,,1995,10,7,suttkus and dennemann,,,,,,,1994-2003,176914_01,gmc kl,04/01/2024,f,34,27,,Y,gonads full of fry,,0,0,0,0,na,0,0,0,0,0,0,0,0,na,0,0,NA,NA,0,0,0,0,0,0,0,0,0,0,0,0,0,0,0,0,0,0,0,NA,0,2,0,0,0,0,0,0,NA,NA,0,0,0,0,0,0,0,0,0,0,0,0,0,0,0,NA,0,NA,0,0,0,0,0,0,2
,TU,,176914,8,Gambusia affinis,,,,,,,,,,,,,Pearl River opposite Bogolusa Creek,,,1995,10,7,suttkus and dennemann,,,,,,,1994-2003,176914_02,GMC KL,04/01/2024,F,25,20,,NA,,,0,0,0,171,0,0,0,108,0,0,0,0,0,0,0,0,NA,NA,0,0,0,0,0,0,0,0,0,0,0,0,0,0,0,0,0,0,0,NA,0,0,0,0,0,0,0,0,NA,NA,0,0,0,0,0,0,0,0,0,0,0,0,0,0,0,NA,0,NA,0,0,0,0,0,0,0
,TU,,176914,8,Gambusia affinis,,,,,,,,,,,,,Pearl River opposite Bogolusa Creek,,,1995,10,7,suttkus and dennemann,,,,,,,1994-2003,176914_03,GMC,05/06/2024,F,21,19,,NA,,,0,0,0,0,0,0,0,8,0,0,0,0,0,0,0,0,NA,NA,0,0,0,0,0,0,0,0,0,0,0,0,0,0,0,0,0,0,0,NA,0,0,0,0,0,0,0,0,NA,NA,0,0,0,0,0,0,0,0,0,0,0,0,0,0,0,NA,0,NA,0,0,0,0,0,0,0
,TU,,176914,8,Gambusia affinis,,,,,,,,,,,,,Pearl River opposite Bogolusa Creek,,,1995,10,7,suttkus and dennemann,,,,,,,1994-2003,176914_04,gmc,05/06/24,na,24,18,,na,,,0,0,0,91,0,0,0,151,0,0,0,0,0,0,0,0,NA,NA,0,0,0,0,0,0,0,0,0,0,0,0,0,0,0,0,0,0,0,NA,0,0,0,0,0,0,0,0,NA,NA,0,0,0,0,0,0,0,0,0,0,0,0,0,0,0,NA,0,NA,0,0,0,0,0,0,0
,TU,,175630,13,Gambusia affinis,,,,,,,,,,,,,pearl river along left bank,,,1995,7,29,RD and IS Suttkus,,,,,,,1994-2003,175630_02,sd acl gmc,05/07/2024,na,20,12,,y,,,0,0,0,0,0,0,0,0,0,0,0,0,0,0,0,0,NA,NA,0,0,0,0,0,0,0,0,0,0,0,0,0,0,0,0,0,0,0,NA,0,0,0,0,0,0,0,0,NA,NA,0,0,0,0,0,0,0,0,0,0,0,0,0,0,0,NA,0,NA,0,0,0,0,0,0,0
,TU,,175630,13,Gambusia affinis,,,,,,,,,,,,,pearl river along left bank,,,1995,7,29,RD and IS Suttkus,,,,,,,1994-2003,175630_01,gmc kl,05/07/2024,f,22,12,,na,,,0,0,0,0,0,0,0,0,0,0,0,0,0,0,0,0,NA,NA,0,0,0,0,0,0,0,0,0,0,0,0,0,0,0,0,0,0,0,NA,0,0,0,0,0,0,0,0,NA,NA,0,0,0,0,0,0,0,0,0,0,0,0,0,0,0,NA,0,NA,0,0,0,0,0,0,0
,TU,,175630,13,Gambusia affinis,,,,,,,,,,,,,pearl river along left bank,,,1995,7,29,RD and IS Suttkus,,,,,,,1994-2003,175630_04,sd acl gmc,05/07/2024,na,28,23,,na,,,0,0,0,0,0,0,0,0,0,0,0,0,0,0,0,0,NA,NA,0,0,0,0,0,0,0,0,0,0,0,0,0,0,0,0,0,0,0,NA,0,0,0,0,0,0,0,0,NA,NA,0,1,0,0,1,0,0,0,0,0,0,0,0,0,0,NA,0,NA,0,0,0,0,0,0,0
,TU,,175630,13,Gambusia affinis,,,,,,,,,,,,,pearl river along left bank,,,1995,7,29,RD and IS Suttkus,,,,,,,1994-2003,175630_03,SD ACL GMC,05/07/2024,F,21,12,,NA,,,0,0,0,0,0,0,0,0,3,0,0,0,0,0,0,0,NA,NA,0,0,0,0,0,0,0,0,0,0,0,0,0,0,0,0,0,0,0,NA,0,0,0,0,0,0,0,0,NA,NA,0,0,0,0,0,0,0,0,0,0,0,0,0,0,0,NA,0,NA,0,0,0,0,0,2,0
,TU,,121273,32,Gambusia affinis,,,,,,,,,,,,,Pearl River along right bank between mouth of Coburn and Bogalusa Creek,,,1981,4,30,Suttkus and Sorensen,,,,,,,,121273_02,JT DMDM,08/02/2024,,37,28,540,NA,Randomly selected from a group of 26 due to size,,0,0,0,0,0,0,0,0,0,0,0,0,0,0,0,0,NA,NA,0,0,0,0,0,0,0,0,1,0,0,0,0,0,0,0,0,0,1,NA,0,0,0,0,0,0,0,0,NA,NA,0,0,0,0,0,1,0,0,0,0,0,0,0,0,0,NA,1,NA,0,0,0,0,0,0,
,TU,,121273,32,Gambusia affinis,,,,,,,,,,,,,Pearl River along right bank between mouth of Coburn and Bogalusa Creek,,,1981,4,30,Suttkus and Sorensen,,,,,,,,121273_01,JT CJW,08/02/2024,NA,36,28,486,Y,Randomly selected from 26 fish due to size,,0,0,0,0,0,0,0,0,0,0,0,0,0,0,0,0,NA,NA,0,NA,0,0,0,0,0,0,0,0,0,0,0,0,0,0,0,0,0,NA,0,4,0,0,0,0,0,0,NA,NA,0,0,0,0,0,0,0,0,0,0,0,0,0,0,0,NA,0,NA,0,4,0,0,0,0,
,TU,,197197,26,Gambusia affinis,,,,,,,,,,,,,Pearl River along right bank 1.0 miles below LA Hwy 10,,,2004,7,17,RD and JS Suttkus,,,,,,,,197197_04,DMDM,08/02/2024,F,33,27,351,NA,Randomly selected from 10 due to size,,0,0,0,0,0,0,0,0,0,0,0,0,0,0,0,0,NA,NA,0,0,0,0,0,0,0,0,0,0,0,0,0,0,0,0,0,0,0,NA,0,5,0,0,0,0,0,0,NA,NA,0,0,0,0,0,0,0,0,0,0,0,0,0,0,0,NA,0,NA,0,5,0,0,0,0,
,TU,,197233,14,Gambusia affinis,,,,,,,,,,,,,Pearl River along left bank opposite Bogalusa Creek.,,,2004,7,17,RD and JS Suttkus,,,,,,,,197233_03,CJW KL,08/02/2024,NA,34,27,389,Y,Randomly selected from 7 due to size (seven less than 27 mm),,0,0,0,0,0,0,0,0,0,0,0,0,0,0,0,2,NA,NA,0,0,0,0,0,0,0,0,0,0,0,0,0,0,0,0,0,0,0,NA,0,4,0,0,0,0,0,0,NA,NA,0,0,0,0,0,0,0,0,0,0,0,0,0,0,0,NA,2,NA,0,4,0,0,0,0,
,TU,,197233,14,Gambusia affinis,,,,,,,,,,,,,Pearl River along left bank opposite Bogalusa Creek.,,,2004,7,17,RD and JS Suttkus,,,,,,,,197233_01,DMDM,08/02/2024,NA,29,22,193,Y,Randomly selected from group of 7 due to size (seven less than 27 mm),,0,0,0,0,0,0,0,0,0,0,0,0,0,0,0,0,NA,NA,0,0,0,0,0,0,0,0,0,0,0,0,0,0,0,0,0,0,0,NA,0,0,0,0,0,0,0,0,NA,NA,0,0,0,0,0,0,0,0,0,0,0,0,0,0,0,NA,0,NA,0,0,0,0,0,0,
,TU,,197197,26,Gambusia affinis,,,,,,,,,,,,,Pearl River along right bank 1.0 miles below LA HW4,,,2004,7,17,RD and JS Suttkus,,,,,,,,197197_01,jt dmdm,08/02/2024,F,33,26,359,na,randomly selected from 10 due to size,,0,0,0,0,0,0,0,0,0,0,0,0,0,0,0,1,NA,NA,0,1,0,0,0,0,0,0,0,0,0,0,0,0,0,0,0,0,0,NA,0,3,0,0,0,0,0,0,NA,NA,0,0,0,0,0,0,0,0,0,0,0,0,0,0,0,NA,1,NA,0,3,1,0,0,0,
,TU,,197197,26,Gambusia affinis,,,,,,,,,,,,,Pearl River along right bank 1.0 miles below LA HW4,,,2004,7,17,RD and JS Suttkus,,,,,,,,197197_02,kl,08/02/2024,F,47,38,1492,na,"randomly selected from 10 due to size, liver had large dark spot- necrotic?",,0,0,0,0,0,0,0,0,0,0,0,0,0,0,0,0,NA,NA,0,0,0,0,0,0,0,0,0,0,0,0,0,0,0,0,0,0,5,NA,0,8,0,0,0,0,0,0,NA,NA,0,0,0,0,0,0,0,0,0,0,0,0,0,0,0,NA,5,NA,0,8,0,0,0,0,
,TU,,197233,14,Gambusia affinis,,,,,,,,,,,,,Pearl River along left bank opposite Bogalusa Creek.,,,2004,7,17,RD and JS Suttkus,,,,,,,,197233_04,gmc,08/02/2024,na,41,33,858,na,Randomly selected from 7 due to size (seven less than 27 mm),,0,0,0,0,0,0,0,0,0,0,0,0,0,0,0,1,NA,NA,,na,0,0,0,0,0,0,0,0,0,0,0,0,0,1,0,0,1,NA,0,2,0,0,0,0,0,0,NA,NA,0,0,0,0,0,0,0,0,0,0,0,0,0,0,0,NA,2,NA,0,2,0,0,0,1,
,TU,,121273,32,Gambusia affinis,,,,,,,,,,,,,Pearl River along right bank between mouth of Coburn and Bogalusa Creek,,,1981,4,30,Suttkus and Sorensen,,,,,,,,121273_03,JT KL,08/02/2024,F,49,39,1209,NA,Randomly selected from a group of 26 due to size,,0,0,0,0,0,0,3,0,0,0,0,0,0,0,0,0,NA,NA,0,0,0,0,0,0,0,0,0,0,0,0,0,0,0,0,0,0,7,NA,0,1,0,0,0,0,0,0,NA,NA,0,0,0,0,0,0,0,0,0,0,0,0,0,0,0,NA,7,NA,0,1,0,0,2,0,
,TU,,197197,26,Gambusia affinis,,,,,,,,,,,,,Pearl River along right bank 1.0 miles below LA Hwy 10,,,2004,7,17,RD and JS Suttkus,,,,,,,,197197_03,CJW,08/02/2024,NA,34,28,376,NA,Randomly selected from 10 due to size. Anal fin accidentally removed during dissection - in dish. Gut empty.,,0,0,0,0,0,0,0,0,0,0,0,0,0,0,0,0,NA,NA,0,0,0,0,0,0,0,0,0,0,0,0,0,0,0,1,0,0,0,NA,0,9,0,0,0,0,0,0,NA,NA,0,0,0,0,0,0,0,0,0,0,0,0,0,0,0,NA,0,NA,0,9,0,0,0,0,
,TU,,148219,10,Gambusia affinis,,,,,,,,,,,,,Pearl River along left bank opposite Bogalusa Creek.,,,1987,4,2,Suttkus and Caruso,,,,,,,,148219_02,DJB KL,08/02/2024,F,33,26,256,NA,Randomly selected from a group of 7 due to size,,0,0,0,0,0,0,5,0,0,0,0,0,0,0,0,5,NA,NA,0,0,0,0,0,1,0,0,0,0,0,0,0,0,0,0,0,0,0,NA,0,0,0,0,0,0,0,0,NA,NA,0,0,0,0,0,0,0,0,0,0,0,0,0,0,0,NA,5,NA,0,0,0,0,0,0,
,TU,,145203,40,Gambusia affinis,,,,,,,,,,,,,PR along right bank .5 mi below richardson ldg,,,1986,4,24,suttkus and goodfellow,,,,,,,,145203_01,jt kl,08/05/2024,f,44,34,845,y,35 viable due to size,,0,0,0,0,0,0,0,0,0,0,0,0,0,0,0,0,NA,NA,0,0,na,1,0,0,0,0,0,0,0,0,0,0,0,0,0,0,0,NA,0,3,0,0,0,0,1,0,NA,NA,0,0,1,0,0,0,0,0,0,0,0,1,0,0,0,NA,0,NA,0,3,0,0,0,0,
,TU,,117130,14,Gambusia affinis,,,,,,,,,,,,,"PR RIGHT ALONG LEFT BANK JUST BELOW POOLS BLUFF SILL, 4 MI S OF BOGALUSA",,,1980,4,29,SUTTKUS AND ROHMAN,,,,,,,,117130_04,IJ DMDM,08/05/2024,NA,30,25,222,NA,,,0,0,0,0,0,0,0,0,0,0,0,0,0,0,0,5,NA,NA,0,0,0,0,0,0,0,0,0,0,0,0,0,0,0,0,0,0,0,NA,0,2,0,0,0,0,0,0,NA,NA,0,0,0,0,0,0,0,0,0,0,0,0,0,0,0,NA,5,NA,0,2,0,0,0,0,
,TU,,121291,35,Gambusia affinis,,,,,,,,,,,,,PR ALONG RIGHT bank .5 mi below richardson ldg,,,1981,4,30,Suttkus and Sorensen,,,,,,,,121291_04,SC IJ,08/05/2024,NA,43,30,1088,NA,RANDOMLY SELECTED FROM GROUP OF 31 DUE TO SIZE,,0,0,0,0,0,0,0,0,0,0,0,0,0,0,0,2,NA,NA,0,0,0,0,0,0,0,0,0,0,0,0,0,0,0,0,0,0,0,NA,0,5,0,0,0,0,0,0,NA,NA,0,0,0,0,0,0,0,0,0,0,0,0,0,0,0,NA,2,NA,0,5,0,0,0,0,
,TU,,117130,14,Gambusia affinis,,,,,,,,,,,,,"PR RIGHT ALONG LEFT BANK JUST BELOW POOLS BLUFF SILL, 4 MI S OF BOGALUSA",,,1980,4,29,SUTTKUS AND ROHMAN,,,,,,,,117130_03,JT CLW,08/05/2024,NA,28,22,156,Y,,,0,0,0,0,0,0,0,0,0,0,0,NA,0,NA,0,6,NA,NA,0,0,0,0,0,0,0,0,0,0,0,0,0,0,0,0,0,0,0,NA,0,1,0,0,0,0,0,0,NA,NA,0,0,0,0,0,0,0,0,0,0,0,0,0,0,0,NA,6,NA,0,1,0,0,0,0,
,TU,,145192,47,Gambusia affinis,,,,,,,,,,,,,PR ALONG LEFT BANK OPPOSITE OF BOGALUSA CREEK,,,1986,4,24,suttkus and goodfellow,,,,,,,,145192_04,SC DJB DMDM,08/05/2024,NA,30.5,24,196,NA,38 VIALBLE DUE TO SIZE,,0,0,0,0,0,0,0,0,0,0,0,0,0,0,0,0,NA,NA,0,0,0,0,0,0,1,0,0,0,0,0,0,0,0,0,0,0,0,NA,0,0,1,0,0,0,0,0,NA,NA,0,0,0,0,0,0,0,0,0,0,0,0,0,1,0,NA,0,NA,0,3,0,0,0,0,
,TU,,192761,13,Gambusia affinis,,,,,,,,,,,,,Pearl River along right bank at second bend above river mile 54,,,2001,4,28,JS Suttkus and CH Dannemann,,,,,,,,192761_02,DJB DMDM,08/05/2024,M,38,22,171,NA,Randomly selected from a group of 11 due to size,,0,0,0,0,0,0,0,0,0,0,0,0,0,0,0,2,NA,NA,0,0,0,0,0,0,0,0,0,0,0,0,0,0,0,0,0,0,0,NA,0,0,0,0,0,0,0,0,NA,NA,0,0,0,0,0,0,0,0,0,0,0,0,0,0,0,NA,2,NA,0,0,0,0,0,0,0
,TU,,121273,32,Gambusia affinis,,,,,,,,,,,,,Pearl River along right bank between mouth of Coburn and Bogalusa Creek,,,1981,4,30,Suttkus and Sorensen,,,,,,,,121273_04,DJB DMDM,08/05/2024,F,39,30,580,NA,Randomly selected from a group of 26 due to size,,0,0,0,0,0,0,0,0,0,0,0,0,0,0,0,0,NA,NA,0,0,0,0,0,0,0,0,0,0,0,0,0,0,0,0,0,0,0,NA,0,5,0,0,0,0,0,0,NA,NA,0,0,0,0,0,0,0,0,0,0,0,0,0,0,0,NA,0,NA,0,5,0,0,0,,
,TU,,149353,10,Gambusia affinis,,,,,,,,,,,,,Pearl River along left bank just below Pools Bluff Sill,,,1987,7,14,Suttkus and Hubert,,,,,,,,149353_01,DJB GMC,08/05/2024,NA,26.5,21,134,NA,Only two from jar one in size reqs; 1 fish 26.5 mm,,0,0,0,0,0,0,0,0,0,0,0,0,0,0,0,5,NA,NA,0,1,0,0,0,0,0,0,0,0,0,0,0,0,0,0,0,0,0,NA,0,1,0,0,0,0,0,0,NA,NA,0,0,0,0,0,0,0,0,0,0,0,0,0,0,0,NA,5,NA,0,1,1,0,0,0,0
,TU,,197233,14,Gambusia affinis,,,,,,,,,,,,,PR along left bank opposite of Bogalusa Creek,,,2004,7,17,RD + JS Suttkus,,,,,,,,197233_02,JT SC,08/05/2024,F,37,26,276,NA,Selected randomlz from group of 7 due to size,,0,0,0,0,0,0,0,0,0,0,0,0,0,0,0,4,NA,NA,0,0,0,0,0,0,0,0,0,0,0,0,0,0,0,0,0,0,0,NA,0,5,0,0,0,0,0,0,NA,NA,0,0,0,0,0,0,0,0,0,0,0,0,0,0,0,NA,4,NA,0,5,0,0,0,0,
,TU,,176893,12,Gambusia affinis,,,,,,,,,,,,,PR along right bank 1.0 mi below LA Hwy 10,,,1995,7,10,RD Suttkus and CH Donnerman,,,,,,,,176893_02,DMDM,08/05/2024,M,26,20,152,NA,Selected from 4 due to size,,0,0,0,0,0,0,0,0,0,0,0,0,0,0,0,0,NA,NA,0,0,0,0,0,0,0,0,0,0,0,0,0,0,0,0,0,0,0,NA,0,0,0,0,0,0,0,0,NA,NA,0,0,0,0,0,0,0,0,0,0,0,0,0,0,0,NA,0,NA,0,0,0,0,0,0,
,TU,,149353,10,Gambusia affinis,,,,,,,,,,,,,Pearl River along left bank just below Pools Bluff Sill,,,1987,7,14,Suttkus and Hubert,,,,,,,,149353_02,DMDM,08/05/2024,NA,29,23,155,Y,Only two jars are in size reqs; 1 fish 26.5 mm,,0,0,0,0,0,0,0,0,0,0,0,0,0,0,0,0,NA,NA,0,0,0,0,0,0,0,0,0,0,0,0,0,0,0,0,0,0,0,NA,0,1,0,0,0,0,0,0,NA,NA,1,0,0,0,0,0,1,0,0,0,0,0,0,0,0,NA,0,NA,0,1,0,0,0,0,0
,TU,,148219,10,Gambusia affinis,,,,,,,,,,,,,Pearl River along left bank opposite Bogalusa Creek.,,,1987,4,2,Suttkus and Caruso,,,,,,,,148219_01,DJB KL,08/05/2024,F,34,27,295,Y,Randomly selected from a group of 7 due to size,,0,0,0,0,0,0,0,0,0,0,0,0,0,0,0,0,NA,NA,0,0,0,0,0,0,0,0,0,0,0,0,0,0,0,0,0,0,0,NA,0,1,0,0,0,0,0,0,NA,NA,0,0,0,0,0,0,0,0,0,0,0,0,0,0,0,NA,0,NA,0,1,0,0,0,0,0
,TU,,117130,14,Gambusia affinis,,,,,,,,,,,,,"PR ALONG LEFT BANK JUST BELOW POOL BLUFF SILL, 4MI S OF BOGALUSA",,,1980,4,29,SUTTKUS AND ROHMANN,,,,,,,,117130_01,JT IJ GMC,08/05/2024,F,33,25,349,NA,,,0,0,0,0,0,0,0,0,0,0,0,0,0,0,0,4,NA,NA,0,0,0,0,0,0,0,0,0,0,0,0,0,0,0,0,0,0,0,NA,0,1,0,0,0,0,0,0,NA,NA,0,0,0,0,0,0,0,0,0,0,0,0,0,0,0,NA,4,NA,0,1,0,0,0,0,0
,TU,,120226,11,Gambusia affinis,,,,,,,,,,,,,Pearl River along right bank between Coburn and Bogalusa Creek,,,1981,1,22,Suttkus and Sorensen,,,,,,,,120226_02,DJB GMC,08/05/2024,M,27,20,124,M,Only 2 viable; 9 under 27 mm,,0,0,0,0,0,0,0,0,0,0,0,0,0,0,0,0,NA,NA,0,0,0,0,0,0,0,0,0,0,0,0,0,0,0,0,0,0,0,NA,0,0,0,0,0,0,0,0,NA,NA,0,0,0,0,0,0,0,0,0,0,0,0,0,0,0,NA,0,NA,0,0,0,0,0,0,0
,TU,,192761,13,Gambusia affinis,,,,,,,,,,,,,Pearl River along right bank at second bend above river mile 54,,,2001,4,28,JS Suttkus and CH Dannemann,,,,,,,,192761_01,IJ DJB KL,08/05/2024,NA,28,22,179,NA,RANDOMLY SELECTED FROM A GROUP OF 11 DUE TO SIZE,,0,0,0,0,0,0,0,0,0,0,0,0,0,0,0,0,NA,NA,0,1,0,0,0,0,0,0,0,0,0,0,0,0,0,0,0,0,0,NA,0,0,0,0,0,0,0,0,NA,NA,0,0,0,0,0,0,0,0,0,0,0,0,0,0,0,NA,0,NA,0,0,1,0,0,0,
,TU,,148219,10,Gambusia affinis,,,,,,,,,,,,,PR along left bank opposite of Bogalusa Creek,,,1987,4,2,Suttkus and Caruso,,,,,,,,148219_03,JT GMC,08/05/2024,NA,37,29,372,Y,Randomly selected from a group of 7 due to size,,0,0,0,0,0,0,0,0,0,0,0,0,0,0,0,7,NA,NA,0,0,0,0,0,0,0,0,0,0,0,0,0,0,0,0,0,0,0,NA,0,1,0,0,0,0,0,0,NA,NA,0,0,0,0,0,0,0,0,0,0,0,0,0,0,0,NA,7,NA,0,1,0,0,0,0,
,TU,,145192,47,Gambusia affinis,,,,,,,,,,,,,PR ALONG LEFT BANK OPPOSITE OF BOGALUSA CREEK,,,1986,4,24,suttkus and goodfellow,,,,,,,,145192_03,KJT DJB GMC,08/05/2024,M,31,25,234,NA,38 VIABLE DUE TO SIZE,,0,0,0,0,0,0,0,0,0,0,0,0,0,0,0,0,NA,NA,0,0,0,0,0,0,0,0,0,0,0,0,0,0,0,0,0,0,0,NA,0,0,0,0,0,0,0,0,NA,NA,0,0,0,0,0,0,0,0,0,0,0,0,0,0,0,NA,0,NA,0,0,0,0,0,0,
,TU,,120226,11,Gambusia affinis,,,,,,,,,,,,,Pearl River along right bank between Coburn and Bogalusa Creek,,,1981,1,22,Suttkus and Sorensen,,,,,,,,120226_01,DJB KL,08/05/2024,NA,28,23,146,NA,Only 2 viable due to size,,0,0,0,0,0,0,0,0,0,1,0,0,0,0,0,0,NA,NA,0,0,0,0,0,0,0,0,0,0,0,0,0,0,0,0,0,0,0,NA,0,0,0,0,0,0,0,0,NA,NA,0,0,0,0,0,0,0,0,0,0,0,0,0,0,0,NA,0,NA,0,0,0,0,0,0,0
,TU,,148219,10,Gambusia affinis,,,,,,,,,,,,,Pear River along left bank opposite Bogalusa Creek,,,1987,4,2,Suttkus and Caruso,,,,,,,,148219_04,DJB GMC JT,08/05/2024,NA,28,22,169,NA,Randomly selected from a group of 7 due to size,,0,0,0,0,0,0,0,0,0,0,0,0,0,0,0,0,NA,NA,0,0,0,0,0,0,0,0,0,0,1,0,0,0,0,0,0,0,0,NA,0,0,0,0,0,0,0,0,NA,NA,0,0,0,0,1,0,0,0,0,0,0,0,0,0,0,NA,0,NA,0,0,0,0,0,0,
,TU,,176893,12,Gambusia affinis,,,,,,,,,,,,,Pearl River along right bank 1.0 mi below LA HWY,,,1995,10,7,JS Suttkus and CH Dannemann,,,,,,,,176893_04,DMDM KL,08/05/2024,M,29,23,222,NA,Selected from 4 due to size,,0,0,0,0,0,0,0,0,0,0,0,0,0,0,0,0,NA,NA,0,0,0,0,0,0,0,0,0,0,0,0,0,0,0,0,0,0,0,NA,2,0,0,0,0,0,0,0,NA,NA,0,0,0,0,0,0,0,0,0,0,0,0,0,0,0,NA,0,NA,2,0,0,0,0,0,
,TU,,192399,18,Gambusia affinis,,,,,,,,,,,,,PEARL RIVER ALONG 6 FT BANK AT SECOND BEND BELOW RICHARDSON LANDING,,,2001,1,13,RD AND JS SUTTKUS,,,,,,,,192399_04,IJ DJB GMC,08/05/2024,F,36,28,357,NA,5 VIABLE DUE TO SIZE,,0,0,0,0,0,0,0,0,0,0,0,0,0,0,0,2,NA,NA,0,1,0,0,0,0,0,0,0,0,0,0,0,0,0,0,0,0,1,NA,0,0,0,0,0,0,0,1,NA,NA,0,0,0,0,0,0,0,0,0,0,0,0,0,0,0,NA,4,NA,0,0,1,0,0,0,
,TU,,176893,12,Gambusia affinis,,,,,,,,,,,,,Pearl River along right bank 1.0 mi below LA Hwy 10,,,1995,10,7,RD Suttkus and CH Dannemann,,,,,,,,176893_01,DJB DMDM,08/05/2024,M,24,19,139,NA,Selected from 4 due to size,,0,0,0,0,0,0,0,0,0,0,0,0,0,0,0,0,NA,NA,0,NA,0,0,0,0,0,0,0,0,0,0,0,0,0,0,0,0,0,NA,0,0,0,0,0,0,0,0,NA,NA,0,0,0,0,0,0,0,0,0,0,0,0,0,0,0,NA,0,NA,0,0,0,0,0,0,0
,TU,,197080,4,Gambusia affinis,,,,,,,,,,,,,Pearl River along left bank just below Pools Bluff Sill,,,2004,4,24,RD and JS Suttkus,,,,,,,,197080_01,DJB DMDM,08/05/2024,F,35,27,347,NA,,,0,0,0,0,0,0,0,0,0,0,0,0,0,0,0,8,NA,NA,0,1,0,0,0,0,0,0,0,0,0,0,0,0,0,0,0,0,0,NA,0,0,0,0,0,0,0,0,NA,NA,0,0,0,0,0,0,0,0,0,0,0,0,0,0,0,NA,8,NA,0,0,1,0,0,0,0
,TU,,197080,4,Gambusia affinis,,,,,,,,,,,,,Pearl River along left bank just below Pools Bluff Sill,,,2004,4,24,RD and JS Suttkus,,,,,,,,197080_02,DJB GMC,08/05/2024,F,41,32,737,NA,,,0,0,0,0,0,0,0,0,0,0,0,0,0,0,0,2,NA,NA,0,1,0,0,0,0,0,0,0,0,0,0,0,0,0,1,0,0,0,NA,0,0,0,0,0,0,0,0,NA,NA,0,0,0,0,0,0,0,0,0,0,0,0,0,0,0,NA,2,NA,0,0,1,0,0,0,0
,TU,,192399,18,Gambusia affinis,,,,,,,,,,,,,Pearl River along left bank at second bend below Richardson Landing,,,2001,1,13,RD and JS Suttkus,,,,,,,,192399_03,DJB KL,08/05/2024,NA,31,25,215,NA,5 viable due to size,,0,0,0,0,0,0,0,0,0,0,0,0,0,0,0,7,NA,NA,0,0,0,0,0,0,0,0,0,0,0,0,0,0,0,0,0,0,0,NA,0,2,0,0,0,0,0,0,NA,NA,0,0,0,0,0,0,0,0,0,0,0,0,0,0,0,NA,7,NA,0,2,0,0,0,0,0
,TU,,192761,13,Gambusia affinis,,,,,,,,,,,,,Pearl River along right bank at second bend above river mile 54,,,2001,4,28,JS Suttkus and CH Dannemann,,,,,,,,192761_03,SC DJB KL,08/05/2024,F,32,25,295,NA,RANDOMLY SELECTED FROM A GROUP OF 11 DUE TO SIZE,,0,0,0,0,0,0,0,0,0,0,0,0,0,0,0,0,NA,NA,0,0,0,0,0,0,0,0,0,0,0,0,0,0,0,0,0,0,0,NA,0,1,0,0,0,0,0,0,NA,NA,0,0,0,0,0,0,0,0,0,0,0,0,0,0,0,NA,0,NA,0,0,0,0,0,0,
,TU,,145192,47,Gambusia affinis,,,,,,,,,,,,,Pearl River along left bank opposite Bogalusa Creek.,,,1986,4,24,suttkus and goodfellow,,,,,,,,145192_01,DJB DMDM,08/05/2024,F,38,30,496,NA,38 fish only viable,,0,0,0,0,0,0,0,0,0,0,0,0,0,0,0,1,NA,NA,0,0,0,0,0,0,0,0,0,0,0,0,0,0,0,0,0,0,0,NA,3,3,0,0,0,0,0,0,NA,NA,0,0,0,0,0,0,0,0,0,0,0,0,0,0,0,NA,1,NA,3,3,0,0,0,0,0
,TU,,176893,12,Gambusia affinis,,,,,,,,,,,,,Pear River along right bank 1.0 mi below LA HWY 10,,,1995,10,7,JS Suttkus and CH Dannemann,,,,,,,,176893_03,CLW,08/05/2024,M,25,20,138,NA,Selected from 4 due to size,,0,0,0,0,0,0,0,0,0,0,0,0,0,0,0,0,NA,NA,0,0,0,0,0,0,0,0,0,0,0,0,0,0,0,0,0,0,0,NA,0,0,0,0,0,0,0,0,NA,NA,0,0,0,0,0,0,0,0,0,0,0,0,0,0,0,NA,0,NA,0,0,0,0,0,0,
,TU,,192399,18,Gambusia affinis,,,,,,,,,,,,,Pearl River along left bank at second bend below Richardson Landing,,,2001,1,31,RD and JS Suttkus,,,,,,,,192399_02,DJB GMC,08/05/2024,M,30,24,209,NA,5 viable due to size,,0,0,0,0,0,0,0,0,0,0,0,0,0,0,0,0,NA,NA,0,0,0,0,0,0,0,0,0,0,0,0,0,0,0,0,0,0,0,NA,0,0,0,0,0,0,0,0,NA,NA,0,0,0,0,0,0,0,0,0,0,0,0,0,0,0,NA,0,NA,0,0,0,0,0,0,0
,TU,,192399,18,Gambusia affinis,,,,,,,,,,,,,Pearl River along left bank at second bend below Richardson Landing,,,2001,1,13,RD and JS Suttkus,,,,,,,,192399_01,DJB KL,08/05/2024,NA,33,26,268,NA,5 viable due to size,,0,0,0,0,0,0,0,0,0,0,0,0,0,0,0,0,NA,NA,0,0,0,0,0,0,0,0,0,0,0,0,0,0,0,0,0,0,0,NA,0,0,0,0,0,0,0,0,NA,NA,0,0,0,0,0,0,0,0,0,0,0,0,0,0,0,NA,0,NA,0,0,0,0,0,0,0
,TU,,145192,47,Gambusia affinis,,,,,,,,,,,,,PR ALONG LEFT BANK OPPOSITE OF BOGALUSA CREEK,,,1986,4,24,suttkus and goodfellow,,,,,,,,145192_02,SC DJB GMC,08/05/2024,F,38,30,508,NA,ONLY 38 VIABLE,,0,0,0,0,0,0,0,0,0,0,0,0,0,0,0,0,NA,NA,0,0,0,0,0,0,0,0,0,0,0,0,0,0,0,0,0,0,0,NA,0,1,0,0,0,0,0,0,NA,NA,0,0,0,0,0,0,0,0,0,0,0,0,0,0,0,NA,0,NA,0,1,0,0,0,0,
,TU,,197042,24,Gambusia affinis,,,,,,,,,,,,,PR ALONG LEFT BANK OPPOSITE OF BOGALUSA CREEK,,,2004,4,24,RD and JS Suttkus,,,,,,,,197042_03,sc dmdm,08/06/2024,f,38,30,542,na,randomly selected from a group of 25 due to size restrictions,,0,0,0,0,0,0,0,0,0,0,0,0,0,0,0,10,NA,NA,0,na,0,0,0,0,0,0,0,0,0,0,0,0,0,0,0,0,0,NA,0,2,0,0,0,0,0,0,NA,NA,0,0,0,0,0,0,0,0,0,0,0,0,0,0,0,NA,10,NA,0,2,0,0,0,0,0
,TU,,162917,14,Gambusia affinis,,,,,,,,,,,,,pr along left bank at river mile 54,,,1992,4,24,RD and JS Suttkus,,,,,,,,162917_02,sc ij cjw,08/06/2024,f,38,30,474,y,11 viable due to size,,0,0,0,0,0,0,0,0,0,0,0,0,0,0,0,0,NA,NA,0,na,0,0,0,0,0,0,0,0,0,0,0,0,0,0,0,0,0,NA,0,0,0,0,0,0,0,0,NA,NA,0,0,0,0,0,0,0,0,0,0,0,0,0,0,0,NA,0,NA,0,0,0,0,0,0,
,TU,,132481,28,Gambusia affinis,,,,,,,,,,,,,"pr along left bank jusT BELOW POOL BLUFF SILL, 4MI S OF BOGALUSA",,,1983,10,6,suttkus and gunning,,,,,,,,132481_01,jt gmc,08/06/2024,f,35,27,323,na,"5 from lot were already dissected, so they were removed from selection and 16 were randomly selected from",,0,0,0,0,0,0,0,0,0,0,0,0,0,0,0,4,NA,NA,0,na,0,0,0,0,0,0,0,0,0,0,0,0,0,0,0,0,0,NA,0,0,0,0,0,0,0,0,NA,NA,0,0,0,0,0,0,0,0,0,0,0,0,0,0,0,NA,4,NA,0,0,0,0,0,0,
,TU,,132481,28,Gambusia affinis,,,,,,,,,,,,,"pr along left bank jusT BELOW POOL BLUFF SILL, 4MI S OF BOGALUSA",,,1983,10,6,suttkus and gunning,,,,,,,,132481_02,sc cjw,08/06/2024,f,34,28,321,y,"5 from lot were already dissected, so they were removed from selection and 16 were randomly selected from",,0,0,0,0,0,0,0,0,0,0,0,0,0,0,0,0,NA,NA,0,1,0,0,0,0,0,0,0,0,0,0,0,0,0,0,0,0,0,NA,0,1,0,0,0,0,0,0,NA,NA,0,0,0,0,0,0,0,0,0,0,0,0,0,0,0,NA,0,NA,0,1,1,0,0,0,0
,TU,,162917,14,Gambusia affinis,,,,,,,,,,,,,pr along left bank at river mile 54,,,1992,4,24,RD and JS Suttkus,,,,,,,,162917_04,djb ij dmdm,08/06/2024,f,36,30,487,na,11 viable due to size,,0,0,0,0,0,0,0,0,0,0,0,0,0,0,0,0,NA,NA,0,na,0,0,0,0,0,0,0,0,0,0,0,0,0,0,0,0,0,NA,0,0,0,0,0,0,0,0,NA,NA,0,0,0,0,0,0,0,0,0,0,0,0,0,0,0,NA,0,NA,0,0,0,0,0,0,
,TU,,117130,14,Gambusia affinis,,,,,,,,,,,,,"PR ALONG LEFT BANK JUST BELOW POOL BLUFF SILL, 4MI S OF BOGALUSA",,,1980,4,29,SUTTKUS AND ROHMANN,,,,,,,,117130_02,sc ij dmdm,08/06/2024,na,29,22,184,na,na,,0,0,0,0,0,0,0,0,0,0,0,0,0,0,0,0,NA,NA,0,1,0,0,0,0,0,0,0,1,0,0,0,0,0,0,0,0,0,NA,0,0,0,0,0,0,0,0,NA,NA,0,0,0,0,0,0,1,0,0,0,0,0,0,0,0,NA,0,NA,0,0,1,0,0,0,
,TU,,132481,28,Gambusia affinis,,,,,,,,,,,,,"pr along left bank jusT BELOW POOL BLUFF SILL, 4MI S OF BOGALUSA",,,1983,10,6,suttkus and gunning,,,,,,,,132481_04,SC CJW,08/06/2024,NA,30,24,170,Y,"5 from lot were already dissected, so they were removed from selection and 16 were randomly selected from",,0,0,0,0,0,0,0,0,0,0,0,0,0,0,0,0,NA,NA,0,0,0,0,0,0,0,0,0,0,0,0,0,0,0,0,0,0,0,NA,0,0,0,0,0,0,0,2,NA,NA,0,0,0,0,0,0,0,0,0,0,0,0,0,0,0,NA,2,NA,0,0,0,0,0,0,
,TU,,192761,13,Gambusia affinis,,,,,,,,,,,,,Pearl River along right bank at second bend above river mile 54,,,2001,4,28,JS Suttkus and CH Dannemann,,,,,,,,192761_04,JT IJ DMDM,08/06/2024,NA,30,23,192,NA,RANDOMLY SELECTED FROM A GROUP OF 11 DUE TO SIZE,,0,0,0,0,0,0,0,0,0,0,0,NA,0,0,0,0,NA,NA,0,NA,0,0,0,0,0,0,0,0,0,0,0,0,0,0,0,0,0,NA,0,0,0,0,0,0,0,0,NA,NA,0,0,0,0,0,0,0,0,0,0,0,0,0,0,0,NA,0,NA,0,0,0,0,0,0,
,TU,,121291,35,Gambusia affinis,,,,,,,,,,,,,PR ALONG RIGHT bank .5 mi below richardson ldg,,,1981,4,30,Suttkus and Sorensen,,,,,,,,121291_03,JT IJ,08/06/2024,F,36,28,479,NA,RANDOMLY SELECTED FROM A GROUP OF 31 DUE TO SIZE,,0,0,0,0,0,0,0,0,0,0,0,0,0,0,NA,0,NA,NA,NA,0,0,0,0,0,0,0,0,0,0,0,0,0,0,0,0,0,0,NA,0,0,0,0,1,0,0,0,NA,NA,0,0,0,0,0,0,0,0,0,0,0,0,0,0,0,NA,0,NA,0,0,0,0,0,0,0
,TU,,145203,40,Gambusia affinis,,,,,,,,,,,,,PR ALONG RIGHT BANK .5 MI below richardson ldg,,,1986,4,24,suttkus and goodfellow,,,,,,,,145203_04,DJB GMC KL,08/06/2024,NA,40,31,581,NA,35 VIABLE,,0,0,0,0,0,0,0,0,0,0,0,0,0,0,0,0,NA,NA,0,0,0,0,0,0,0,0,0,0,0,0,0,0,0,0,0,0,0,NA,0,0,0,0,0,0,0,0,NA,NA,0,0,0,0,0,0,0,0,0,0,0,0,0,0,0,NA,0,NA,0,0,0,0,0,0,
,TU,,145203,40,Gambusia affinis,,,,,,,,,,,,,PR ALONG RIGHT BANK .5 MI below richardson ldg,,,1986,4,24,suttkus and goodfellow,,,,,,,,145203_03,sc gmc cjw,08/06/2024,m,28,22,143,y,35 viable due to size,,0,0,0,0,0,0,0,0,0,0,0,0,0,0,0,0,NA,NA,0,0,0,0,0,0,0,0,0,0,0,0,0,0,0,0,0,0,0,NA,0,4,0,0,1,0,0,0,NA,NA,0,0,0,0,0,0,0,0,0,0,0,0,0,0,0,NA,0,NA,0,4,0,0,0,1,0
,TU,,189558,44,Gambusia affinis,,,,,,,,,,,,,pr along left bank just below pools bluff sill,,,1999,10,9,RD and JS Suttkus,,,,,,,,189558_04,gmc djb dmdm,08/06/2024,f,31,24,223,y,"5 fish had gill tags, so those were excluded from our viable and we randomly selected from 30 fish due to size",,0,0,0,0,0,0,0,0,0,0,0,0,0,0,0,0,NA,NA,0,0,0,0,0,0,0,0,0,0,0,0,0,0,0,0,0,0,0,NA,0,0,0,0,0,0,0,0,NA,NA,0,0,0,0,0,0,0,0,0,0,0,0,0,0,0,NA,0,NA,0,0,0,0,0,0,0
,TU,,121291,35,Gambusia affinis,,,,,,,,,,,,,PR ALONG RIGHT bank .5 mi below richardson ldg,,,1981,4,30,Suttkus and Sorensen,,,,,,,,121291_01,djb sc kl,08/06/2024,f,34,27,405,y,RANDOMLY SELECTED FROM A GROUP OF 31 DUE TO SIZE,,0,0,0,0,0,0,0,0,0,0,0,0,0,0,0,4,NA,NA,0,na,0,0,0,0,0,0,0,0,0,0,0,0,0,0,0,0,0,NA,0,1,0,0,1,0,0,0,NA,NA,0,0,0,0,0,0,0,0,0,0,0,0,0,0,0,NA,4,NA,0,1,0,0,0,1,0
,TU,,145203,40,Gambusia affinis,,,,,,,,,,,,,PR ALONG RIGHT BANK .5 MI below richardson ldg,,,1986,4,24,suttkus and goodfellow,,,,,,,,145203_02,sc jt gmc,08/06/2024,m,27,22,129,na,35 viable due to size one gill arch was still attached from left side- it was removed and not counted,,0,0,0,0,0,0,0,0,0,0,0,0,0,0,0,0,NA,NA,0,0,0,0,0,0,0,0,0,0,0,0,0,0,0,0,0,0,0,NA,0,0,0,0,0,0,0,0,NA,NA,0,0,0,0,0,0,0,0,0,0,0,0,0,0,0,NA,0,NA,0,0,0,0,0,0,0
,TU,,189558,44,Gambusia affinis,,,,,,,,,,,,,pr along left bank just below pools bluff sill,,,1999,10,9,RD and JS Suttkus,,,,,,,,189558_02,jt gmc dmdm,08/06/2024,f,38,32,521,na,"5 fish had gill tags, so those were excluded from our viable and we randomly selected from 30 fish due to size",,0,0,0,0,0,0,0,0,0,0,0,0,0,0,0,0,NA,NA,0,na,0,0,0,0,0,0,0,0,0,0,0,0,0,0,0,0,0,NA,0,0,0,1,0,0,0,0,NA,NA,0,0,0,0,0,0,0,0,0,0,0,0,0,0,0,NA,0,NA,0,0,0,1,0,0,0
,TU,,189558,44,Gambusia affinis,,,,,,,,,,,,,pr along left bank just below pools bluff sill,,,1999,10,9,RD and JS Suttkus,,,,,,,,189558_01,DJB GMC CJW,08/06/2024,F,35,28,369,Y,"5 fish had gill tags, so those were excluded from our viable and we randomly selected from 30 fish due to size",,0,0,0,0,0,0,0,0,0,0,0,0,0,0,0,0,NA,NA,0,0,0,0,0,0,0,0,0,0,0,0,0,0,0,0,0,0,0,NA,0,0,0,0,0,0,0,0,NA,NA,0,0,0,0,0,0,0,0,0,0,0,0,0,0,0,NA,0,NA,0,0,0,0,0,0,0
,TU,,189558,44,Gambusia affinis,,,,,,,,,,,,,pr along left bank just below pools bluff sill,,,1999,10,9,RD and JS Suttkus,,,,,,,,189558_03,SC DJB GMC,08/06/2024,F,33,25,289,NA,"5 fish had gill tags, so those were excluded from our viable and we randomly selected from 30 fish due to size",,0,0,0,0,0,0,0,0,0,0,0,0,0,0,0,0,NA,NA,0,0,0,0,0,0,0,0,0,0,0,0,0,0,0,0,0,0,0,NA,0,0,0,0,0,0,0,0,NA,NA,0,0,0,0,0,0,0,0,0,0,0,0,0,0,0,NA,0,NA,0,0,0,0,0,0,0
,TU,,121291,35,Gambusia affinis,,,,,,,,,,,,,PR ALONG RIGHT bank .5 mi below richardson ldg,,,1981,4,30,Suttkus and Sorensen,,,,,,,,121291_02,JT IJ GMC,08/06/2024,NA,38,30,547,NA,RANDOMLY SELECTED FROM A GROUP OF 31 DUE TO SIZE,,0,0,0,0,0,0,0,0,0,0,0,0,0,0,0,0,NA,NA,0,NA,0,0,0,0,0,0,0,0,0,0,0,0,0,0,0,0,0,NA,0,1,0,0,0,0,0,0,NA,NA,0,0,0,0,0,0,0,0,0,0,0,0,0,0,0,NA,0,NA,0,1,0,0,0,0,0
,TU,,162917,14,Gambusia affinis,,,,,,,,,,,,,pr along left bank at river mile 54,,,1992,4,24,RD and JS Suttkus,,,,,,,,162917_01,JT IJ CJW,08/06/2024,F,35,28,405,Y,11 VIABLE DUE TO SIZE,,0,0,0,0,0,0,0,0,0,0,0,0,0,0,0,0,NA,NA,0,NA,0,0,0,0,0,0,0,0,0,0,0,0,0,0,0,0,0,NA,0,2,0,0,0,0,0,0,NA,NA,0,0,0,0,0,0,0,0,0,0,0,0,0,0,0,NA,0,NA,0,2,0,0,0,0,0
,TU,,132481,28,Gambusia affinis,,,,,,,,,,,,,"pr along left bank jusT BELOW POOL BLUFF SILL, 4MI S OF BOGALUSA",,,1983,10,6,suttkus and gunning,,,,,,,,132481_03,DJB JT DMDM,08/06/2024,NA,35,27,354,Y,"5 from lot were already dissected, so they were removed from selection and 16 were randomly selected from",,0,0,0,0,0,0,0,0,0,0,0,0,0,0,0,0,NA,NA,0,0,0,0,0,0,0,0,0,0,0,0,0,0,0,0,0,0,0,NA,0,0,0,0,0,0,0,0,NA,NA,0,0,0,0,0,0,0,0,0,0,0,0,0,0,0,NA,0,NA,0,0,0,0,0,0,0
,TU,,197042,24,Gambusia affinis,,,,,,,,,,,,,PR ALONG LEFT BANK OPPOSITE OF BOGALUSA CREEK,,,2004,4,24,RD and JS Suttkus,,,,,,,,197042_01,SC JT CJW,08/06/2024,M,29,24,155,Y,randomly selected from a group of 25 due to size restrictions,,0,0,0,0,0,0,0,0,0,0,0,0,0,0,0,2,NA,NA,0,NA,0,0,0,0,0,0,0,0,0,0,0,0,0,0,0,0,0,NA,0,0,0,0,0,0,0,0,NA,NA,0,0,0,0,0,0,0,0,0,0,0,0,0,0,0,NA,1,NA,0,0,0,0,0,0,0
,TU,,197042,24,Gambusia affinis,,,,,,,,,,,,,PR ALONG LEFT BANK OPPOSITE OF BOGALUSA CREEK,,,2004,4,24,RD and JS Suttkus,,,,,,,,197042_02,DJB IJ GMC,08/06/2024,F,37,29,500,NA,randomly selected from a group of 25 due to size restrictions,,0,0,0,0,0,0,0,0,0,0,0,0,0,0,0,0,NA,NA,0,0,0,0,0,0,0,0,0,0,0,0,0,0,0,0,0,0,0,NA,0,0,0,0,0,0,0,0,NA,NA,0,0,0,0,0,0,0,0,0,0,0,0,0,0,0,NA,0,NA,0,0,0,0,0,0,0
,TU,,162917,14,Gambusia affinis,,,,,,,,,,,,,pr along left bank at river mile 54,,,1992,4,24,RD and JS Suttkus,,,,,,,,162917_03,JT GMC,08/06/2024,F,45,35,829,NA,11 VIABLE DUE TO SIZE,,0,0,0,0,0,0,0,0,0,0,0,0,0,0,0,1,NA,NA,0,NA,0,0,0,0,0,0,0,0,0,0,0,0,0,0,0,0,0,NA,0,0,0,0,0,0,0,0,NA,NA,0,0,0,0,0,0,0,0,0,0,0,0,0,0,0,NA,0,NA,0,0,0,0,0,0,0
,TU,,37941,7,Gambusia affinis,,,,,,,,,,,,,"PR BETWEEN COBURN AND BOGALUSA CREEK, 1.5 MI E OF BOGALUSA",,,1965,7,5,suttkus and gunning,,,,,,,,37941_03,SC JT KL,08/06/2024,F,29,23,207,Y,ONLY TOOK 3 DUE TO LOT SIZE,,0,0,0,0,0,0,0,0,0,0,0,0,0,0,0,0,NA,NA,0,NA,0,0,0,0,0,0,0,0,0,0,0,0,0,0,0,0,0,NA,0,0,0,0,0,0,0,0,NA,NA,0,0,0,0,0,0,0,0,0,0,0,0,0,0,0,NA,0,NA,0,0,0,0,0,0,0
,TU,,37941,7,Gambusia affinis,,,,,,,,,,,,,"PR BETWEEN COBURN AND BOGALUSA CREEK, 1.5 MI E OF BOGALUSA",,,1965,7,5,suttkus and gunning,,,,,,,,37941_01,SC JT CJW,08/06/2024,F,32,26,261,Y,ONLY TOOK 3 DUE TO LOT SIZE,,0,0,0,0,0,0,0,0,0,0,0,0,0,NA,0,0,NA,NA,NA,NA,0,0,0,0,0,0,0,0,0,0,0,0,0,0,0,0,0,NA,0,0,0,0,0,0,0,0,NA,NA,0,0,0,0,0,0,0,0,0,0,0,0,0,0,0,NA,0,NA,0,0,0,0,0,0,0
,TU,,115231,18,Gambusia affinis,,,,,,,,,,,,,PR BETWEEN LEFT BANK JUST BELOW POOLS BLUFF,,,1979,10,25,Suttkus and Sorensen,,,,,,,,115231_02,DJB JT GMC,08/06/2024,NA,34,26,296,NA,12 VIABLE IN LOT DUE TO SIZE AND 5 WERE PREVIOUSLY DISSECTED,,0,0,0,0,0,0,0,0,0,0,0,0,0,0,0,0,NA,NA,0,0,0,0,0,0,0,0,0,0,0,0,0,0,0,0,0,0,0,NA,0,0,0,0,0,0,0,0,NA,NA,0,0,0,0,0,0,0,0,0,0,0,0,0,0,0,NA,0,NA,0,0,0,0,0,0,0
,TU,,40083,10,Gambusia affinis,,,,,,,,,,,,,PR JUST BELOW SILL AT POOLS BLUFF,,,1966,3,17,SUTTKUS AND BARBOUT,,,,,,,,40083_01,SC JT DMDM,08/06/2024,F,36,29,401,NA,RANDOMLY SELECTED FROM A GROUP OF 9 DUE TO SIZE,,0,0,0,0,0,0,0,0,0,0,0,0,0,0,0,5,NA,NA,0,0,0,0,0,0,0,0,0,0,0,0,0,0,0,0,0,0,0,NA,0,5,0,0,0,0,0,0,NA,NA,0,0,0,0,0,0,0,0,0,0,0,0,0,0,0,NA,5,NA,0,5,0,0,0,0,0
,TU,,197042,24,Gambusia affinis,,,,,,,,,,,,,PR ALONG LEFT BANK OPPOSITE OF BOGALUSA CREEK,,,2004,4,24,RD and JS Suttkus,,,,,,,,197042_04,JT IJ DMDM,08/06/2024,M,29,23,191,NA,randomly selected from a group of 25 due to size restrictions,,0,0,0,0,0,0,0,0,0,0,0,0,0,0,0,1,NA,NA,0,0,0,0,0,0,0,0,0,0,0,0,0,0,0,0,0,0,0,NA,0,0,0,0,0,0,0,0,NA,NA,0,0,0,0,0,0,0,0,0,0,0,0,0,0,0,NA,0,NA,0,0,0,0,0,0,0
,TU,,40083,10,Gambusia affinis,,,,,,,,,,,,,PR JUST BELOW SILL AT POOLS BLUFF,,,1966,3,17,SUTTKUS AND BARBOUT,,,,,,,,40083_03,SC JT CJW,08/06/2024,F,38,29,524,Y,RANDOMLY SELECTED FROM A GROUP OF 9 DUE TO SIZE,,0,0,0,0,0,0,0,0,0,0,0,0,0,0,0,6,NA,NA,0,0,0,0,0,0,0,0,0,0,0,0,0,0,0,2,0,0,0,NA,0,1,0,0,0,0,0,0,NA,NA,0,0,0,0,0,0,0,0,0,0,0,0,0,0,0,NA,6,NA,0,1,0,0,0,1,0
,TU,,115231,18,Gambusia affinis,,,,,,,,,,,,,PR BETWEEN LEFT BANK JUST BELOW POOLS BLUFF,,,1979,10,25,Suttkus and Sorensen,,,,,,,,115231_04,DJB JT CJW,08/06/2024,F,32,25,274,Y,12 VIABLE IN LOT DUE TO SIZE AND 5 WERE PREVIOUSLY DISSECTED,,0,0,0,0,0,0,0,0,0,0,0,0,0,0,0,0,NA,NA,0,0,0,0,0,0,0,0,0,0,0,1,0,0,0,0,0,0,0,NA,0,1,0,0,0,0,0,0,NA,NA,0,0,0,0,0,0,0,1,0,0,0,0,0,0,0,NA,0,NA,0,1,0,0,0,0,0
,TU,,115231,18,Gambusia affinis,,,,,,,,,,,,,PR BETWEEN LEFT BANK JUST BELOW POOLS BLUFF,,,1979,10,25,Suttkus and Sorensen,,,,,,,,115231_01,SC DMDM,08/06/2024,NA,37,31,391,NA,12 VIABLE IN LOT DUE TO SIZE AND 5 WERE PREVIOUSLY DISSECTED,,0,0,0,0,0,0,0,0,0,0,0,0,0,0,0,1,NA,NA,0,0,0,0,0,0,0,0,0,0,0,0,0,0,0,0,0,0,0,NA,0,12,0,0,0,0,0,1,NA,NA,0,0,0,0,0,0,0,0,0,0,0,0,0,0,0,NA,2,NA,0,12,0,0,0,0,0
,TU,,115231,18,Gambusia affinis,,,,,,,,,,,,,PR BETWEEN LEFT BANK JUST BELOW POOLS BLUFF,,,1979,10,25,Suttkus and Sorensen,,,,,,,,115231_03,JT CJW,08/06/2024,F,37,30,427,Y,12 VIABLE IN LOT DUE TO SIZE AND 5 WERE PREVIOUSLY DISSECTED,,0,0,0,0,0,0,0,0,0,0,0,0,0,0,0,0,NA,NA,0,0,0,0,0,0,0,0,0,0,0,0,0,0,0,0,0,0,0,NA,0,0,0,0,0,0,0,0,NA,NA,0,0,0,0,0,0,0,0,0,0,0,0,0,0,0,NA,0,NA,0,0,0,0,0,0,0
,TU,,33223,10,Gambusia affinis,,,,,,,,,,,,,PR BETWEEN MOUTH OF COBURN AND BOGOLUSA CREEK,,,1964,6,11,SUTTKUS AND JENNING,,,,,,,,33223_01,JT IJ,08/06/2024,F,41,33,719,Y,,,0,0,0,0,0,0,0,0,0,0,0,0,0,0,0,1,NA,NA,0,0,0,0,0,0,0,0,0,0,0,1,0,0,0,0,0,0,0,NA,2,0,0,0,0,0,0,0,NA,NA,0,0,0,0,0,0,0,0,0,0,0,0,0,0,0,NA,1,NA,0,2,0,0,0,1,0
,TU,,40083,10,Gambusia affinis,,,,,,,,,,,,,PR JUST BELOW SILL AT POOLS BLUFF,,,1966,3,17,SUTTKUS AND BARBOUT,,,,,,,,40083_04,DJB IJ DMDM,08/06/2024,NA,40,32,533,NA,RANDOMLY SELECTED FROM A GROUP OF 9 DUE TO SIZE,,0,0,0,0,0,0,0,0,0,0,0,0,0,0,0,18,NA,NA,0,0,0,0,0,0,0,0,0,0,0,0,0,1,0,0,0,0,0,NA,0,2,0,0,0,0,0,0,NA,NA,0,0,0,1,0,0,0,0,0,0,0,0,0,0,0,NA,18,NA,0,2,0,0,0,0,0
,TU,,37941,7,Gambusia affinis,,,,,,,,,,,,,"PR BETWEEN COBURN AND BOGALUSA CREEK, 1.5 MI E OF BOGALUSA",,,1965,7,5,suttkus and gunning,,,,,,,,37941_02,SC JT CJW,08/06/2024,F,30,24,250,Y,ONLY TOOK 3 DUE TO LOT SIZE,,0,0,0,0,0,0,0,0,0,0,0,0,0,0,0,0,NA,NA,0,0,0,0,0,0,0,0,0,0,0,0,0,0,0,0,1,0,0,NA,0,0,0,0,0,0,0,0,NA,NA,0,0,0,0,0,0,0,0,0,0,0,0,0,0,0,NA,0,NA,0,0,1,0,0,0,0
,TU,,40083,10,Gambusia affinis,,,,,,,,,,,,,PR JUST BELOW SILL AT POOLS BLUFF,,,1966,3,17,SUTTKUS AND BARBOUT,,,,,,,,40083_02,DJB JT GMC,08/06/2024,NA,35,28,359,NA,RANDOMLY SELECTED FROM A GROUP OF 9 DUE TO SIZE,,0,0,0,0,0,0,0,0,0,0,0,0,0,0,0,4,NA,NA,0,0,0,0,0,0,0,0,0,0,0,0,0,0,0,0,0,0,0,NA,0,0,0,0,0,0,0,0,NA,NA,0,0,0,0,0,0,0,0,0,0,0,0,0,0,0,NA,4,NA,0,0,0,0,0,0,0
,TU,,33223,10,Gambusia affinis,,,,,,,,,,,,,PR BETWEEN MOUTH OF COBURN AND BOGOLUSA CREEK,,,1964,6,11,SUTTKUS AND JENNING,,,,,,,,33223_02,sc gmc,08/06/2024,F,42,32,705,NA,,,0,0,0,0,0,0,0,0,0,0,0,0,0,0,0,4,NA,NA,0,0,0,0,0,0,0,0,0,0,0,0,0,0,0,0,0,0,0,NA,1,0,0,0,0,0,0,0,NA,NA,0,0,0,0,0,0,0,0,0,0,0,0,0,0,0,NA,4,NA,1,0,0,0,0,0,0
,TU,,33223,10,Gambusia affinis,,,,,,,,,,,,,PR BETWEEN MOUTH OF COBURN AND BOGOLUSA CREEK,,,1964,6,11,SUTTKUS AND JENNING,,,,,,,,33223_03,JT IJ CJW,08/06/2024,F,41,33,742,Y,,,0,0,0,0,0,0,0,0,0,0,0,0,0,0,0,1,NA,NA,0,0,0,0,0,0,0,0,0,0,0,0,0,0,0,0,0,0,0,NA,1,0,0,0,0,0,0,0,NA,NA,0,0,0,0,0,0,0,0,0,0,0,0,0,0,0,NA,1,NA,1,0,0,0,0,0,0
,TU,,33223,10,Gambusia affinis,,,,,,,,,,,,,PR BETWEEN MOUTH OF COBURN AND BOGOLUSA CREEK,,,1964,6,11,SUTTKUS AND JENNING,,,,,,,,33223_04,SC GMC,08/06/2024,NA,40,32,714,NA,,,0,0,0,0,0,0,3,0,0,0,0,0,0,0,0,0,NA,NA,0,na,0,0,0,0,0,0,0,0,0,0,0,0,0,0,0,0,0,NA,0,0,0,0,0,0,0,0,NA,NA,0,0,0,0,0,0,0,0,0,0,0,0,0,0,0,NA,0,NA,0,0,0,0,0,0,0
,TU,,177787,21,Gambusia affinis,,,,,,,,,,,,,Pearl River along right bank 0.8 mi below LA hwy 10,,,1996,1,13,RD and JS Suttkus,,,,,,,,177787_01,dmdm,08/06/2024,NA,32,25,257,NA,randomly selected from a group of 7 due to size,,0,0,0,0,0,0,0,0,0,0,0,0,0,0,0,0,NA,NA,0,0,0,0,0,0,0,0,0,0,0,0,0,0,0,0,0,0,0,NA,0,0,0,0,0,0,0,0,NA,NA,0,0,0,0,0,0,0,0,0,0,0,0,0,0,0,NA,0,NA,0,0,0,0,0,0,0
,TU,,177787,21,Gambusia affinis,,,,,,,,,,,,,Pearl River along right bank 0.8 mi below LA hwy 10,,,1996,1,13,RD and JS Suttkus,,,,,,,,177787_03,sc cjw,08/06/2024,F,38,30,425,N,randomly selected from a group of 7 due to size,,0,0,0,0,0,0,0,0,0,0,0,0,0,0,0,0,NA,NA,0,1,0,0,0,0,0,0,0,0,0,0,0,0,0,0,0,0,0,NA,0,0,0,0,0,0,0,0,NA,NA,0,0,0,0,0,0,0,0,0,0,0,0,0,0,0,NA,0,NA,0,0,1,0,0,0,0
,TU,,177787,21,Gambusia affinis,,,,,,,,,,,,,Pearl River along right bank 0.8 mi below LA hwy 10,,,1996,1,13,RD and JS Suttkus,,,,,,,,177787_04,sc cjw,08/06/2024,F,34,27,336,Y,randomly selected from a group of 7 due to size,,0,0,0,0,0,0,0,0,0,0,0,0,0,0,0,0,NA,NA,0,na,0,0,0,0,0,0,0,0,0,0,0,0,0,0,0,0,0,NA,0,0,0,0,0,0,0,0,NA,NA,0,0,0,0,0,0,0,0,0,0,0,0,0,0,0,NA,0,NA,0,0,0,0,0,0,0
,TU,,177787,21,Gambusia affinis,,,,,,,,,,,,,Pearl River along right bank 0.8 mi below LA hwy 10,,,1996,1,13,RD and JS Suttkus,,,,,,,,177787_02,JT SC DMDM,08/06/2024,F,30,24,203,Y,randomly selected from a group of 7 due to size,,0,0,0,0,0,0,0,0,0,0,0,0,0,0,0,3,NA,NA,0,0,0,0,0,0,0,0,0,0,0,0,0,0,0,0,0,0,0,NA,0,0,0,0,0,0,0,0,NA,NA,0,0,0,0,0,0,0,0,0,0,0,0,0,0,0,NA,3,NA,0,0,0,0,0,0,0
,TU,,68757,18,Gambusia affinis,,,,,,,,,,,,,Pearl River just below sill at Pools Bluff; 4 mi S of Bogalusa,,,1971,4,20,Suttkus and Thompson,,,,,,,,68757_02,IJ KL,08/06/2024,F,35,28,391,NA,randomly selected from 16 due to size,,0,0,0,0,0,0,0,0,0,0,0,0,0,0,0,4,NA,NA,0,na,0,0,0,0,0,0,0,0,0,0,0,0,0,0,0,0,0,NA,0,0,0,0,0,0,0,1,NA,NA,0,0,0,0,0,0,0,0,0,0,0,0,0,0,0,NA,5,NA,0,0,0,0,0,0,0
,TU,,150515,29,Gambusia affinis,,,,,,,,,,,,,Pearl River along left bank at River mile 54,,,1987,10,29,Suttkus and Caruso,,,,,,,,150515_01,DJB DMDM,08/08/24,NA,30,24,215,NA,13 viable due to size,,0,0,0,0,0,0,0,0,0,0,0,0,0,0,0,0,NA,NA,0,0,0,0,0,0,0,0,0,0,0,0,0,0,0,0,0,0,0,NA,0,0,0,0,0,0,0,0,NA,NA,0,0,0,0,0,0,0,0,0,0,0,0,0,0,0,NA,0,NA,0,0,0,0,0,0,0
,TU,,150515,29,Gambusia affinis,,,,,,,,,,,,,Pearl River along left bank at River mile 54,,,1987,10,29,Suttkus and Caruso,,,,,,,,150515_04,DJB,08/08/24,NA,32,24,212,NA,13 viable due to size,,0,0,0,0,0,0,0,0,0,0,0,0,0,0,0,0,NA,NA,0,1,0,0,0,0,0,0,0,0,0,0,0,0,0,0,0,0,0,NA,0,0,0,0,0,0,0,0,NA,NA,0,0,0,0,0,0,0,0,0,0,0,0,0,0,0,NA,0,NA,0,0,1,0,0,0,0
,TU,,31242,52,Gambusia affinis,,,,,,,,,,,,,"Pearl River at river mile 53.7, 2.3 mi SE of Bogalusa",,,1963,9,29,Suttkus and Gunning,,,,,,,,31242_04,DMDM KL,08/08/24,NA,39,33,541,NA,Only 4 viable due to size,,0,0,0,0,0,0,0,0,0,0,0,0,0,0,0,0,NA,NA,0,1,0,0,0,0,0,0,0,0,0,0,0,0,0,0,0,0,0,NA,0,1,0,0,0,0,0,0,NA,NA,0,0,0,0,0,0,0,0,0,0,0,0,0,0,0,NA,0,NA,0,1,1,0,0,0,0
,TU,,31242,52,Gambusia affinis,,,,,,,,,,,,,"Pearl River at river mile 53.7, 2.3 mi SE of Bogalusa",,,1963,9,29,Suttkus and Gunning,,,,,,,,31242_01,KL CJW,08/08/24,F,37,30,543,Y,Only 4 viable due to size,,0,0,0,0,0,0,0,0,0,0,0,0,0,0,0,0,16,1,0,0,0,0,0,0,0,0,0,0,0,0,0,0,0,0,0,2,0,4,0,0,0,0,0,0,0,0,NA,NA,0,0,0,0,0,0,0,0,0,2,0,0,0,0,0,1,0,20,0,0,0,0,0,0,0
,TU,,150515,29,Gambusia affinis,,,,,,,,,,,,,Pearl River along left bank at River mile 54,,,1987,10,29,Suttkus and Caruso,,,,,,,,150515_02,jt djb kl,08/08/2024,m,27,21,140,na,13 viable due to size,,0,0,0,0,0,0,0,0,0,0,0,0,0,0,0,0,0,1,0,0,0,0,0,0,0,0,0,0,0,0,0,0,0,0,0,0,0,0,0,0,0,0,0,0,0,0,NA,NA,0,0,0,0,0,0,0,0,0,0,0,0,0,0,0,1,0,0,0,0,0,0,0,0,0
,TU,,30981,13,Gambusia affinis,,,,,,,,,,,,,pr above dam at pools bluff,,,1963,11,21,suttkus and jenning,,,,,,,,30981_01,ij djb cjw,08/08/2024,na,32,24,236,na,no liver,,0,0,0,0,0,0,0,0,0,0,0,0,na,0,0,0,0,0,,0,0,0,0,0,0,1,0,0,0,2,0,0,0,0,0,0,0,0,0,0,0,0,0,0,0,0,NA,NA,0,0,0,0,0,0,0,0,0,0,0,0,0,0,1,0,0,0,0,0,0,0,0,2,0
,TU,,30981,13,Gambusia affinis,,,,,,,,,,,,,pr above dam at pools bluff,,,1963,11,21,suttkus and jenning,,,,,,,,30981_02,djb kl cjw,08/08/2024,na,30,25,187,na,,,0,0,0,0,0,0,0,0,0,0,0,na,0,0,0,0,0,0,0,0,0,0,0,0,0,0,0,0,0,0,0,0,0,0,0,0,0,0,0,1,0,0,0,0,0,0,NA,NA,0,0,0,0,0,0,0,0,0,0,0,0,0,0,0,0,0,0,0,0,0,0,0,0,0
,TU,,30981,13,Gambusia affinis,,,,,,,,,,,,,pr above dam at pools bluff,,,1963,11,21,suttkus and jenning,,,,,,,,30981_03,sc djb gmc,08/08/2024,m,30,25,193,na,,,0,0,0,0,0,0,0,0,0,0,0,0,0,0,0,0,1,0,0,na,0,0,0,0,0,0,0,0,0,0,0,0,0,0,0,0,0,0,0,1,0,0,0,0,0,0,NA,NA,0,0,0,0,0,0,0,0,0,0,0,0,0,0,0,0,0,0,0,0,0,0,0,0,0
,TU,,30981,13,Gambusia affinis,,,,,,,,,,,,,pr above dam at pools bluff,,,1963,11,21,suttkus and jenning,,,,,,,,30981_04,jt djb dmdm,08/08/2024,na,28,22,185,na,no liver,,0,0,0,0,0,0,0,0,0,0,0,0,na,0,0,0,0,0,0,0,0,0,0,0,0,0,0,0,0,0,0,0,0,0,0,0,0,0,0,0,0,0,0,0,0,0,NA,NA,0,0,0,0,0,0,0,0,0,0,0,0,0,0,0,0,0,0,0,0,0,0,0,0,0
,TU,,31242,52,Gambusia affinis,,,,,,,,,,,,,"Pearl River at river mile 53.7, 2.3 mi SE of Bogalusa",,,1963,9,29,Suttkus and Gunning,,,,,,,,31242_03,kl gmc dmdm,08/08/2024,na,27,22,151,na,"oly 4 viable due to size, no liver",,0,0,0,0,0,0,0,0,0,0,0,0,na,0,0,0,0,0,0,0,0,0,0,0,0,0,0,0,0,0,0,0,0,0,0,0,0,0,0,0,0,0,0,0,0,0,NA,NA,0,0,0,0,0,0,0,0,0,0,0,0,0,0,0,0,0,0,0,0,0,0,0,0,0
,TU,,31242,52,Gambusia affinis,,,,,,,,,,,,,"Pearl River at river mile 53.7, 2.3 mi SE of Bogalusa",,,1963,9,29,Suttkus and Gunning,,,,,,,,31242_02,kl dmdm cjw,08/08/2024,f,35,27,355,y,"no liver, only 4 viable due to size",,0,0,0,0,0,0,0,0,0,0,0,0,na,0,0,0,0,0,0,0,0,0,0,0,0,0,0,0,0,0,0,0,0,0,0,0,0,0,0,0,0,0,0,0,0,0,NA,NA,0,0,0,0,0,0,0,0,0,0,0,0,0,0,0,0,0,0,0,0,0,0,0,0,0
,TU,,68757,18,Gambusia affinis,,,,,,,,,,,,,Pearl River just below sill at Pools Bluff; 4 mi S of Bogalusa,,,1971,4,20,Suttkus and Thompson,,,,,,,,68757_03,jt sc dmdm,08/08/2024,f,40,32,622,na,randomly selected from 16 due to size,,0,0,0,0,0,0,0,0,0,0,0,0,0,0,0,0,1,1,0,0,0,0,0,0,0,0,0,0,0,0,0,0,1,0,0,0,0,1,0,0,0,0,0,0,0,0,1,1,0,0,0,0,0,0,0,0,0,0,0,0,0,0,0,2,0,3,0,0,0,0,0,0,0
,TU,,68757,18,Gambusia affinis,,,,,,,,,,,,,Pearl River just below sill at Pools Bluff; 4 mi S of Bogalusa,,,1971,4,20,Suttkus and Thompson,,,,,,,,68757_04,DJB GMC,08/08/2024,NA,37,29,426,Y,randomly selected from 16 due to size,,0,0,0,0,0,0,0,0,0,0,0,0,0,0,0,0,0,0,0,0,0,0,0,0,0,0,0,0,0,0,0,0,0,0,0,0,0,0,0,1,0,0,0,1,0,0,0,0,0,0,0,0,0,0,0,0,0,0,1,0,0,0,0,0,0,0,0,1,0,0,0,0,0
,TU,,68757,18,Gambusia affinis,,,,,,,,,,,,,Pearl River just below sill at Pools Bluff; 4 mi S of Bogalusa,,,1971,4,20,Suttkus and Thompson,,,,,,,,68757_01,DJB GMC JT IJ,08/08/2024,NA,29,22,269,Y,randomly selected from 16 due to size,,0,0,0,0,0,0,2,0,0,0,0,0,0,0,0,0,0,0,0,1,0,0,0,0,0,0,0,0,0,0,0,0,0,0,0,0,0,0,0,1,0,0,0,0,0,1,0,0,0,0,0,0,0,0,0,0,0,0,0,0,0,0,0,0,1,0,0,1,1,0,0,0,0
,TU,,150515,29,Gambusia affinis,,,,,,,,,,,,,Pearl River along left bank at River mile 54,,,1987,10,29,Suttkus and Caruso,,,,,,,,150515_03,DJB GMC,08/08/2024,f,39,33,na,na,13 viable in lot due to size,,0,0,0,0,0,0,0,0,0,0,0,0,0,0,0,0,1,0,0,na,0,0,0,0,0,0,0,0,0,0,1,0,0,0,0,0,0,0,0,0,0,0,0,0,0,0,0,0,0,0,0,0,0,0,0,0,1,0,0,0,0,0,0,0,0,1,0,0,0,0,0,0,0
,TU,,150525,40,Gambusia affinis,,,,,,,,,,,,,Pearl River along left bank just above Pools Bluff Sill,,,1987,10,29,Suttkus and Caruso,,,,,,,,150525_01,DJB CJW,08/08/2024,f,35,27,327,Y,"only 27 viable because 4 already dissected, 9 under size limits",,0,0,0,0,0,0,1,0,0,0,0,0,0,0,0,0,0,0,0,na,0,0,0,0,0,0,0,0,0,0,0,0,0,0,0,0,0,0,0,0,0,0,0,0,0,0,0,0,0,0,0,0,0,0,0,0,0,0,0,0,0,0,0,0,0,0,0,0,0,0,0,0,0
,TU,,150525,40,Gambusia affinis,,,,,,,,,,,,,Pearl River along left bank just above Pools Bluff Sill,,,1987,10,29,Suttkus and Caruso,,,,,,,,150525_02,CJW,08/08/2024,f,31,25,193,Y,"only 27 viable because 4 already dissected, 9 under size limits",,0,0,0,0,0,0,0,0,0,0,0,0,0,0,0,0,0,0,0,na,0,0,0,0,0,0,0,0,0,0,0,0,0,0,0,0,0,0,0,1,0,0,0,0,0,0,0,0,0,0,0,0,0,0,0,0,0,0,0,0,0,0,0,0,0,0,0,1,0,0,0,0,0
,TU,,150525,40,Gambusia affinis,,,,,,,,,,,,,Pearl River along left bank just above Pools Bluff Sill,,,1987,10,29,Suttkus and Caruso,,,,,,,,150525_03,DJB DMDM,08/08/2024,na,30,28,378,na,"only 27 viable because 4 already dissected, 9 under size limits",,0,0,0,0,0,0,0,0,0,0,0,0,0,0,0,0,0,0,0,na,0,0,0,0,0,0,0,0,0,0,0,0,0,0,0,0,0,0,0,4,0,0,0,0,0,0,0,0,0,0,0,0,0,0,0,0,0,0,0,0,0,0,0,0,0,0,0,4,0,0,0,0,0
,TU,,150525,40,Gambusia affinis,,,,,,,,,,,,,Pearl River along left bank just above Pools Bluff Sill,,,1987,10,29,Suttkus and Caruso,,,,,,,,150525_04,DJB DMDM,08/08/2024,na,33,27,255,Y,"only 27 viable because 4 already dissected, 9 under size limits",,0,0,0,0,0,0,0,0,0,0,0,0,0,0,0,0,0,0,0,0,0,0,0,0,0,0,0,0,0,0,0,0,0,0,0,0,0,0,0,1,0,0,0,0,0,0,0,0,0,0,0,0,0,0,0,0,0,0,0,0,0,0,0,0,0,0,0,1,0,0,0,0,0
,TU,,31238,64,Gambusia affinis,,,,,,,,,,,,,"PR, 0.5 mi downstream from Richardson Ldg, or 1.5 mi SE of Bogalusa",,,1963,9,29,Suttkus and Gunning,,,,,,,,31238_01,DJB DMDM,08/08/2024,F,32,26,356,Y,,,0,0,0,0,0,0,0,0,0,0,0,0,0,0,0,0,0,0,0,na,0,0,0,0,0,0,0,0,0,0,0,0,0,0,0,0,0,0,0,0,0,0,0,0,0,0,0,0,0,0,0,0,0,0,0,0,0,0,0,0,0,0,0,0,0,0,0,0,0,0,0,0,0
,TU,,31238,64,Gambusia affinis,,,,,,,,,,,,,"PR, 0.5 mi downstream from Richardson Ldg, or 1.5 mi SE of Bogalusa",,,1963,9,29,Suttkus and Gunning,,,,,,,,31238_02,DJB GMC,08/08/2024,F,39,32,765,na,,,0,0,0,0,0,0,0,0,0,0,0,0,0,0,0,0,0,0,0,0,0,0,0,0,0,0,0,0,0,0,0,0,0,0,0,0,0,0,0,0,0,0,0,0,0,0,0,0,0,0,0,0,0,0,0,0,0,0,0,0,0,0,0,0,0,0,0,0,0,0,0,0,0
,TU,,31238,64,Gambusia affinis,,,,,,,,,,,,,"PR, 0.5 mi downstream from Richardson Ldg, or 1.5 mi SE of Bogalusa",,,1963,9,29,Suttkus and Gunning,,,,,,,,31238_03,DJB GMC,08/08/2024,na,34,28,311,na,,,0,0,0,0,0,0,0,0,0,0,0,0,0,0,0,0,0,0,0,0,0,0,0,0,0,0,0,0,0,0,0,0,0,0,0,0,0,0,0,0,0,0,0,0,0,0,0,0,0,0,0,0,0,0,0,0,0,0,0,0,0,0,0,0,0,0,0,0,0,0,0,0,0
,TU,,31238,64,Gambusia affinis,,,,,,,,,,,,,"PR, 0.5 mi downstream from Richardson Ldg, or 1.5 mi SE of Bogalusa",,,1963,9,29,Suttkus and Gunning,,,,,,,,31238_04,CJW,08/08/2024,F,33,27,450,Y,,,0,0,0,0,0,0,0,0,0,0,0,0,0,0,0,0,0,0,0,0,0,0,0,0,0,0,0,0,0,0,0,0,0,0,0,0,0,0,0,0,0,0,0,0,0,0,0,0,0,0,0,0,0,0,0,0,0,0,0,0,0,0,0,0,0,0,0,0,0,0,0,0,0
,TU,,0,62,Gambusia affinis,,,,,,,,,,,,,Pearl River along left bank just below Pools Bluff Sill,,,1995,10,7,suttkus and dennemann,,,,,,,,176966_01,DJB CJW,08/08/2024,F,34,29,292,Y,"34 viable (1 diff species, 5 previously dissected, 22 < 27 mm)",,0,0,0,0,0,0,0,0,0,0,0,0,0,0,0,0,0,0,0,na,0,0,0,0,0,0,0,0,0,0,0,0,0,0,0,0,0,0,0,0,0,0,0,0,0,0,0,0,0,0,0,0,0,0,0,0,0,0,0,0,0,0,0,0,0,0,0,0,0,0,0,0,0
,TU,,176966,62,Gambusia affinis,,,,,,,,,,,,,Pearl River along left bank just below Pools Bluff Sill,,,1995,10,7,suttkus and dennemann,,,,,,,,176966_02,DJB KL,08/08/2024,NA,33,25,259,NA,"34 viable (1 diff species, 5 previously dissected, 22 < 27 mm)",,0,0,0,0,0,0,0,0,0,0,0,0,0,0,0,0,0,0,0,0,0,0,0,0,0,0,0,0,0,0,0,0,0,0,0,0,0,0,0,0,0,0,0,0,0,0,0,0,0,0,0,0,0,0,0,0,0,0,0,0,0,0,0,0,0,0,0,0,0,0,0,0,0
,TU,,176966,62,Gambusia affinis,,,,,,,,,,,,,Pearl River along left bank just below Pools Bluff Sill,,,1995,10,7,suttkus and dennemann,,,,,,,,176966_03,DJB GMC,08/08/2024,F,32,25,218,NA,"34 viable (1 diff species, 5 previously dissected, 22 < 27 mm)",,0,0,0,0,0,0,2,0,0,0,0,0,0,0,0,0,0,0,0,0,0,0,0,0,0,0,0,0,0,0,0,0,0,0,0,0,0,0,0,0,0,0,0,0,0,0,0,0,0,0,0,0,0,0,0,0,0,0,0,0,0,0,0,0,0,0,0,0,0,0,0,0,0
,TU,,176966,62,Gambusia affinis,,,,,,,,,,,,,Pearl River along left bank just below Pools Bluff Sill,,,1995,10,7,suttkus and dennemann,,,,,,,,176966_04,DJB CJW,08/08/2024,NA,34,28,296,Y,"34 viable (1 diff species, 5 previously dissected, 22 < 27 mm)",,0,0,0,0,0,0,0,0,0,0,0,na,0,0,0,0,2,0,0,0,0,0,0,0,0,0,0,0,0,0,0,0,0,0,0,0,0,0,0,1,0,0,0,0,0,0,0,0,0,0,0,0,0,0,0,0,0,0,0,0,0,0,0,0,0,2,0,1,0,0,0,0,0