InstitutionCode,CatalogNumber,IndividualCount,ScientificName,Locality,YearCollected,MonthCollected,DayCollected,Collector,CI,decade,IndividualFishID,Dissector,DissectionDate,Sex,TotalLength_mm,StandardLength_mm,weight_mg,Date_Datasheet_completed,NotesOnSpecimenPriorToDissection,ParasitesFound,MYX.OT.Skin,trem.bc.skin,CYST.UNK.SKIN,BuccalCavity,TREM.CM.BodyCavity,TREM.META.SP.pectoral fin,TREM.META.HET.pectoralfin,TREM.META.SP.PelvicFin,TREM.META.HET.PELVICFIN,CYST.UNK.PelvicFin,MONO.GDAC.PelvicFin,TREM.CM.AnalFin,TREM.META.SP.AnalFin,TREM.META.HET.ANALFIN,CYST.UNK.AnalFin,TREM.META.SP.CaudalFin,TREM.META.HET.CAUDALFIN,TREM.META.ES.CAUDALFIN,TREM.BC.CAUDALFIN,MYX.FI.CaudalFin,CYST.UNK.CaudalFin,TREM.META.SP.DorsalFin,CYST.UNK.DorsalFin,TREM.CM.Gonad,TREM.CM.Liver,TREM.ASS.LIVER,TREM.UNK.Liver,cyst.unk.liver,MYX.AK.GallBladder,TREM.CM.Spleen,TREM.CM.Kidney,cyst.unk.kidney,TREM.CM.EYE,TREM.META.UNK.EYE,META.UNK.EYE,TREM.META.GO.Eye,TREM.META.ES.eye,TREM.UNK.EYE,TREM.DIPLO.EYE,MYX.EYE.EYE,CYST.UNK.EYE,Heart,FIBER.UNK.STOMACH,TREM.CM.Stomach,TREM.CM.ConnectiveTissue,TREM.ASS.ConnectiveTissue,CYST.UNK.CONNECTIVETISSUE,CEST.BB.INTESTINE,CEST.UNK.INTESTINE,NEM.BUD.INTESTINE,NEM.UNK.INTESTINE,FIBER.UNK.Intestine,TREM.CM.INTESTINE,TREM.ASS.INTESTINE,TREM.NS.INTESTINE,TREM.META.GO.INTESTINE,meta.unk.INTESTINE,ACAN.AD.INTestine,CYST.UNK.Intestine,MYX.EYE.INT,MONO.DACT.Gill,MONO.UNK.GILL,MYX.GL.gill,MYX.TIN.GILL,myx.ot.gill,NEM.BUD.GILL,CYST.UNK.GILL,TREM.CM.GILL,TREM.META.GO.GILL,TREM.UNK.GILL,COPE.POOD.Gill,TREM.CM.Flush,TREM.ASS.Flush,TREM.UNK.Flush,META.UNK.Flush,ParasitesVouchered,NEM.BUD.VOUCH,ACAN.AD.INT.VOUCH,CEST.BB.VOUCH,COPE.POOD.VOUCH,TREM.CM.VOUCH,TREM.ASS.VOUCH,TREM.NS.VOUCH,TREM.META.UNK.VOUCH,TREM.META.GO.VOUCH,TREM.META.HET.VOUCH,TREM.META.SP.VOUCH,TREM.META.ES.VOUCH,trem.bc.vouch,TREM.DIPLO.VOUCH,TREM.UNK.VOUCH,MONO.DACT.VOUCH,MONO.GDAC.VOUCH,MYX.EYE.VOUCH,MYX.OT.VOUCH,MYX.GL.VOUCH,MYX.TIN.VOUCH,MYX.FI.VOUCH,MYX.AK.VOUCH,META.UNK.VOUCH,CYST.UNKF.VOUCH,CYST.UNK.VOUCH,FIBER.UNK.VOUCH
TU,100406,400,Hybognathus nuchalis,"Pearl River along left bank just below Pools Bluff Sill, 4 mi. S of Bogalusa.",1976,12,10,"R.D. Suttkus, Heath & Shaffer",impact,1974-1983,100406_05,KL,07/15/2023,F,90,72,,,this fish was changed to _05 since the lot was split into 2 jars and both were accidentally sampled.,,0,0,0,0,0,0,0,0,,0,0,0,0,0,0,0,0,0,0,0,0,0,0,0,0,0,0,0,0,0,0,0,0,0,0,0,0,0,0,0,0,0,0,0,3,0,0,0,0,0,0,0,0,0,0,0,0,0,0,0,0,0,0,0,0,0,0,0,0,0,0,0,0,0,0,,0,0,0,0,3,0,0,0,0,0,0,0,0,0,0,0,0,0,0,0,0,0,0,0,0,0,0
TU,31296,28,Hybognathus nuchalis,Pearl R.,1963,12,13,Suttkus and Gurring,impact,1954-1963,31296_02,kl,03/27/2024,f,77,62,,,,,0,0,0,0,0,0,0,0,,0,0,0,0,0,0,1,0,0,0,0,0,0,0,0,8,0,0,0,0,0,0,0,0,0,0,0,0,0,0,0,0,0,0,0,262,0,0,0,0,0,0,0,0,0,0,0,0,0,0,0,3,0,0,0,0,0,0,0,0,0,0,0,0,0,0,,0,0,0,0,262,0,0,0,0,0,0,0,0,0,0,3,0,0,0,0,0,0,0,0,0,0,0
TU,31296,28,Hybognathus nuchalis,Pearl R.,1963,12,13,Suttkus and Gurring,impact,1954-1963,31296_01,gmc cjw,03/27/2024,f,113,89,,,,,0,0,0,0,0,0,0,0,,0,0,0,0,0,0,0,2,0,0,0,0,0,0,0,7,0,0,0,0,0,0,0,0,0,0,0,0,0,0,0,0,0,10,5,24,0,0,0,0,0,0,213,0,0,0,0,0,0,0,0,0,0,0,0,0,0,2,0,0,0,0,5,0,0,0,,0,0,0,0,40,0,0,0,0,2,0,0,0,0,0,0,0,0,0,0,0,0,0,0,0,2,210
TU,31296,28,Hybognathus nuchalis,Pearl R.,1963,12,13,Suttkus and Gurring,impact,1954-1963,31296_03,DD GMC,03/27/2024,F,105,85,,,,,0,0,0,0,0,0,0,0,,0,0,0,0,0,0,5,1,0,0,0,0,0,0,0,2,0,0,0,0,0,0,0,0,0,0,0,0,0,0,0,0,0,0,0,11,0,0,0,0,0,0,4,0,0,0,0,0,0,0,0,5,3,0,0,0,0,0,0,0,0,0,0,0,0,0,,0,0,0,0,12,0,0,0,0,1,2,0,0,0,0,4,0,0,0,0,0,0,0,0,0,0,4
TU,31194,14,Hybognathus nuchalis,PEARL R 1.5 MILES EAST BOGALUSA,1963,5,19,Suttkus and Gurring,control,1954-1963,31194_01,ht kl,04/01/2024,na,71,55,,,,,0,0,0,0,0,0,0,0,,0,0,0,0,0,0,0,0,0,0,0,0,0,0,0,1,0,0,0,0,2,2,0,0,0,0,0,0,0,0,0,0,0,0,0,168,0,0,0,0,0,0,0,0,0,0,0,0,0,0,0,14,0,0,0,0,0,0,0,0,0,0,0,0,0,0,,0,0,0,0,173,0,0,0,0,0,0,0,0,0,0,14,0,0,0,0,0,0,0,0,0,0,0
TU,31194,14,Hybognathus nuchalis,PEARL R 1.5 MILES EAST BOGALUSA,1963,5,19,Suttkus and Gurring,control,1954-1963,31194_02,SD CJW,04/02/2024,NA,74,61,,,,,0,0,0,0,0,0,0,0,,0,0,0,0,0,0,0,0,0,0,0,0,0,0,0,0,0,0,0,0,0,0,0,0,0,0,0,0,0,0,0,0,0,0,0,0,0,0,0,0,1,0,0,0,0,0,0,0,0,0,0,26,0,0,0,0,1,0,0,0,0,0,0,0,0,0,,1,0,0,0,0,0,0,0,0,0,0,0,0,0,0,14,0,0,0,0,0,0,0,0,0,0,0
TU,31194,14,Hybognathus nuchalis,PEARL R 1.5 MILES EAST BOGALUSA,1963,5,19,Suttkus and Gurring,control,1954-1963,31194_03,SD GMC,04/02/2024,NA,69,52,,,,,0,0,0,0,0,0,0,0,,0,0,0,0,0,0,1,0,0,0,0,0,0,0,0,0,0,0,0,0,0,0,0,0,0,0,0,0,0,0,0,0,0,0,2,0,0,0,0,0,1,1,0,0,0,0,0,0,0,0,0,25,0,0,0,0,0,0,0,0,0,0,0,0,0,0,,1,0,0,0,2,0,0,0,0,0,1,0,0,0,0,15,0,0,0,0,0,0,0,0,0,0,0
TU,31194,14,Hybognathus nuchalis,PEARL R 1.5 MILES EAST BOGALUSA,1963,5,19,Suttkus and Gurring,control,1954-1963,31194_04,SD DD,04/02/2024,F,84,68,,,,,0,0,0,0,0,0,0,0,,0,0,0,0,0,0,0,0,0,0,0,0,0,0,2,0,0,0,0,0,NA,0,0,0,0,0,0,0,0,0,0,0,0,0,0,0,0,10,0,0,0,0,0,0,0,0,0,0,0,0,0,2,0,0,0,0,0,0,0,0,0,0,0,0,0,0,,0,0,0,0,2,0,0,0,0,0,0,0,0,0,0,2,0,0,0,0,0,0,0,0,0,6,0
TU,31296,28,Hybognathus nuchalis,Pearl R.,1963,12,13,Suttkus and Gurring,impact,1954-1963,31296_04,dd ht kl,04/01/2024,f,106,81,,,,,0,0,0,0,0,0,0,0,,0,0,0,2,0,0,5,0,0,0,0,0,0,0,0,0,0,0,0,0,0,0,0,0,0,0,0,0,0,0,0,0,0,0,0,66,0,0,0,0,0,0,0,0,0,0,0,0,0,0,0,1,0,0,0,0,0,0,0,0,0,0,0,0,0,0,,0,0,0,0,66,0,0,0,0,0,0,0,0,0,0,1,0,0,0,0,0,0,0,0,0,0,0
TU,100905,14,Hybognathus nuchalis,,1977,1,19,SUTTKUS AND SORENOON,,1974-1983,100905_03,HT DD,04/15/2024,F,93,73,,,,,0,0,0,0,0,0,0,0,,0,0,0,0,0,0,1,0,0,0,0,0,0,0,0,0,0,0,0,0,0,0,0,0,0,0,0,0,0,0,0,0,0,0,0,74,0,0,0,0,0,0,0,0,0,0,0,0,0,0,0,3,0,0,0,0,0,0,0,0,0,0,0,0,0,0,,0,0,0,0,14,0,0,0,0,0,1,0,0,0,0,3,0,0,0,0,0,0,0,0,0,0,0
TU,100905,14,Hybognathus nuchalis,,1977,1,19,SUTTKUS AND SORENOON,,1974-1983,100905_02,SD ACL GMC,04/02/2024,F,115,96,,,,,0,0,0,0,0,0,0,0,,0,0,0,0,0,0,0,0,0,0,0,0,0,0,0,0,0,0,0,0,0,0,0,0,0,0,0,0,0,0,0,0,0,0,0,7,0,1,0,0,0,0,0,0,0,0,0,0,0,0,0,0,0,0,0,0,0,0,0,0,0,0,0,0,0,0,,0,0,0,0,7,0,0,0,0,0,0,0,0,0,0,0,0,0,0,0,0,0,0,0,0,0,0
TU,100905,14,Hybognathus nuchalis,,1977,1,19,SUTTKUS AND SORENOON,,1974-1983,100905_04,ht cjw,04/15/2024,f,109,84,,,"CYST.NEH present in fins, vouchered as cyst.unkf",,0,0,0,0,0,0,0,0,,0,0,0,0,0,0,0,0,0,0,0,0,0,0,0,0,0,0,0,0,0,0,0,0,0,0,0,0,0,0,0,0,0,0,0,9,0,0,0,0,0,0,0,0,0,0,0,0,0,0,0,0,0,0,0,0,0,0,0,0,0,0,0,0,0,0,,0,0,0,0,9,0,0,0,0,0,0,0,0,0,0,0,0,0,0,0,0,0,0,0,300,0,0
TU,100905,14,Hybognathus nuchalis,,1977,1,19,SUTTKUS AND SORENOON,,1974-1983,100905_01,SD ACL GMC,04/02/2024,M,103,83,,,,,0,0,0,0,0,0,0,0,,0,0,0,0,0,0,0,0,0,0,0,0,0,0,0,0,0,0,0,0,0,0,0,0,0,0,0,0,0,0,0,0,0,0,0,29,0,2,0,0,0,0,0,0,0,0,0,0,0,0,0,0,0,0,0,0,0,0,0,0,0,0,0,0,0,0,,0,0,0,0,29,0,0,0,0,0,0,0,0,0,0,0,0,0,0,0,0,0,0,0,0,2,0
TU,106828,23,Hybognathus nuchalis,,1978,4,20,Suttkus Rohmann,,,106828_01,CLW,07/08/2024,na,47,38,824,07/08/2024,,,0,0,0,0,7,0,0,0,,0,0,0,0,0,0,0,0,0,0,0,0,0,0,0,9,0,0,0,0,0,0,0,1,0,0,0,0,0,0,0,0,0,0,0,0,0,0,0,0,0,0,0,129,0,0,0,0,1,0,0,0,0,0,0,0,0,0,0,0,0,0,0,0,0,0,,0,1,0,0,146,0,0,0,0,0,0,0,0,0,0,0,0,0,0,0,0,0,0,0,0,0,0
TU,106660,60,Hybognathus nuchalis,Pearl River along left bank opposite Bogalusa Creek,1989,10,12,Suttkus and Caruso,,,156660_01,IJ DJB GMC,07/09/2024,na,65,51,1958,07/09/2024,,,0,0,0,0,0,0,0,0,,0,0,0,0,0,0,0,0,0,0,0,0,0,0,0,0,0,0,0,0,0,0,0,0,0,0,0,0,0,0,0,0,0,0,0,32,0,0,0,0,0,0,0,0,0,0,0,0,0,0,0,4,0,0,0,0,0,0,0,0,0,0,1,0,0,0,,0,0,0,0,33,0,0,0,0,0,0,0,0,0,0,4,0,0,0,0,0,0,0,0,0,0,0
TU,156660,60,Hybognathus nuchalis,Pearl River along left bank opposite Bogalusa Creek,1989,10,12,Suttkus and Caruso,,,156660_02,JT SC DMDM,07/09/2024,F,48,37,728,07/09/2024,,,0,0,0,0,0,0,0,0,,24,0,0,0,0,2,0,0,0,0,0,25,0,1,0,3,0,0,0,0,0,0,0,0,0,0,0,0,0,0,0,0,0,0,0,24,0,0,0,0,0,0,0,0,0,0,0,0,0,0,0,3,0,0,0,0,0,0,0,0,0,0,0,0,0,0,,0,0,0,0,27,0,0,0,0,0,0,0,0,0,0,3,0,0,0,0,0,0,0,0,0,0,0
TU,132494,77,Hybognathus nuchalis,Pearl river along left bank at river mile 54,1983,10,6,Suttkus and Gunning,,,132494_03,DJB GMC,07/09/2024,NA,51,40,1072,07/09/2024,,,0,0,0,0,0,0,0,0,,0,0,0,0,0,0,0,0,0,0,0,0,0,0,0,1,0,0,0,0,0,0,0,0,0,0,0,0,0,0,0,0,0,0,0,3,0,0,0,0,0,0,0,0,0,0,0,0,0,0,0,0,0,0,0,0,0,0,0,0,0,0,4,0,0,0,,0,0,0,0,8,0,0,0,0,0,0,0,0,0,0,0,0,0,0,0,0,0,0,0,0,0,0
TU,70511,20,Hybognathus nuchalis,Pearl River just above Pools Bluff Sill,1971,7,15,"Suttkus, Thompson, Cashner",,,70511_03,DJB KC,07/09/2024,NA,44,76,659,07/09/2024,Selected from group of 17 due to size restrictions (3<30mm),,0,0,0,0,0,0,0,0,,0,0,0,0,0,0,0,0,0,0,0,0,0,0,0,0,0,0,0,0,0,0,0,0,0,0,0,0,0,0,0,0,0,0,0,0,0,0,0,0,0,0,0,0,0,0,0,0,0,0,0,7,0,0,0,0,0,0,0,0,0,0,0,0,0,0,,0,0,0,0,0,0,0,0,0,0,0,0,0,0,0,7,0,0,0,0,0,0,0,0,0,0,0
TU,37937,11,Hybognathus nuchalis,Pearl River just above Coburn Creek; 1.4 mi E. of Bogalusa,1965,6,5,Suttkus and Gunning,,,37937_01,SC KL,07/09/2024,NA,86,73,5392,07/09/2024,,,0,0,0,0,0,0,0,0,,0,0,0,0,0,0,1,0,0,0,0,0,0,0,0,1,0,0,0,0,0,0,0,0,0,0,0,0,0,0,0,0,0,0,0,0,0,0,0,0,0,0,0,0,0,0,0,0,0,0,0,0,0,0,0,0,0,0,0,0,0,0,0,0,0,0,,0,0,0,0,1,0,0,0,0,0,0,0,0,0,0,0,0,0,0,0,0,0,0,0,0,0,0
TU,132494,77,Hybognathus nuchalis,Pearl river along left bank at river mile 54,1983,10,6,Suttkus and Gunning,,,132494_04,SC DJB GMC,07/09/2024,NA,51,41,1163,07/09/2024,,,0,0,0,0,0,0,0,0,,0,0,0,0,0,0,0,0,0,0,0,0,0,0,na,4,0,0,0,0,0,0,0,0,0,0,0,0,0,0,0,0,0,0,0,51,0,0,0,0,0,0,0,0,0,0,0,0,0,0,0,0,0,0,0,0,0,0,0,0,0,0,0,0,0,0,,0,0,0,0,55,0,0,0,0,0,0,0,0,0,0,0,0,0,0,0,0,0,0,0,0,0,0
TU,106928,23,Hybognathus nuchalis,Pearl River along right bank between mouth of coburn and Bogalusa creek; 1.5 mi E of Bogalusa,1978,4,20,Suttkus and Gunning,,,106828_03,CJW GMC,07/08/2024,F,83,60,6265,07/09/2024,,,0,0,0,0,0,0,0,0,,0,0,0,0,0,0,0,0,0,0,0,0,0,0,0,0,0,0,0,0,na,0,0,0,0,0,0,0,0,0,0,0,0,0,0,0,0,0,0,0,0,0,0,0,0,0,0,0,0,0,0,7,0,0,0,0,0,1,0,0,0,0,2,0,0,0,,0,0,0,0,2,0,0,0,0,0,0,0,0,0,0,7,0,0,0,0,0,0,0,0,1,0,0
TU,156672,67,Hybognathus nuchalis,right bank .5 mi below richardson,1989,10,12,Suttkus and Caruso,,,156672_01,DJB DMDM,07/09/2024,NA,58,44,1528,07/09/2024,,,0,0,0,0,0,0,0,0,,0,0,0,0,0,0,0,0,0,0,0,0,0,0,0,0,0,0,0,0,0,0,0,0,0,0,0,0,0,0,0,0,0,0,0,5,0,0,0,0,0,0,0,0,0,0,1,0,0,0,0,0,0,0,0,0,0,0,0,0,0,0,0,0,0,0,,0,0,0,0,5,0,0,0,1,0,0,0,0,0,0,0,0,0,0,0,0,0,0,0,0,0,0
TU,37937,11,Hybognathus nuchalis,Just above cobcorn creek,1965,6,5,Suttkus and Gunning,,,37937_02,DJB KL,07/09/2024,NA,71,58,2952,07/09/2024,,,0,0,0,0,0,0,0,0,,0,0,0,0,0,0,0,0,0,0,0,0,0,0,0,0,0,0,0,0,0,0,0,0,0,0,0,0,0,0,0,0,0,0,0,0,0,0,0,0,0,0,0,0,0,0,0,0,0,0,0,0,0,0,0,0,0,0,0,0,0,0,0,0,0,0,,0,0,0,0,0,0,0,0,0,0,0,0,0,0,0,0,0,0,0,0,0,0,0,0,0,0,0
TU,156672,67,Hybognathus nuchalis,Along right bank 0.5 miles below richardson log,1989,10,12,Suttkus and Caruso,,,156672_02,DJB GMC,07/09/2024,NA,53,41,1136,07/09/2024,,,0,0,0,0,0,0,0,0,,0,0,0,0,0,0,0,0,0,0,0,0,0,0,0,19,0,0,0,0,0,0,0,0,0,0,0,0,0,0,0,0,0,0,0,75,0,0,0,0,0,0,0,0,0,0,0,0,0,0,0,0,0,0,0,0,0,0,0,0,0,0,5,0,0,0,,0,0,0,0,99,0,0,0,0,0,0,0,0,0,0,0,0,0,0,0,0,0,0,0,0,0,0
TU,106828,23,Hybognathus nuchalis,Pearl River along right bank between mouth of coburn and Bogalusa creek; 1.5 mi E of Bogalusa,1978,4,20,Suttkus and Rohman,,,106828_04,DMDM SC GMC,07/08/2024,NA,72,58,3015,07/09/2024,,,0,0,0,0,0,0,0,0,,0,0,0,0,0,0,0,0,0,0,0,0,0,0,0,0,0,0,0,0,0,0,0,0,0,0,0,0,0,0,0,0,0,0,0,0,0,0,0,0,0,0,0,0,0,0,0,0,0,0,0,5,0,0,0,0,0,0,0,0,0,0,0,0,0,0,,0,0,0,0,0,0,0,0,0,0,0,0,0,0,0,5,0,0,0,0,0,0,0,0,0,0,0
TU,106828,23,Hybognathus nuchalis,Pearl River along right bank between mouth of coburn and Bogalusa creek; 1.5 mi E of Bogalusa,1978,4,20,Suttkus and Rohman,,,106828_02,JT DMDM,07/08/2024,F,69,57,2957,07/09/2024,,,0,0,0,0,0,0,0,0,,0,0,0,0,0,0,0,0,0,0,0,0,0,0,0,19,0,0,0,0,0,0,0,0,0,0,0,0,0,0,0,0,0,0,0,80,0,0,0,0,0,0,0,0,0,0,0,0,0,0,0,0,0,0,0,0,0,0,0,0,0,0,18,0,0,0,,0,0,0,0,117,0,0,0,0,0,0,0,0,0,0,0,0,0,0,0,0,0,0,0,0,0,0
TU,132494,77,Hybognathus nuchalis,Pearl River,1983,10,6,Suttkis and Gunning,,,132494_02,DJB CJW,07/08/24,NA,61,48,2036,07/09/2024,,,0,0,0,0,0,0,0,0,,0,0,0,0,0,0,2,0,0,0,0,0,0,0,na,17,0,0,0,0,0,0,0,0,0,0,0,0,0,0,0,0,0,0,0,154,0,0,0,0,0,0,0,0,0,0,0,0,0,0,0,0,0,0,0,0,0,0,0,0,0,0,1,0,0,0,,0,0,0,0,170,0,0,0,0,0,0,0,0,0,0,0,0,0,0,0,0,0,0,0,0,0,0
TU,156672,67,Hybognathus nuchalis,Along right bank 0.5 miles below richardson log,1989,10,12,Suttkus and Caruso,,,156672_04,DJB KL,07/09/2024,NA,55,44,1271,07/09/2024,,,0,0,0,0,0,0,0,0,,0,0,0,0,0,0,0,0,0,0,0,0,0,0,0,11,0,0,0,0,0,0,0,0,0,0,0,0,0,0,5,0,0,0,0,153,0,0,0,0,0,0,0,0,0,0,0,0,0,0,0,0,0,0,0,0,0,0,0,0,0,0,13,0,0,0,,0,0,0,0,177,0,0,0,0,0,0,0,0,0,0,0,0,4,0,0,0,0,0,0,0,0,0
TU,37937,11,Hybognathus nuchalis,Pearl River just above Coburn Creek; 1.4 mi E. of Bogalusa,1965,6,5,Suttkus and Gunning,,,37937_04,SC KL,07/09/2024,NA,87,68,5306,07/09/2024,,,0,0,0,0,0,0,1,0,,0,0,0,0,0,0,0,0,0,0,0,0,0,0,0,5,0,0,0,0,0,0,0,0,0,0,0,0,0,0,0,0,0,0,0,19,0,0,0,0,0,0,0,0,0,0,0,0,0,0,0,0,0,0,0,0,0,0,0,0,0,0,0,0,0,0,,0,0,0,0,24,0,0,0,0,1,0,0,0,0,0,0,0,0,0,0,0,0,0,0,0,0,0
TU,156672,67,Hybognathus nuchalis,Along right bank 0.5 miles below richardson log,1989,10,12,Suttkus and Caruso,,,156672_03,DJB CJW,07/09/2024,NA,50,37,848,07/09/2024,,,0,0,0,0,0,0,0,0,,0,0,0,0,0,0,0,0,0,0,0,0,0,0,0,1,0,0,0,0,0,0,0,0,0,0,0,0,0,0,0,0,0,0,0,5,0,0,0,0,0,0,0,0,0,0,0,0,0,0,0,0,0,0,0,0,0,0,0,0,0,0,0,0,0,0,,0,0,0,0,6,0,0,0,0,0,0,0,0,0,0,0,0,0,0,0,0,0,0,0,0,0,0
TU,37937,11,Hybognathus nuchalis,"Just above cobcorn creek, 1.4 mi",1965,6,5,Suttkus and Gunning,,,37937_03,SC KL,07/09/2024,NA,93,75,6055,07/09/2024,,,0,0,0,0,0,0,0,0,0,0,0,0,0,0,0,0,0,0,0,0,0,0,0,0,24,0,0,0,0,0,0,0,0,0,0,0,0,0,0,0,0,0,0,0,131,0,0,0,0,0,0,0,0,0,0,0,0,0,0,0,5,0,0,0,0,0,0,0,0,0,0,0,0,0,0,,0,0,0,0,155,0,0,0,0,0,0,0,0,0,0,3,0,0,0,0,0,0,0,0,0,0,0
TU,70511,20,Hybognathus nuchalis,Pearl River just above Pools Bluff Sill,1971,7,15,"Suttkus, Thompson, Cashner",,,70511_04,IJ DMDM,07/08/2024,NA,45,37,761,07/09/2024,Selected from group of 17 due to size restructions (3<30mm),,0,0,0,0,0,0,0,0,0,0,0,0,0,0,0,0,0,0,0,0,0,0,0,0,0,0,0,0,0,0,0,0,0,0,0,0,0,0,0,0,0,0,0,0,0,0,0,0,0,0,0,0,0,0,0,0,0,0,0,0,6,0,2,0,0,0,0,0,0,0,0,0,0,0,0,,0,0,0,0,0,0,0,0,0,0,0,0,0,0,0,6,0,0,0,2,0,0,0,0,0,0,0
TU,132494,77,Hybognathus nuchalis,,1983,10,6,Suttkus and Gunning,,,132494_01,DJB CJW,07/08/24,NA,52,40,1389,07/09/2024,,,0,0,0,0,0,0,0,0,0,0,0,0,0,0,0,0,0,0,0,0,0,0,0,0,3,0,0,0,0,0,1,0,0,0,0,0,0,0,0,0,0,0,0,0,13,0,0,0,0,0,0,0,0,0,0,0,0,0,0,0,0,0,0,0,0,0,0,0,0,0,0,0,0,0,0,,0,0,0,0,17,0,0,0,0,0,0,0,0,0,0,0,0,0,0,0,0,0,0,0,0,0,0
TU,70511,20,Hybognathus nuchalis,Pearl River just above Pools Bluff Sill,1971,7,15,"Suttkus, Thompson, Cashner",,,70511_01,JT GMC,07/08/2024,NA,49,37,940,07/09/2024,Selected from group of 17 due to size restructions (3<30mm),,0,0,0,0,0,0,0,0,0,0,1,0,0,0,0,0,0,0,0,0,0,0,0,0,0,0,0,0,0,0,0,0,0,0,0,0,0,0,0,0,0,0,0,0,0,0,0,0,0,0,0,0,0,0,0,0,0,0,0,0,4,0,0,0,0,0,0,0,0,0,0,0,0,0,0,,0,0,0,0,0,0,0,0,0,0,0,0,0,0,0,4,1,0,0,0,0,0,0,0,0,0,0
TU,192995,502,Hybognathus nuchalis,Pearl River along right bank at 2nd bend above River Mile 54,2001,7,21,R.D. and J.S. Suttkus,,,192995_01,SC/IJ DMDM,07/10/2024,NA,42,34,558,07/10/2024,,,0,0,0,0,0,0,0,0,0,0,0,0,0,0,0,0,0,0,0,0,0,0,0,0,2,0,0,0,0,0,0,0,0,0,0,0,0,0,0,0,0,0,0,0,11,0,0,0,0,0,0,0,0,0,0,0,0,0,0,0,21,0,0,0,0,0,0,0,0,0,0,0,0,0,0,,0,0,0,0,13,0,0,0,0,0,0,0,0,0,0,21,0,0,0,0,0,0,0,0,0,0,0
TU,50356,42,Hybognathus nuchalis,Pear River just below sill at Pools Bluff; 4 mi S of Bogalusa ,1968,2,21,Suttks and Clemer,,,50356_03,CJW,07/09/2024,NA,86,72,6072,07/09/2024,Very fatty intestine,,0,0,0,0,0,0,0,0,0,0,0,0,0,0,0,0,0,0,0,0,0,0,0,0,0,0,0,0,0,0,0,0,0,0,0,0,0,0,0,0,0,0,0,0,6,0,0,0,0,0,0,0,1,0,0,0,0,0,0,0,0,0,0,0,0,0,0,0,0,0,0,0,0,0,0,,0,0,0,0,7,0,0,0,0,0,0,0,0,0,0,0,0,0,0,0,0,0,0,0,0,0,0
TU,50356,42,Hybognathus nuchalis,Pear River just below sill at Pools Bluff; 4 mi S of Bogalusa ,1968,2,21,Suttks and Clemer,,,50356_02,DJB KL,07/09/2024,NA,97,78,8489,07/10/2024,,,0,0,0,0,0,0,0,0,0,0,0,0,0,0,0,0,0,0,0,0,0,0,0,0,3,0,0,0,0,0,0,0,0,0,0,0,0,0,0,0,0,0,0,0,5,0,0,0,0,0,0,0,0,0,0,0,0,0,0,0,1,0,0,0,0,0,0,0,0,0,0,0,0,0,0,,0,0,0,0,8,0,0,0,0,0,0,0,0,0,0,1,0,0,0,0,0,0,0,0,0,0,0
TU,192995,502,Hybognathus nuchalis,Pearl River along right bank at 2nd bend above River Mile 54,2001,7,21,R.D. and J.S. Suttkus,,,192995_02,DJB GMC,07/10/2024,NA,43,35,752,07/10/2024,,,0,0,0,0,0,0,0,0,0,0,0,0,0,0,0,0,0,0,0,0,0,0,0,0,1,0,0,0,0,0,0,0,0,0,0,0,0,0,0,0,0,0,0,0,12,0,0,0,0,0,0,0,0,0,0,0,0,0,0,0,9,0,0,0,0,0,2,0,0,0,0,2,0,0,0,,0,0,0,0,13,0,0,0,0,0,0,0,0,0,0,9,0,0,0,0,0,0,0,0,0,2,0
TU,156660,60,Hybognathus nuchalis,Pearl River along left bank opposite Bogalusa Creek,1989,10,12,Suttkus and Caruso,,,156660_03,JT DJB/CJW,07/09/2024,NA,60,47,1810,07/10/2024,,,0,0,0,0,0,0,0,0,0,0,0,0,0,0,0,0,0,0,0,0,0,0,0,0,5,0,0,0,0,na,2,0,0,0,0,0,0,0,0,1,0,0,0,0,52,0,0,0,0,0,0,0,0,0,0,0,0,0,0,0,0,0,0,0,0,0,0,0,0,0,0,0,0,0,0,,0,0,0,0,57,0,0,0,0,0,0,0,0,0,0,0,0,0,0,0,0,0,0,0,0,0,0
TU,50356,69,Hybognathus nuchalis,Pearl River just above Pools Bluff Sill at pools; 4 miles south of Bogaluse ,1968,2,21,Suttkus and Celmer,,,50356_04,DMDM,07/09/2024,NA,86,69,5610,07/10/2024,"CYTS.NEH was present and vouched as 1 pectoral fin, 2 additional MYX.OT wouched off og slide",,1,0,0,0,0,0,0,0,0,0,0,0,0,0,0,0,0,0,0,0,0,0,0,0,2,0,0,0,0,0,0,0,0,0,0,0,0,0,0,0,0,0,0,0,11,0,0,0,0,0,0,0,0,0,0,0,0,0,0,0,0,0,0,0,0,0,0,0,0,0,0,1,0,0,0,,0,0,0,0,14,0,0,0,0,0,0,0,0,0,0,0,0,0,3,0,0,0,0,0,0,0,0
TU,172513,28,Hybognathus nuchalis,Pearl River along right bank above Coburn Creek,1995,1,14,R.D. and J.S. Suttkus,,,172513_02,IJ DJB/KL,07/09/2024,NA,67,54,2565,07/10/2024,,,0,0,0,0,0,0,0,0,0,0,0,0,0,0,0,0,0,0,0,0,0,0,0,0,1,0,0,0,0,0,0,0,0,0,0,0,0,0,0,0,0,0,0,0,25,0,0,0,0,0,0,0,0,0,0,0,0,0,0,0,0,0,0,0,0,0,0,0,0,0,0,0,0,0,0,,0,0,0,0,26,0,0,0,0,0,0,0,0,0,0,0,0,0,0,0,0,0,0,0,0,0,0
TU,70511,20,Hybognathus nuchalis,Pearl River just above Pools Bluff Sill,1971,7,15,"Suttkus, Thompson, Cashner",,,70511_02,SC JT/GMC,07/08/2024,NA,53,45,1440,07/10/2024,selected from group of 17 due to size restrictions (3 < 30 mm),,0,0,0,0,0,0,0,0,0,0,0,0,0,0,0,0,0,0,0,0,0,0,0,0,0,0,0,0,0,0,0,0,0,0,0,0,0,0,0,0,0,0,0,0,5,0,0,0,0,0,0,0,0,0,0,0,0,0,0,0,7,0,0,0,0,0,0,0,0,0,0,0,0,0,0,,0,0,0,0,5,0,0,0,0,0,0,0,0,0,0,7,0,0,0,0,0,0,0,0,0,0,0
TU,172513,28,Hybognathus nuchalis,Pearl River along right bank above Coburn Creek,1995,1,14,R.D. and J.S. Suttkus,,,172513_01,JT JT/DJB/CJW,07/09/2024,NA,73,56,2754,07/10/2024,"arthropod, vegegation, and dirt in gut contents",,0,0,0,0,0,0,0,0,0,0,0,0,0,0,0,0,0,0,0,0,0,0,0,0,2,0,0,0,0,0,0,0,0,0,0,0,0,0,0,0,0,0,0,3,14,0,0,0,0,0,0,0,3,0,0,0,0,0,0,0,0,0,0,0,0,0,0,0,0,0,0,0,0,0,0,,0,0,0,0,22,0,0,0,0,0,0,0,0,0,0,0,0,0,0,0,0,0,0,0,0,0,0
TU,172513,28,Hybognathus nuchalis,Pearl River along right bank above Coburn Creek,1995,1,14,R.D. and J.S. Suttkus,,,172513_03,JT KL,07/09/2024,F,75,58,3215,07/10/2024,,,0,0,0,0,0,0,0,0,0,0,0,0,0,0,0,0,0,0,0,0,0,0,0,0,12,0,0,0,0,0,0,0,0,0,0,0,0,0,0,0,0,0,0,0,105,0,0,0,0,0,0,0,0,0,0,0,0,0,0,0,0,0,0,0,0,0,0,0,0,0,0,0,0,0,0,,0,0,0,0,121,0,0,0,0,0,0,0,0,0,0,0,0,0,0,0,0,0,0,0,0,0,0
TU,156660,60,Hybognathus nuchalis,Pearl River along left bank opposite Bogalusa Creek,1989,10,12,Suttkus and Caruso,,,156660_04,IJ SC/DMDM,07/09/2024,NA,55,44,1226,07/10/2024,,,0,0,0,0,0,0,0,0,0,0,0,0,0,0,0,0,0,0,0,0,0,0,0,na,9,0,0,0,0,na,0,0,0,0,0,0,0,0,0,0,0,0,0,0,62,0,0,0,0,0,0,0,0,0,0,0,0,0,0,0,17,0,0,0,0,0,0,0,0,0,0,0,0,0,0,,0,0,0,0,71,0,0,0,0,0,0,0,0,0,0,17,0,0,0,0,0,0,0,0,0,0,0
TU,172513,28,Hybognathus nuchalis,Pearl River along right bank above Coburn Creek,1995,1,14,R.D. and J.S. Suttkus,,,172513_04,JT/GMC/IJ,07/09/2024,NA,69,56,2351,07/10/2024,,,0,0,0,0,0,0,0,0,0,0,0,0,0,0,0,0,0,0,0,0,0,0,0,na,0,0,0,0,0,na,na,0,0,0,0,0,0,0,0,0,0,na,0,0,0,0,0,0,0,0,0,0,0,0,0,0,0,0,0,0,0,0,0,0,0,0,0,0,0,0,0,0,0,0,0,,0,0,0,0,0,0,0,0,0,0,0,0,0,0,0,0,0,0,0,0,0,0,0,0,0,0,0
TU,192995,502,Hybognathus nuchalis,Pear River along right bank at 2nd bend above river Mile 54,2001,7,21,RD and JS Suttkus,,,192995_03,DJB GMC SC KL,7/10/2024,na,40,30,506,07/10/2024,,,0,0,0,0,0,0,0,0,0,0,0,0,0,0,0,0,0,0,0,0,0,0,0,0,2,0,0,0,0,0,0,0,0,2,0,0,0,0,0,0,0,0,0,0,7,6,0,0,0,0,0,0,0,0,0,0,0,0,0,0,8,0,0,0,0,0,0,0,0,0,0,0,0,0,0,,0,0,0,0,7,6,0,2,0,0,0,0,0,0,0,7,0,0,0,0,0,0,0,0,0,0,0
TU,197056,69,Hybognathus nuchalis,Along right bank at second bend above river mile 54,2004,4,24,RD and JS Suttkus,,,197056_01,DJB KL,7/10/2024,na,59,45,1548,07/10/2024,"none matching size requirements (>=70mm), took next 4 largest",,0,0,0,0,0,0,0,0,0,0,0,0,0,0,0,0,0,0,0,0,0,0,0,0,19,0,0,0,0,0,0,0,0,0,0,0,0,0,0,0,0,0,0,0,89,0,0,0,0,0,0,0,0,0,0,0,0,0,0,0,3,0,0,0,0,0,0,0,0,0,0,0,0,0,0,,0,0,0,0,121,0,0,0,0,0,0,0,0,0,0,3,0,0,0,0,0,0,0,0,0,0,0
TU,37981,27,Hybognathus nuchalis,Pearl River just below Sill at Pools Bluff; 4 mi S of Bogolusa,1965,7,3,Suttkus and Gunning,,,37981_01,SC/GML,7/11/2024,na,49,38,954,07/11/2024,10 in lot randomly selected from due to size (10 were< 70 mmg),,0,0,0,0,0,0,0,0,0,0,0,0,0,0,0,0,0,0,0,0,0,0,0,0,0,0,0,0,0,0,0,0,0,0,1,0,0,0,0,0,0,0,0,0,0,0,0,0,0,0,0,0,0,0,0,0,0,0,0,0,0,0,0,0,0,0,0,0,0,0,0,0,0,0,0,,0,0,0,0,0,0,0,0,0,0,0,0,0,0,0,0,0,0,0,0,0,0,0,1,0,0,0
TU,186257,30,Hybognathus nuchalis,Pearl River along left bank at River Mile 54,1998,9,18,RD and JS Suttkus,,,186257_03,SC KL,7/10/2024,na,67,55,2630,07/11/2024,"2 70 mm and above, next two largest selected",,0,0,1,0,0,0,0,0,0,0,0,0,0,0,0,0,0,0,0,0,0,0,0,0,11,0,0,0,0,0,6,0,0,0,0,0,0,0,0,0,0,0,0,0,81,0,0,0,0,0,0,0,0,0,0,0,0,0,0,0,9,0,0,0,0,0,0,0,0,0,0,0,0,0,0,,0,0,0,0,98,0,0,0,0,0,0,0,0,0,0,9,0,0,0,0,0,0,0,0,0,0,0
TU,198623,77,Hybognathus nuchalis,"Pearl River along left bank, just below Pool Bluff Sill",2005,7,15,RD and JS Suttkus,,,198623_03,DJB CJW,07/10/2024,na,47,38,1046,07/11/2024,none in length requirments (>70 mm) 4 next largest chosen,,0,0,0,0,0,0,0,0,0,0,0,0,0,0,0,0,0,0,0,0,0,0,0,0,9,0,0,0,0,0,0,0,0,0,0,0,0,0,0,0,0,0,0,0,94,0,0,0,0,0,0,0,0,0,0,2,0,0,0,0,1,0,0,0,0,0,1,0,0,0,0,0,0,0,0,,0,0,0,0,130,0,0,0,2,0,0,0,0,0,0,1,0,0,0,0,0,0,0,0,0,1,0
TU,198623,77,Hybognathus nuchalis,"Pearl River along left bank, below Pools Bluff Sill ",2005,7,15,RD and JS Suttkus,,,198634_02,SC GMC,7/10/2024,na,49,35,937,07/11/2024,4 larger selected; three  liver ,,0,0,0,0,0,0,0,0,0,0,0,0,0,0,0,0,0,0,0,0,0,0,0,0,3,0,0,0,0,0,0,0,0,0,0,0,0,0,0,0,0,0,0,0,21,0,0,0,0,0,0,0,0,0,0,0,0,0,0,0,1,0,0,0,0,0,0,0,0,0,0,0,0,0,0,,0,0,0,0,24,0,0,0,0,0,0,0,0,0,0,2,0,0,0,0,0,0,0,0,0,0,0
TU,198623,77,Hybognathus nuchalis,Pearl River along left bank just below Pool Bluff Sill,2005,7,15,RD AND JS Suttkus,,,198623_01,DJB/ DMDM,7/10/2024,na,47,37,400,07/11/2024,4 largest selected,,0,0,0,0,0,0,0,0,0,0,0,0,0,0,0,0,1,0,0,0,0,0,0,0,2,0,0,0,0,0,0,0,0,0,0,0,0,0,0,0,0,0,0,0,31,0,0,0,0,0,0,0,0,0,0,0,0,0,0,0,15,0,0,0,0,0,0,0,0,0,0,0,0,0,0,,0,0,0,0,35,0,0,0,0,1,0,0,0,0,0,15,0,0,0,0,0,0,0,0,0,0,0
TU,49517,79,Hybognathus nuchalis,Pearl River just below Sill  at Pools Bluff; 4 miles south of bogulosa,1967,12,26,RD AND JS Suttkus,,,49517_02,DJB KL,7/10/2024,na,69,52,2121,07/11/2024,Fish consistency very soft. Liver is soft mushy/texture,,0,0,0,0,0,0,0,0,0,0,0,0,0,0,0,0,0,0,0,0,0,0,0,3,20,0,0,0,0,0,0,0,0,0,0,0,0,0,0,0,0,0,0,0,200,0,0,0,0,0,0,0,0,0,0,0,0,0,0,0,7,0,0,0,0,0,0,0,0,0,0,0,0,0,0,,0,0,0,0,229,0,0,0,0,0,0,0,0,0,0,7,0,0,0,0,0,0,0,0,0,0,0
TU,197056,69,Hybognathus nuchalis,Pearl River along right bank at second bend above River Mile 54,2004,4,24,RD AND JS Suttkus,,,197056_03,DJB/GMC,7/10/2024,na,58,43,1516,07/10/2024,"none matching size requirements (>=70mm), took next 4 largest ",,0,0,0,0,0,0,0,0,0,0,0,0,0,0,0,0,0,0,0,0,0,0,0,0,3,0,0,0,0,0,0,0,0,0,0,0,0,0,0,0,0,0,0,0,49,0,0,0,0,0,0,0,0,0,0,0,0,0,0,0,0,0,0,0,0,0,0,0,0,0,0,0,0,0,0,,0,0,0,0,52,0,0,0,0,0,0,0,0,0,0,0,0,0,0,0,0,0,0,0,0,0,0
TU,49517,79,Hybognathus nuchalis,"Pearl River just below sill at Pools Bluff, 4 mile South of Bogolusa",1967,12,26,Rd and JS Suttkus,,,49517_03,IJ.DMDM,7/10/2024,na,79,63,3717,07/11/2024,,,0,0,0,0,0,0,0,0,0,0,0,0,0,0,0,0,0,0,0,0,0,0,0,0,0,0,0,0,0,0,0,0,0,0,0,0,0,1,1,0,0,0,0,0,5,0,0,0,1,0,0,0,0,0,0,0,0,0,0,0,10,0,0,0,0,0,0,0,0,1,0,0,0,0,0,,0,0,0,0,0,0,0,0,0,0,0,0,0,0,0,10,0,0,0,0,0,0,0,0,0,0,0
TU,198587,90,Hybognathus nuchalis,Pearl River along left bank at 2nd bend below Richardson Ldg.,2005,7,15,RD and JS Suttkus,,,198587_01,IJ SC CJW,7/11/2024,na,51,44,1246,07/11/2024,"None in size range ( greater than or equal to 70mm), chose 4 largest",,0,0,0,0,0,0,0,0,0,0,0,0,0,0,0,0,0,0,0,0,0,0,0,na,0,0,0,0,0,na,0,0,0,0,0,0,0,0,0,0,0,0,0,0,3,0,0,0,0,0,0,0,0,0,0,0,0,0,0,0,19,0,0,0,0,0,0,0,0,0,0,0,0,0,0,,0,0,0,0,3,0,0,0,0,0,0,0,0,0,0,19,0,0,0,0,0,0,0,0,0,0,0
TU,186257,30,Hybognathus nuchalis,Pearl River along left bank at River Mile 54,1998,7,18,RD and JS Suttkus,,,186257_02,JT SJB GMC,7/10/2024,na,72,55,3122,07//11/2024,"2 70mm and above fish selected, next two largest selected.",,0,0,0,0,0,0,0,0,0,0,0,0,0,0,0,0,0,0,0,0,0,0,0,0,1,0,0,0,0,0,0,0,0,0,0,0,0,0,0,0,0,0,0,0,9,0,0,0,0,0,0,0,0,0,0,0,0,0,0,0,22,0,0,0,0,0,0,0,0,0,0,0,0,0,0,,0,0,0,0,10,0,0,0,0,0,0,0,0,0,0,22,0,0,0,0,0,0,0,0,0,0,0
TU,198587,90,Hybognathus nuchalis,Pearl River along left bank at 2nd bend below Richardson Ldg.,2005,7,15,RD and JS Suttkus,,,198587_02,JT SC CLW,7/11/2024,na,51,40,1183,07/11/2024,"none in size range ( greater than or equal to 70mm), chose 4 largest",,0,0,0,0,0,0,0,0,0,0,0,0,0,0,0,0,0,0,0,0,0,0,0,na,1,0,0,0,0,na,na,0,0,0,0,0,0,0,0,0,0,0,0,0,3,0,0,0,0,0,0,0,0,0,0,0,0,0,0,0,3,0,0,0,0,0,0,0,0,0,0,0,0,0,0,,0,0,0,0,4,0,0,0,0,0,0,0,0,0,0,3,0,0,0,0,0,0,0,0,0,0,0
TU,37981,27,Hybognathus nuchalis,Pearl River just below Sill at Pools Bluff; 4 mi S of Bogolusa,1965,7,3,Suttkus and Gunning,,,37981_03,JT DJB DMDM,7/11/2024,na,47,36,793,07/11/2024,10 randomly selected from due to size (10 less than 70mm),,0,0,0,0,0,1,0,2,0,0,0,0,0,0,0,2,1,0,0,0,0,0,0,0,17,0,0,0,0,0,0,0,0,0,0,1,0,0,0,0,0,0,0,0,79,0,0,0,0,0,0,0,0,0,0,0,0,0,0,0,3,0,0,0,0,0,0,0,0,0,0,5,0,0,0,,0,0,0,0,101,0,0,0,0,1,5,0,0,0,0,3,0,0,0,0,0,0,0,0,0,0,0
TU,197056,69,Hybognathus nuchalis,Pearl River along right bank at second bend above River Mile 54,2004,4,24,RD and JS Suttkus,,,197056_02,SC DJB CJW,7/10/2024,na,58,47,1811,07/11/2024,none matching  size requirements (>70 mm) took next four largest,,0,0,0,0,0,0,0,0,0,0,0,0,0,0,0,0,0,0,0,0,0,0,0,na,2,0,0,0,0,0,0,0,0,0,0,0,0,0,0,0,0,0,0,0,118,0,0,0,0,0,0,0,0,0,0,0,0,0,0,0,1,0,0,0,0,0,0,0,0,0,0,6,0,0,0,,0,0,0,0,126,0,0,0,0,0,0,0,0,0,0,1,0,0,0,0,0,0,0,0,0,0,0
TU,198587,90,Hybognathus nuchalis,Pearl River along left bank at 2nd bend below Richardson Ldg.,2005,7,15,RD and JS Suttkus,,,198587_04,JT DJB CJW,7/11/2024,na,50,40,1052,07/11/2024,"none in size range ( greater than or equal to 70mm), chose 4 largest",,0,0,0,0,0,0,0,0,0,0,0,0,0,0,0,0,0,0,0,0,0,0,0,na,0,0,0,0,0,0,0,0,0,0,0,0,0,0,0,0,0,0,0,0,2,0,0,0,0,0,0,0,0,0,0,0,0,0,4,0,5,0,4,0,0,0,0,0,0,0,0,0,0,0,0,,0,0,0,0,1,0,0,0,0,0,0,0,0,0,0,5,0,0,0,4,0,0,0,0,0,4,0
TU,192995,502,Hybognathus nuchalis,Pearl River along right bank at 2nd bend above River Mile 54,2001,7,21,RD and JS Suttkus,,,192995_04,SC KL,7/10/2024,na,38,30,392,7/11/2024,,,0,0,0,0,0,0,0,0,0,0,0,0,0,0,0,0,0,0,0,0,0,0,0,0,1,0,0,0,0,0,0,0,0,0,0,0,0,0,0,0,0,0,0,0,27,0,0,0,0,0,0,0,0,0,0,0,0,0,0,0,21,0,0,0,0,0,0,0,0,0,0,0,0,0,0,,0,0,0,0,28,0,0,0,0,0,0,0,0,0,0,21,0,0,0,0,0,0,0,0,0,0,0
TU,186257,30,Hybognathus nuchalis,Pearl River along left bank at River Mile 54,1998,7,18,RD and JS Suttkus,,,186257_01,jt djb gmc,07/10/2024,na,70,55,3187,07/10/2024,"2 70mm and above fish selected, next two largest selected.",,0,0,0,0,0,0,0,0,0,0,0,0,0,0,0,0,0,0,0,0,0,0,0,0,0,0,0,0,0,0,0,0,0,0,0,0,0,0,0,0,0,0,0,0,15,0,0,0,0,0,0,0,0,0,0,0,0,0,0,0,19,0,0,0,0,0,0,0,0,0,0,0,0,0,0,,0,0,0,0,15,0,0,0,0,0,0,0,0,0,0,19,0,0,0,0,0,0,0,0,0,0,0
TU,49517,79,Hybognathus nuchalis,"Pearl River just below sill at Pools Bluff, 4 mile South of Bogolusa",1967,12,26,Rd and JS Suttkus,,,49517_01,djb clw,07/10/2024,na,91,73,5421,07/11/2024,bivalve seen in gut,,0,0,0,0,0,0,0,0,0,0,0,0,0,0,0,0,0,0,0,0,0,0,0,na,0,0,0,0,0,na,na,0,0,0,0,0,0,0,0,0,0,0,0,0,0,0,0,0,0,0,0,0,0,0,0,0,0,0,0,0,0,0,0,0,0,0,0,0,0,0,0,0,0,0,0,,0,0,0,0,0,0,0,0,0,0,0,0,0,0,0,0,0,0,0,0,0,0,0,0,0,0,0
TU,186257,30,Hybognathus nuchalis,Pearl River along left bank at River Mile 54,1998,7,18,RD and JS Suttkus,,,186257_04,sc ij kl,07/10/2024,na,76,58,3433,07/10/2024,"2 70mm and above fish selected, next two largest selected.",,0,0,0,0,0,0,0,0,0,0,0,0,0,0,0,0,0,0,0,0,0,0,0,0,3,0,0,0,0,0,0,0,0,0,0,0,0,0,0,0,0,0,0,0,7,0,0,0,0,0,0,0,0,0,0,0,0,0,0,0,4,0,0,0,0,0,0,0,0,0,0,0,0,0,0,,0,0,0,0,10,0,0,0,0,0,0,0,0,0,0,4,0,0,0,0,0,0,0,0,0,0,0
TU,198623,77,Hybognathus nuchalis,"Pearl River along left bank, just below Pool Bluff Sill",2005,7,15,RD and JS Suttkus,,,198623_04,jt sc kl,07/11/2024,na,50,38,1052,07/11/2024,none were within the desired lengths (over 70mm) so largest were chosen,,0,0,0,0,0,0,0,0,0,0,0,0,0,0,0,0,0,0,0,0,0,0,0,0,2,0,0,0,0,0,0,0,0,0,0,0,0,0,0,0,0,0,0,0,17,0,0,0,0,0,0,0,0,1,0,0,0,0,0,0,7,0,0,0,0,0,0,0,0,0,0,0,0,0,0,,0,0,0,0,19,1,0,0,0,0,0,0,0,0,0,7,0,0,0,0,0,0,0,0,0,0,0
TU,161604,35,Hybognathus nuchalis,Pearl River along left bank across from mouth of Coburn Creek,1991,10,26,RD and JS Suttkus,,,161604_04,DJB CLW,07/11/2024,NA,69,55,2638,07/11/2024,"2 70mm and above fish selected, next two largest selected.",,0,0,0,0,0,0,0,0,0,0,0,0,0,0,0,0,0,0,0,0,0,0,0,NA,0,0,0,0,0,NA,NA,0,0,0,0,0,0,0,0,0,0,NA,0,0,0,0,0,0,0,0,0,0,0,0,0,0,0,0,0,0,0,0,0,0,0,0,0,0,0,0,0,0,0,0,0,,0,0,0,0,0,0,0,0,0,0,0,0,0,0,0,0,0,0,0,0,0,0,0,0,0,0,0
TU,50356,42,Hybognathus nuchalis,Pearl River just above Pools Bluff Sill at pools; 4 miles south of Bogaluse ,1968,2,21,SUTTKUS AND CLEMET,,,50356_01,SC JT,07/09/2024,NA,81,68,4975,07/11/2024,,,0,0,0,0,0,0,0,0,0,0,0,0,0,0,0,1,1,0,0,0,0,0,0,0,5,0,0,0,0,0,0,0,0,0,0,0,0,0,0,0,0,0,0,0,143,0,0,0,0,0,0,0,0,0,0,0,0,0,0,0,8,0,0,0,0,0,0,0,0,0,0,0,0,0,0,,0,0,0,0,148,0,0,0,0,1,1,0,0,0,0,8,0,0,0,0,0,0,0,0,0,0,0
TU,37981,27,Hybognathus nuchalis,Pearl River just below Sill at Pools Bluff; 4 mi S of Bogolusa,1965,7,3,SUTTKUS AND GUNNING,,,37981_02,IJ SC/DMDM,07/11/2024,NA,67,54,2627,07/11/2024,10 RANDOMLY SELCETED FROM DUE TO SIZE ,,0,0,0,0,0,0,0,0,0,0,0,0,0,0,0,0,0,0,0,0,0,0,0,0,2,0,0,0,0,0,0,0,0,0,0,0,0,0,1,0,0,0,0,0,9,0,0,0,0,0,0,0,0,0,0,0,0,0,0,0,2,0,0,0,0,0,0,0,0,0,0,0,0,0,0,,0,0,0,0,11,0,0,0,0,0,0,0,0,1,0,2,0,0,0,0,0,0,0,0,0,0,0
TU,59432,35,Hybognathus nuchalis,Pearl river just above mouth of coburn creek (on opposite side of river) 1.5 miles east of Bogalusa,1969,10,28,Suttkus and Gunning,,,59432_01,SC KL,07/11/2024,na,67,53,2553,07/12/2024,28 viable due to size (7 > 70 mm),,0,0,0,0,0,0,0,0,0,0,0,0,0,0,0,3,0,0,0,0,0,0,0,0,12,0,0,0,0,1,0,0,0,0,0,0,0,0,0,0,0,0,0,0,190,0,0,0,0,0,0,0,0,0,0,0,0,0,0,0,3,0,0,0,0,0,0,0,0,0,0,0,0,0,0,,0,0,0,0,203,0,0,0,0,0,0,0,0,0,0,3,0,0,0,0,0,0,0,0,0,0,0
TU,59432,35,Hybognathus nuchalis,Pearl river just above mouth of coburn creek (on opposite side of river) 1.5 miles east of Bogalusa,1969,10,28,Suttkus and Gunning,,,59432_04,CLW,07/12/2024,na,65,51,2342,07/12/2024,28 viable due to size (7 > 70 mm),,0,0,0,0,0,0,0,0,0,0,0,0,0,0,0,0,0,0,0,0,0,0,0,0,0,0,0,0,0,0,0,0,0,0,0,0,0,0,0,0,0,0,0,0,22,0,0,0,0,0,0,0,0,0,0,0,0,0,0,0,0,0,0,0,0,0,0,0,0,0,0,0,0,0,0,,0,0,0,0,22,0,0,0,0,0,0,0,0,0,0,0,0,0,0,0,0,0,0,0,0,0,0
TU,59432,35,Hybognathus nuchalis,Pearl river just above mouth of coburn creek (on opposite side of river) 1.5 miles east of Bogalusa,1969,10,28,Suttkus and Gunning,,,59432_02,SC ,07/12/2024,na,48,36,869,07/12/2024,28 viable due to size (7 > 70 mm),,0,0,0,0,0,0,0,0,0,0,0,0,0,0,0,0,0,0,0,0,0,0,0,0,7,0,0,0,0,0,0,0,0,0,0,0,0,0,0,0,0,0,0,0,144,0,0,0,0,0,0,0,0,0,0,0,0,0,0,0,1,0,0,0,0,0,0,0,0,0,0,0,0,0,0,,0,0,0,0,153,0,0,0,0,0,0,0,0,0,0,1,0,0,0,0,0,0,0,0,0,0,0
TU,149280,228,Hybognathus nuchalis,Pearl river along left bank opposite coburn creek,1987,14,1987,Suttkus and Hubert,,,149280_04,CLW/DMDM,07/11/2024,na,48,38,907,07/12/2024,4 largest selected,,0,0,0,0,0,0,0,0,0,0,0,0,0,0,0,0,0,0,0,1,0,0,0,0,0,0,0,0,0,0,0,0,0,0,0,0,0,0,0,0,0,0,0,0,5,0,0,0,0,0,0,0,0,0,0,0,0,0,0,0,16,0,0,1,0,0,0,0,1,0,0,0,0,0,0,,0,0,0,0,5,0,0,0,1,0,0,0,0,0,0,16,0,0,0,0,1,1,0,0,0,0,0
TU,196886,50,Hybognathus nuchalis,Pearl River along right bank at second bend above River Mile 54,2004,1,31,RD and JS Suttkus,,,196886_02,jt ij,07/12/2024,f,74,58,3190,07/12/2024,4 over 70mm,,0,0,0,0,0,0,0,0,0,0,0,0,0,0,0,0,0,0,0,0,0,0,0,0,7,0,0,0,0,0,0,0,0,0,0,0,0,0,0,0,0,0,0,0,138,0,0,0,0,0,0,0,0,0,0,0,0,0,0,0,0,0,0,0,0,0,0,0,0,0,0,0,0,0,0,,0,0,0,0,145,0,0,0,0,0,0,0,0,0,0,0,0,0,0,0,0,0,0,0,0,0,0
TU,174634,27,Hybognathus nuchalis,Pearl river along right bank at richardson landing,1995,4,29,RD and JS Suttkus,,,174634_03,djb sc kl,07/12/2024,na,93,73,5623,07/12/2024,,,0,0,0,0,0,0,0,0,0,0,0,0,2,0,0,0,0,0,0,0,0,0,0,0,0,0,0,0,0,0,0,0,0,0,0,0,0,0,0,0,0,0,0,0,0,0,0,0,0,0,0,0,0,0,0,0,0,0,0,0,4,0,0,0,0,0,0,0,0,0,0,0,0,0,0,,0,0,0,0,0,0,0,0,0,0,0,0,0,0,0,4,0,0,0,0,0,0,0,0,0,0,0
TU,161604,35,Hybognathus nuchalis,Pearl River along left bank across from mouth of Coburn Creek,1991,10,26,RD and JS Suttkus,,,161604_01,sc clw cjw,07/12/2024,na,68,57,2564,07/12/2024,"2 70mm and above fish selected, next two largest selected.",,0,0,0,0,0,0,0,0,0,0,0,0,0,0,0,1,0,0,0,0,0,0,0,na,0,0,0,0,0,0,0,0,0,0,0,0,0,0,0,0,0,0,0,0,0,0,13,0,0,0,0,0,0,0,0,0,1,0,0,0,0,0,0,0,1,0,0,0,0,0,0,0,0,0,0,,0,0,0,0,0,0,0,0,0,0,0,0,0,0,0,0,0,0,1,0,0,0,0,1,0,13,0
TU,49517,79,Hybognathus nuchalis,Pearl River just below sill at Pools Bluff; 4 miles south of Bogalusa,1967,12,26,JD Suttkus,,,49517_04,sc cjw,07/10/2024,F,105,85,10620,07/12/24,,,0,0,0,0,0,0,0,0,0,0,0,0,0,0,0,0,0,0,0,0,0,0,0,0,0,0,0,0,0,0,0,0,0,0,0,0,0,0,0,0,0,0,0,0,0,0,0,1,0,0,0,0,0,0,0,0,0,0,0,0,6,0,0,0,0,0,0,0,0,0,0,1,0,0,0,,0,0,1,0,1,0,0,0,0,0,0,0,0,0,0,1,0,0,0,0,0,0,0,0,0,0,0
TU,161604,35,Hybognathus nuchalis,Pearl River along left bank across from mouth of Coburn Creek,1991,10,26,RD and JS Suttkus,,,161604_03,djb clw gmc,07/11/2024,na,71,56,3079,07/12/2024,"2 70mm and above fish selected, next two largest selected.",,0,0,0,0,0,0,0,0,0,0,0,0,0,0,0,0,0,0,0,0,0,0,0,0,0,0,0,0,0,0,0,0,0,0,0,0,0,0,0,0,0,0,0,0,0,0,0,0,0,0,0,0,0,0,0,0,0,0,0,0,0,0,0,0,0,0,0,0,0,0,0,0,0,0,0,,0,0,0,0,0,0,0,0,0,0,0,0,0,0,0,0,0,0,0,0,0,0,0,0,0,0,0
TU,37981,27,Hybognathus nuchalis,Pearl River just below Sill at Pools Bluff; 4 mi S of Bogolusa,1965,7,3,SUTTKUS AND GUNNING,,,37981_04,ij sc djb kl,07/11/2024,na,68,54,2539,07/12/2024,10 RANDOMLY SELCETED FROM DUE TO SIZE ,,0,0,0,0,0,0,0,0,0,0,0,0,0,0,0,0,0,0,0,0,0,0,0,0,0,0,0,0,0,0,0,0,0,0,0,0,0,0,0,0,0,0,0,0,1,0,0,0,0,0,0,0,0,0,0,0,0,0,0,0,9,0,0,0,0,0,0,0,0,0,0,0,0,0,0,,0,0,0,0,1,0,0,0,0,0,0,0,0,0,0,9,0,0,0,0,0,0,0,0,0,0,0
TU,197056,69,Hybognathus nuchalis,Pearl River along right bank at second bend above River Mile 54,2004,4,24,RD AND JS Suttkus,,,197056_04,sc djb sc kl gmc,07/10/2024,na,57,46,1630,07/12/2024,"none were big enough, but biggest were choosen",,0,1,0,0,0,0,0,0,0,0,0,0,0,0,0,0,0,0,0,0,0,0,0,0,9,0,0,0,0,0,na,0,1,0,0,0,0,0,0,0,0,0,0,0,71,0,0,0,0,0,0,0,0,0,0,0,0,0,0,0,0,0,0,0,0,0,0,0,0,0,0,8,0,0,0,,0,0,0,0,89,0,0,0,0,0,0,0,0,0,0,0,0,0,0,0,0,0,0,0,0,0,0
TU,161604,35,Hybognathus nuchalis,Pearl River along left bank across from mouth of Coburn Creek,1991,10,26,RD and JS Suttkus,,,161604_02,KL,07/11/2024,na,71,57,3166,07/12/2024,,,0,0,0,0,0,0,0,0,0,0,0,0,0,0,0,0,0,0,0,0,0,0,0,0,0,0,0,0,0,0,0,0,0,0,0,0,0,0,0,0,0,0,0,0,0,0,0,0,0,0,0,0,0,0,0,0,0,0,0,0,0,0,0,0,0,0,0,0,0,0,0,1,0,0,0,,0,0,0,0,1,0,0,0,0,0,0,0,0,0,0,0,0,0,0,0,0,0,0,0,0,0,0
TU,149280,228,Hybognathus nuchalis,Pearl river along left bank opposite coburn creek,1987,14,1987,Suttkus and Hubert,,,149280_02,CLW CJW,07/11/2024,na,49,41,964,07/12/2024,,,0,0,0,0,0,0,0,0,0,0,0,0,0,0,0,0,0,0,0,0,0,0,0,0,0,0,0,0,0,0,0,0,0,0,0,0,0,0,0,0,0,0,0,0,7,0,0,0,0,0,0,0,0,0,0,0,0,0,0,0,6,0,0,0,0,0,0,0,0,0,0,0,0,0,0,,0,0,0,0,7,0,0,0,0,0,0,0,0,0,0,6,0,0,0,0,0,0,0,0,0,0,0
TU,149280,228,Hybognathus nuchalis,Pearl river along left bank opposite coburn creek,1987,14,1987,Suttkus and Hubert,,,149280_03,CLW ,07/11/2024,na,52,42,1134,07/12/2024,,,0,0,0,0,0,0,0,0,0,0,0,0,0,0,0,0,0,0,0,0,0,0,0,0,2,0,0,0,0,0,0,0,0,0,0,0,0,0,0,0,0,0,0,0,1,0,0,0,0,0,0,0,0,0,0,0,0,0,0,0,6,0,0,0,0,0,0,0,0,0,0,0,0,0,0,,0,0,0,0,3,0,0,0,0,0,0,0,0,0,0,6,0,0,0,0,0,0,0,0,0,0,0
TU,198587,90,Hybognathus nuchalis,Pearl River along left bank at 2nd bend below Richardson Ldg.,2005,7,15,RD and JS Suttkus,,,198587_03,DJB JT KL CJW,07/11/2024,na,52,40,1253,07/12/2024,,,0,0,0,0,0,0,0,0,0,0,0,1,0,0,0,0,0,0,0,0,0,0,0,0,3,0,0,0,0,0,0,0,0,0,0,0,0,0,0,0,0,0,0,0,63,0,0,0,0,0,0,0,0,0,0,0,0,0,0,0,3,0,0,0,0,0,0,0,0,0,0,0,0,0,0,,0,0,0,0,67,0,0,0,0,0,0,0,0,0,0,3,0,0,0,0,0,0,0,0,0,0,0
TU,149280,228,Hybognathus nuchalis,Pearl river along left bank opposite coburn creek,1987,14,1987,Suttkus and Hubert,,,149280_01,CLW GMC,07/11/2024,na,47,37,841,07/12/2024,,,0,0,0,0,0,0,0,0,0,0,0,0,0,0,0,0,0,0,0,0,0,0,0,0,0,0,0,0,0,0,0,0,0,0,0,0,0,0,0,0,0,0,0,0,10,0,0,0,0,0,0,0,0,0,0,0,0,0,0,0,0,0,0,0,0,0,0,0,0,0,0,0,0,0,0,,0,0,0,0,10,0,0,0,0,0,0,0,0,0,0,0,0,0,0,0,0,0,0,0,0,0,0
TU,196858,100,Hybognathus nuchalis,Pearl River along left bank opposite mouth of coburn creek,2004,1,31,RD and JS Suttkus,,,196858_04,ij jt kl,07/15/2024,f,92,75,5799,07/15/2024,"only 1 fish was large enough (over 70mm), the other 3 choosen were the next 3 largest. White spots seen on fish ( non parasitic)",,0,0,0,0,0,0,0,0,0,0,0,0,0,0,0,0,0,0,0,0,0,0,0,0,1,0,0,0,0,0,0,0,0,0,0,0,0,0,0,0,0,0,0,0,5,0,0,0,0,0,0,0,0,0,0,0,0,0,0,0,0,0,0,0,0,0,0,0,0,0,0,0,0,0,0,,0,0,0,0,6,0,0,0,0,0,0,0,0,0,0,0,0,0,0,0,0,0,0,0,0,0,0
TU,100406,225,Hybognathus nuchalis,Pearl River along left bank just below Pool Bluff Sill,1976,12,10,"RD Suttkus, heath, and Shaffer",,,100406_03,djb ij kl,07/15/2024,f,79,61,3402,07/15/2024,"Lot is split into 2 jars for a total of 400 fish, but this jar only had 225 fish that were selected from.",,0,2,0,0,0,0,0,0,0,0,0,0,0,0,0,0,0,0,0,0,0,0,0,0,2,0,0,0,0,0,0,0,0,0,0,0,0,0,0,0,0,0,0,0,2,0,0,0,0,0,0,0,0,0,0,0,0,0,0,0,1,0,0,0,0,0,0,0,0,0,0,0,0,0,0,,0,0,0,0,4,0,0,0,0,0,0,0,2,0,0,0,0,0,0,0,0,0,0,0,0,0,0
TU,196886,50,Hybognathus nuchalis,Pearl River along right bank at second bend above River Mile 54,2004,1,31,RD and JS Suttkus,,,196886_04,DJB GMC,07/12/2024,NA,77,63,3849,07/15/2024,4 over 70mm,,0,0,0,0,0,0,0,0,0,0,0,0,0,0,0,0,0,0,0,0,0,0,0,0,129,11,0,0,0,0,0,0,0,0,0,0,0,0,0,0,0,0,0,0,599,11,0,0,0,0,0,0,0,0,0,0,0,0,0,0,0,0,0,0,0,0,0,0,0,0,0,30,15,0,0,,0,0,0,0,758,37,0,0,0,0,0,0,0,0,0,0,0,0,0,0,0,0,0,0,0,0,0
TU,136233,164,Hybognathus nuchalis,Pearl River along left bank at River Mile 54,1984,7,17,Suttkus and Inaw,,,136233_02,jt dmdm,07/15/2024,f,76,60,3340,07/15/2024,"54 of the fish were over 70mm, so randomly selected from 54 out of 164 fish.",,0,0,0,0,0,0,0,0,0,0,0,0,0,0,0,0,0,0,0,0,0,0,0,0,5,0,0,0,0,0,0,0,0,0,0,0,0,0,0,0,0,0,0,0,34,0,0,0,0,0,0,0,0,0,0,0,0,0,0,0,9,0,0,0,0,0,0,0,0,0,0,0,0,0,0,,0,0,0,0,34,0,0,0,0,0,0,0,0,0,0,9,0,0,0,0,0,0,0,0,0,0,0
TU,196858,100,Hybognathus nuchalis,Pearl River along left bank opposite mouth of Coburn Creek,2004,1,31,RD and JS Suttkus,,,196858_03,SC,07/15/2024,NA,63,47,1478,07/15/2024,"1 fish to size (greater than or equal to 70 mm), other 3 are next largest. Jar appears to have mold on some fish. 12 TREM.CM vouchered from liver.",,0,0,0,0,0,0,0,0,0,0,0,0,0,0,0,1,0,0,0,0,0,0,0,0,12,0,0,0,0,0,0,0,0,0,0,0,0,0,0,0,0,0,0,0,110,0,0,0,0,0,0,0,0,0,0,0,0,0,0,0,0,0,0,0,0,0,0,0,0,0,0,0,1,0,0,,0,0,0,0,122,1,0,0,0,0,0,0,0,0,0,0,0,0,0,0,0,0,0,0,0,0,0
TU,196886,50,Hybognathus nuchalis,Pearl River along right bank at second bend above River Mile 54,2004,1,31,RD and JS Suttkus,,,196886_01,djb cjw,07/12/2024,na,98,78,7711,07/15/2024,"only 4 were over 70mm, so those were selected.",,0,0,0,0,0,0,0,0,0,0,0,0,0,0,0,10,0,0,0,0,0,0,0,0,1,0,0,1,0,0,0,0,0,0,0,0,0,0,0,0,0,0,0,0,13,0,0,0,0,0,0,0,0,0,0,0,0,0,0,0,1,0,0,0,0,0,0,1,0,0,0,3,0,0,1,,0,0,0,0,18,0,0,0,0,0,0,0,0,0,0,1,0,0,0,0,0,0,0,1,0,1,0
TU,196858,100,Hybognathus nuchalis,Pear River along left bank opposite mouth of Coburn Creek,2004,1,31,RD and JS Suttkus,,,196858_01,SC DMDM,07/15/2024,NA,61,48,1548,07/15/2024,"1 fish to size (greater than or equal to 70 mm), other 3 are next largest. Jar appears to have mold on some fish. 2 TREM.CM from liver vouchered.",,0,0,0,0,0,0,0,0,0,0,0,0,0,0,0,0,0,0,0,0,0,0,0,0,2,0,0,0,0,0,0,0,0,0,0,0,0,0,0,0,0,0,0,0,32,0,0,0,0,0,0,0,0,0,0,0,0,0,0,0,0,0,0,0,0,0,0,0,0,0,0,0,0,0,0,,0,0,0,0,34,0,0,0,0,0,0,0,0,0,0,0,0,0,0,0,0,0,0,0,0,0,0
TU,104270,35,Hybognathus nuchalis,"Pearl River along left bank just below sill at pools bluff, 4 miles s of bogolusa",1977,10,19,SUTTKUS AND SORENSEN,,,104270_01,IJ GMC,07/15/2024,NA,55,43,1321,07/15/2024,,,0,0,0,0,0,0,0,0,0,0,0,0,0,0,0,0,0,0,0,0,0,0,0,0,4,0,0,0,0,0,0,0,0,0,0,0,0,0,0,0,0,0,0,0,42,1,0,0,0,0,0,0,0,0,0,0,0,0,0,0,10,0,0,0,0,0,0,0,0,0,0,23,0,0,0,,0,0,0,0,69,1,0,0,0,0,0,0,0,0,0,10,0,0,0,0,0,0,0,0,0,0,0
TU,174634,27,Hybognathus nuchalis,Pearl River along right bank at Richardson Landing,1995,4,29,RD and JS Suttkus,,,174634_02,GMC CJW,07/12/2024,NA,98,82,6557,07/15/2024,,,0,0,0,0,0,0,0,0,0,0,0,0,0,0,0,1,0,0,0,0,0,0,0,0,0,0,0,0,0,0,0,0,0,0,0,0,0,0,0,0,0,0,0,0,2,0,0,0,0,0,0,0,0,0,0,1,0,0,0,0,0,0,0,0,0,0,0,0,0,0,0,0,0,0,1,,0,0,0,0,2,0,0,1,1,0,0,0,0,0,0,0,0,0,0,0,0,0,0,0,0,0,0
TU,189549,25,Hybognathus nuchalis,Pearl River along left bank just below Pool Bluff Sill,1999,10,9,RD and JS Suttkus,,,189549_01,IJ SC,07/12/2024,NA,74,59,3492,07/15/2024,14 fish are with in bounds (over 70mm(,,0,0,0,0,0,0,0,0,0,0,0,0,0,0,0,1,0,0,0,0,0,0,0,na,2,0,0,0,0,na,0,0,0,0,0,0,0,0,0,0,0,0,0,0,3,0,0,0,0,0,0,0,0,0,0,0,0,0,0,0,0,0,0,0,0,0,0,0,0,0,0,0,0,0,0,,0,0,0,0,5,0,0,0,0,0,0,0,0,0,0,0,0,0,0,0,0,0,0,0,0,0,0
TU,104270,35,Hybognathus nuchalis,Pearl R along left bank just below sill at Pools Bluff 4 miles south of Bogalusa,1977,10,19,Suttkus and Sorensen,,,104270_04,SC GMC,07/15/2024,NA,59,41,1696,07/15/2024,,,0,0,0,0,0,0,0,0,0,0,0,0,0,0,0,0,0,0,0,0,0,0,0,0,0,0,0,0,0,0,0,0,0,0,0,0,0,0,0,0,0,0,0,0,2,0,0,0,0,0,0,0,0,0,0,0,0,0,0,0,12,0,0,0,0,0,0,0,0,0,0,1,0,0,0,,0,0,0,0,3,0,0,0,0,0,0,0,0,0,0,12,0,0,0,0,0,0,0,0,0,0,0
TU,189549,25,Hybognathus nuchalis,Pearl River along left bank just below Pool Bluff Sill,1999,10,9,RD and JS Suttkus,,,189549_02,ij gmc cjw,07/12/2024,na,74,63,na,07/15/2024,14 fish are with in bounds (over 70mm(,,0,0,0,0,0,0,0,0,0,0,0,0,0,0,0,0,0,0,0,0,0,0,0,0,0,0,0,0,0,0,0,0,0,0,0,0,0,0,0,0,0,0,0,0,4,1,0,0,0,0,0,0,0,0,0,0,0,0,0,0,0,1,1,0,0,0,0,0,0,0,0,0,0,0,0,,0,0,0,0,4,1,0,0,0,0,0,0,0,0,0,0,0,0,0,1,0,0,0,0,0,0,0
TU,189549,25,Hybognathus nuchalis,Pearl River along left bank just below Pools Bluff Sill,1999,10,9,RD and JS Suttkus,,,189549_03,KL DJB DMDM,07/12/2024,F,74,60,3261,07/15/2024,14 within size range (greater than or equal to 70 mm),,0,0,0,0,0,0,0,0,0,0,0,0,0,0,0,0,1,0,0,2,0,0,0,0,0,0,0,0,0,0,0,0,0,0,0,0,0,0,0,0,0,0,0,0,22,0,0,0,0,0,0,0,0,0,0,0,0,0,0,0,0,0,0,0,0,0,0,0,0,0,0,1,0,0,0,,0,0,0,0,23,0,0,0,0,1,0,0,0,0,0,0,0,0,0,0,0,2,0,0,0,0,0
TU,189549,25,Hybognathus nuchalis,Pearl River along left bank just below Pools Bluff Sill,1999,10,9,RD and JS Suttkus,,,189549_04,jt sc dmdm,07/12/2024,f,72,55,3038,07/15/2024,14 within size range (greater than or equal to 70 mm),,0,0,0,0,0,0,0,0,0,0,0,0,0,0,0,0,0,0,0,0,0,0,0,na,0,0,0,0,0,0,0,0,0,0,0,0,0,0,0,0,0,na,0,0,2,0,0,0,0,0,0,0,0,0,0,0,0,0,0,0,9,0,0,0,0,0,0,0,0,0,0,0,0,0,0,,0,0,0,0,na,0,0,0,0,0,0,0,0,0,0,9,0,0,0,0,0,0,0,0,0,0,0
TU,136233,164,Hybognathus nuchalis,Pearl River along left bank at River Mile 54,1984,7,17,Suttkus and Inaw,,,136233_01,SC KL,07/15/2024,NA,81,62,4202,07/15/2024,randomly selecting from 54 fish greater than or equal to 70 mm. 6 TREM.CM vouchered from liver.,,0,0,0,0,0,0,0,0,0,0,0,0,0,0,0,0,0,0,0,0,0,0,0,0,6,0,0,0,0,0,0,0,0,0,0,0,0,0,0,0,0,0,0,0,9,0,0,0,0,0,0,0,0,0,0,0,0,0,0,0,0,0,2,0,0,0,0,0,0,0,0,0,0,0,0,,0,0,0,0,15,0,0,0,0,0,0,0,0,0,0,2,0,0,0,0,0,0,0,0,0,0,0
TU,59432,35,Hybognathus nuchalis,Pearl river just above mouth of coburn creek (on opposite side of river) 1.5 miles east of Bogalusa,1969,10,28,Suttkus and Gunning,,,59432_03,sc gmc dmdm,07/11/2024,na,60,48,1926,07/15/2024,28 viable due to size (7 > 70 mm),,0,0,0,0,0,0,0,0,0,0,0,0,0,0,0,0,0,0,0,0,0,0,0,na,1,0,0,0,0,na,0,0,0,0,0,0,0,0,0,0,0,0,0,0,3,0,0,0,0,0,0,0,0,0,0,0,0,0,0,0,3,0,0,0,0,0,0,0,0,0,0,0,0,0,0,,0,0,0,0,4,0,0,0,0,0,0,0,0,0,0,3,0,0,0,0,0,0,0,0,0,0,0
TU,104270,35,Hybognathus nuchalis,"Pearl River along left bank just below sill at pools bluff, 4 miles s of bogolusa",1977,10,19,Suttkus and Sorensen,,,104270_02,SC CLW,07/15/2024,NA,86,66,5312,07/15/2024,2 TREM.CM vouchered from liver,,0,1,0,0,0,0,0,0,0,0,0,0,0,0,0,1,0,0,0,0,0,0,0,0,2,0,0,0,0,0,0,0,0,0,0,0,0,0,0,0,0,0,0,0,48,0,0,0,0,0,0,0,0,0,0,0,0,0,0,0,0,0,0,0,0,0,0,0,0,0,0,0,0,0,0,,0,0,0,0,50,0,0,0,0,0,0,0,0,0,0,0,0,0,0,0,0,0,0,0,0,0,0
TU,196886,50,Hybognathus nuchalis,Pearl River along right bank at second bend above River Mile 54,2004,1,31,RD and JS Suttkus,,,196886_03,jt kl,07/12/2024,f,89,70,5441,07/15/2024,"only 4 were over 70mm, so those were selected.",,0,0,0,0,0,0,0,0,0,0,0,0,0,0,0,0,0,0,0,0,0,0,0,0,2,0,0,0,0,0,0,0,0,0,0,0,0,0,0,0,0,0,0,0,37,0,0,0,0,0,0,0,0,0,0,0,0,0,0,0,0,0,0,0,0,0,0,0,0,0,0,0,0,0,0,,0,0,0,0,40,0,0,0,0,0,0,0,0,0,0,0,0,0,0,0,0,0,0,0,0,0,0
TU,174634,27,Hybognathus nuchalis,Pearl river along right bank at richardson landing,1995,4,29,RD and JS Suttkus,,,174634_01,sc gmc ij,07/15/2024,na,72,60,3940,07/15/2024,,,0,0,0,0,0,0,0,0,0,0,0,0,0,0,0,0,0,0,0,0,0,0,0,0,0,0,0,0,0,0,0,0,0,0,0,0,0,0,0,0,0,0,0,0,0,0,0,0,0,0,0,0,0,0,0,0,0,0,0,0,0,0,0,0,0,0,0,0,0,0,0,1,0,0,0,,0,0,0,0,0,0,0,0,0,0,0,0,0,0,0,0,0,0,0,0,0,0,0,0,0,0,0
TU,196858,100,Hybognathus nuchalis,Pearl River along left bank opposite mouth of Coburn Creek,2004,1,31,RD and JS Suttkus,,,196858_02,SC,07/15/2024,F,58,47,1258,07/15/2024,"1 fish to size (greater than or equal to 70 mm), other 3 next longest selected. Jar appears to have mold on some film",,0,0,0,0,0,0,0,0,0,0,0,0,0,0,0,0,0,0,0,0,0,0,0,0,4,0,0,0,0,0,0,0,0,0,0,0,0,0,0,0,0,0,0,0,31,0,0,0,0,0,0,0,0,0,0,0,0,0,0,0,0,0,0,0,0,0,0,0,0,0,0,0,0,0,0,,0,0,0,0,35,0,0,0,0,0,0,0,0,0,0,0,0,0,0,0,0,0,0,0,0,0,0
TU,174634,27,Hybognathus nuchalis,Pearl river along right bank at richardson landing,1995,4,29,RD and JS Suttkus,,,174634_04,jt kl,07/12/2024,f,80,65,5333,07/15/2024,,,0,0,0,0,0,0,0,0,0,0,0,0,0,0,0,0,0,0,0,0,0,0,0,0,4,0,0,0,0,0,0,0,0,0,0,0,0,0,0,0,0,0,0,0,51,0,0,0,0,0,0,0,0,0,0,0,0,0,0,0,10,0,0,0,0,0,0,0,0,0,0,0,0,0,0,,0,0,0,0,55,0,0,0,0,0,0,0,0,0,0,10,0,0,0,0,0,0,0,0,0,0,0
TU,118314,154,Hybognathus nuchalis,Pearl river along left bank just below Pools Bluff Sill; 4 mi S. of Bogalusa,1980,10,23,Suttkus and Gunning,,,118314_02,SC DJB GMC,07/16/2024,na,81,67,3836,07/16/2024,Randomly selected from 132 fish over 70mm.,,0,0,0,0,0,0,0,0,0,0,0,0,0,0,0,0,0,0,0,0,0,0,0,0,0,0,0,0,0,0,0,0,0,0,0,0,0,0,0,0,0,0,0,0,4,0,0,0,0,0,0,0,0,0,0,0,0,0,0,0,0,0,0,0,0,0,0,0,0,0,0,0,0,0,0,,0,0,0,0,0,0,0,0,0,0,0,0,0,0,0,0,0,0,0,0,0,0,0,0,0,0,0
TU,160024,16,Hybognathus nuchalis,Pearl river along left bank just below Pools Bluff Sill,1991,1,3,Suttkus and Caruso,,,160024_02,IJ KL,07/16/2024,NA,105,84,6552,07/16/2024,,,0,1,0,0,0,0,0,0,0,0,0,0,0,0,0,0,0,0,0,0,0,0,0,0,3,0,0,0,0,0,0,0,0,0,0,0,0,0,0,0,0,0,0,0,24,0,0,0,0,0,0,0,0,1,0,0,0,0,0,0,0,0,0,0,0,0,0,0,0,0,0,0,0,0,0,,0,0,0,0,27,1,0,0,0,0,0,0,1,0,0,0,0,0,0,0,0,0,0,0,0,0,0
TU,197275,117,Hybognathus nuchalis,Pearl River along left bank at River Mile 54,2004,7,17,RD and JS Suttkus,,,197275_01,JT DMDM CJW,07/15/2024,na,71,54,2267,07/16/2024,"1 over 70mm, 3 next largest selected",,0,0,0,0,0,0,0,0,0,0,0,0,0,0,0,1,0,0,0,0,0,0,0,0,8,0,0,0,0,0,0,0,0,0,0,0,0,0,0,0,0,0,0,0,86,0,0,0,0,0,0,0,0,0,0,0,0,0,0,0,5,0,0,0,0,0,0,0,0,0,1,0,0,0,0,,0,0,0,1,94,0,0,0,0,0,0,0,0,0,0,5,0,0,0,0,0,0,0,0,0,0,0
TU,136233,164,Hybognathus nuchalis,Pearl River alomg left bank at River Mile 54,1984,7,17,Suttkus and Inaw,,,136233_04,DJB GMC KL,07/15/2024,na,84,68,3989,7/16/2024,Randomly selected from 54 fish greater than or equal to 70mm,,0,0,0,0,0,0,0,0,0,0,0,0,0,0,0,2,0,0,0,0,0,0,0,0,1,0,0,0,0,0,0,0,0,0,0,0,0,0,0,0,0,0,0,0,42,0,0,0,0,0,0,0,0,0,0,0,0,0,0,0,20,0,1,0,0,0,0,0,0,0,0,0,0,0,0,,0,0,0,0,43,0,0,0,0,0,2,0,0,0,0,20,0,0,0,1,0,0,0,0,0,0,0
TU,100406,225,Hybognathus nuchalis,Pearl River along left bank just below Pool Bluff Sill,1976,12,10,"RD Suttkus, heath, and Shaffer",,,100406_01,jt ij gmc cjw,07/15/2024,f,90,70,5275,07/16/2024,"Lot is split into 2 jars for a total of 400 fish, but this jar only had 225 fish that were selected from.",,0,0,0,0,0,0,0,0,0,0,0,0,0,0,0,0,0,0,0,0,0,0,0,0,1,0,0,0,0,0,0,0,0,0,0,0,0,0,0,0,0,0,0,0,19,0,0,0,0,0,0,0,0,0,0,0,0,0,0,0,0,0,2,0,0,0,0,0,0,0,0,0,0,0,0,,0,0,0,0,20,0,0,0,0,0,0,0,0,0,0,0,0,0,0,2,0,0,0,0,0,0,0
TU,100406,225,Hybognathus nuchalis,Pearl River along left bank just below Pool Bluff Sill,1976,12,10,"RD Suttkus, heath, and Shaffer",,,100406_04,sc gmc kl,07/15/2024,f,69,56,2165,07/16/2024,"Lot is split into 2 jars for a total of 400 fish, but this jar only had 225 fish that were selected from.",,0,1,0,0,0,0,0,0,0,0,0,0,0,0,0,0,0,0,0,0,0,0,0,0,0,0,0,0,0,0,0,0,0,0,0,0,0,0,0,0,0,0,0,0,31,1,0,0,0,0,0,0,0,0,0,0,0,0,0,0,0,0,0,0,0,0,0,0,0,0,0,2,0,0,0,,0,0,0,0,33,1,0,0,0,0,0,0,1,0,0,0,0,0,0,0,0,0,0,0,0,0,0
TU,136233,164,Hybognathus nuchalis,Pearl River along left bank at River Mile 54,1984,7,17,Suttkus and Inaw,,,136233_03,ij sc dmdm,07/15/2024,na,79,69,na,07/16/2024,randomly selecting from 54 fish greater than or equal to 70 mm. 6 TREM.CM vouchered from liver.,,0,0,0,0,0,0,0,2,0,0,0,0,0,0,0,3,0,0,0,0,0,0,0,0,0,0,0,0,0,0,0,0,0,0,0,0,0,0,0,0,0,0,0,0,9,0,0,0,0,0,0,0,0,0,0,0,0,0,0,0,12,0,0,4,0,0,0,0,0,0,0,0,0,0,0,,0,0,0,0,9,0,0,0,0,0,0,0,0,0,0,12,0,0,0,0,4,0,0,0,0,0,0
TU,100406,225,Hybognathus nuchalis,Pearl River along left bank just below Pool Bluff Sill,1976,12,10,"RD Suttkus, heath, and Shaffer",,,100406_02,djb gmc cjw,07/15/2024,na,121,99,14479,07/16/2024,"Lot is split into 2 jars for a total of 400 fish, but this jar only had 225 fish that were selected from.",,0,0,0,0,0,0,0,0,0,0,0,0,0,0,0,0,0,0,0,0,0,0,0,0,0,0,0,0,0,na,0,0,0,0,0,0,0,0,0,0,0,na,0,0,2,0,1,0,0,0,0,0,0,0,0,0,0,0,0,0,0,0,0,0,0,0,0,0,0,0,0,0,0,0,0,,0,0,0,0,0,0,0,0,0,0,0,0,0,0,0,0,0,0,0,0,0,0,0,0,0,0,0
TU,197275,117,Hybognathus nuchalis,Pearl River along left bank at River Mile 54,2004,7,17,RD and JS Suttkus,,,197275_04,SC IJ GMC,07/16/2024,NA,67,50,1930,07/16/2024,"1 over 70mm, 3 next largest selected",,0,0,0,0,0,0,0,0,0,0,0,0,0,0,0,0,0,0,0,0,0,0,0,0,33,0,0,0,0,0,0,0,0,0,0,0,0,0,0,0,0,0,0,0,188,1,0,0,0,0,0,0,0,0,0,0,0,0,0,0,0,0,0,0,0,0,0,0,0,0,0,0,0,0,0,,0,0,0,0,221,1,0,0,0,0,0,0,0,0,0,0,0,0,0,0,0,0,0,0,0,0,0
TU,151705,12,Hybognathus nuchalis,PEARL RIVER ALONG LEFT BANK .75 MILES BELOW RICHARDSON LDG,1988,4,14,Suttkus and Caruso,,,151705_02,IJ KL,07/16/2024,NA,76,55,2766,07/16/2024,"2fish above 70mm, other 2 were next largest",,0,1,0,0,0,0,0,0,0,0,0,0,0,0,0,0,0,0,0,0,0,0,0,0,0,0,0,0,0,0,0,0,0,0,0,0,0,0,0,0,0,0,0,0,3,0,0,0,0,0,0,0,0,0,0,0,0,0,0,0,7,0,0,0,0,0,0,0,1,0,0,0,0,0,0,,0,0,0,0,3,0,0,0,1,0,0,0,1,0,0,7,0,0,0,0,0,0,0,0,0,0,0
TU,104270,35,Hybognathus nuchalis,"Pearl River along left bank just below sill at pools bluff, 4 miles s of bogolusa",1977,10,19,suttkus and sorensen,,,104270_03,sc dmdm kl,07/15/2024,na,75,60,2664,07/16/2024,,,0,1,0,0,0,0,0,0,0,0,0,0,0,0,0,0,0,0,0,0,0,0,0,0,3,0,0,0,0,0,0,0,0,0,0,0,0,0,0,0,0,0,0,0,44,0,0,0,0,0,0,0,0,0,0,0,0,0,0,0,15,0,0,0,0,0,0,0,0,0,0,0,0,0,0,,0,0,0,0,47,0,0,0,0,0,0,0,0,0,0,15,0,0,0,0,0,0,0,0,0,0,0
TU,151705,12,Hybognathus nuchalis,PEARL RIVER ALONG LEFT BANK .75 MILES BELOW RICHARDSON LDG,1988,4,14,Suttkus and Caruso,,,151705_03,sc dmdm djb,07/16/2024,na,64,52,1924,07/16/2024,"2fish above 70mm, other 2 were next largest",,0,0,0,0,0,0,0,0,0,0,0,0,0,0,0,0,0,0,0,0,0,0,0,0,3,0,0,0,0,0,0,0,0,0,0,0,0,0,0,0,0,0,0,0,73,0,0,0,0,0,0,0,0,0,0,0,0,0,0,0,0,0,0,0,0,0,0,0,0,0,0,0,0,0,0,,0,0,0,0,76,0,0,0,0,0,0,0,0,0,0,0,0,0,0,0,0,0,0,0,0,0,0
TU,151705,12,Hybognathus nuchalis,PEARL RIVER ALONG LEFT BANK .75 MILES BELOW RICHARDSON LDG,1988,4,14,Suttkus and Caruso,,,151705_04,jt djb dmdm gmc,07/16/2024,na,65,48,1688,07/16/2024,"2fish above 70mm, other 2 were next largest",,0,0,0,0,0,0,0,0,0,0,0,0,0,0,0,0,0,0,0,0,0,0,0,0,0,0,0,0,0,0,0,0,0,0,0,0,0,0,0,0,0,0,0,0,0,0,0,0,0,0,0,0,0,0,0,0,0,0,0,0,4,0,0,0,0,0,0,0,0,0,0,0,0,0,0,,0,0,0,0,0,0,0,0,0,0,0,0,0,0,0,3,0,0,0,0,0,0,0,0,0,0,0
TU,100831,585,Hybognathus nuchalis,pearl river just above coburn cr. along left bank,1977,1,19,suttkus and sorenson,,,100831_04,jt kl,07/16/2024,na,48,35,606,07/16/2024,"randomly selected from fish 70mm and under, so 340 our of 585",,0,0,0,0,0,0,0,0,0,0,0,0,0,0,0,0,0,0,0,0,0,0,0,0,2,0,0,0,0,0,0,0,0,0,0,0,0,0,0,0,0,0,0,0,13,0,0,0,0,0,0,0,0,0,0,0,0,0,0,0,0,0,0,0,0,0,0,0,0,0,0,0,0,0,0,,0,0,0,0,15,0,0,0,0,0,0,0,0,0,0,0,0,0,0,0,0,0,0,0,0,0,0
TU,118314,154,Hybognathus nuchalis,Pearl river along left bank just below Pools Bluff Sill; 4 mi S. of Bogalusa,1980,10,23,Suttkus and Gunning,,,118314_03,djb kl ,07/16/2024,f,101,84,8098,07/16/2024,randomly selected from 132 out of the 154 due to size restrictions,,0,0,0,0,0,0,0,0,0,0,0,0,0,0,0,2,0,0,0,0,0,0,0,0,2,0,0,0,0,0,0,0,0,0,0,0,0,0,0,0,0,0,0,0,4,0,0,0,0,0,0,0,0,1,0,0,0,0,0,0,0,0,0,0,0,0,0,0,0,0,0,0,0,0,0,,0,0,0,0,6,1,0,0,0,0,0,0,0,0,0,0,0,0,0,0,0,0,0,0,0,0,0
TU,118314,154,Hybognathus nuchalis,Pearl river along left bank just below Pools Bluff Sill; 4 mi S. of Bogalusa,1980,10,23,Suttkus and Gunning,,,118314_01,sc djb cjw,07/16/2024,na,72,58,2902,07/16/2024,randomly selected from 132 out of the 154 due to size restrictions,,0,0,0,0,0,0,0,0,0,0,0,0,0,0,0,1,0,0,0,0,0,0,0,0,0,0,0,0,0,0,0,0,0,0,0,0,0,0,0,0,0,0,0,0,5,0,0,0,0,0,0,0,0,0,0,0,0,0,0,0,2,0,0,0,0,0,0,0,1,0,0,0,0,0,0,,0,0,0,0,4,0,0,0,1,0,0,0,0,0,0,2,0,0,0,0,0,0,0,0,0,0,0
TU,118314,154,Hybognathus nuchalis,Pearl river along left bank just below Pools Bluff Sill; 4 mi S. of Bogalusa,1980,10,23,Suttkus and Gunning,,,118314_04,ij jt kl,07/16/2024,m,70,58,2820,07/17/2024,randomly selected from 132 out of the 154 due to size restrictions,,0,1,0,0,0,0,0,0,0,0,0,0,0,0,0,0,0,0,1,0,0,0,0,0,0,0,0,0,0,0,0,0,0,0,0,0,0,0,0,0,0,0,0,0,12,0,0,0,0,0,0,0,0,0,2,0,0,0,0,0,0,0,0,0,0,0,0,0,0,0,0,0,0,0,0,,0,0,0,0,12,0,2,0,0,0,0,0,2,0,0,0,0,0,0,0,0,0,0,0,0,0,0
TU,100831,585,Hybognathus nuchalis,pearl river just above coburn cr. along left bank,1977,1,19,suttkus and sorenson,,,100831_01,SC DJB DMDM,07/16/2024,NA,54,42,1035,07/17/2024,"randomly selected from fish 70mm and under, so 340 our of 585",,14,0,0,0,0,0,0,0,0,0,0,0,0,0,0,0,0,0,0,0,0,0,0,0,5,0,0,0,0,0,1,0,0,0,0,0,0,0,0,0,0,0,0,0,37,0,0,0,0,0,0,0,0,0,0,0,0,0,0,0,0,0,0,0,0,0,0,0,0,0,0,0,0,0,0,,0,0,0,0,43,0,0,0,0,0,0,0,0,0,0,0,0,0,14,0,0,0,0,0,0,0,0
TU,197038,138,Hybognathus nuchalis,Pearl River along left bank opposite Bogalusa Creek,2004,4,24,RD and JS Suttkus,,,197038_03,DJB JT CJW,07/16/2024,NA,62,49,2128,07/17/2024,4 Largest selected,,0,0,0,0,0,0,0,0,0,0,0,0,0,0,0,0,0,0,0,0,0,0,0,1,12,0,0,0,0,0,0,0,0,0,0,0,0,0,0,0,0,0,0,0,130,0,0,0,0,0,0,0,0,0,0,0,0,0,0,0,0,0,0,0,0,0,0,0,0,0,0,20,0,0,0,,0,0,0,0,163,0,0,0,0,0,0,0,0,0,0,0,0,0,0,0,0,0,0,0,0,0,0
TU,151705,12,Hybognathus nuchalis,PEARL RIVER ALONG LEFT BANK .75 MILES BELOW RICHARDSON LDG,1988,4,14,Suttkus and Caruso,,,151705_01,sc djb gmc,07/16/2024,na,74,60,2904,07/17/2024,"2fish above 70mm, other 2 were next largest",,0,0,0,0,0,0,0,0,0,0,0,0,0,0,0,0,0,0,0,0,0,0,0,0,0,0,0,0,0,0,0,0,0,0,0,0,0,0,0,0,0,0,0,0,3,0,0,0,0,0,0,0,0,0,0,0,0,0,0,0,15,0,0,0,0,0,0,0,0,0,0,0,0,0,0,,0,0,0,0,3,0,0,0,0,0,0,0,0,0,0,15,0,0,0,0,0,0,0,0,0,0,0
TU,160024,16,Hybognathus nuchalis,Pearl river along left bank just below Pools Bluff Sill; 4 mi S. of Bogalusa,1991,1,3,Suttkus and Caruso,,,160024_03,djb sc kl,07/16/2024,na,98,76,2098,07/17/2024,,,1,0,0,0,0,0,0,0,0,0,0,0,0,0,0,0,0,0,0,0,0,0,0,0,0,0,0,0,0,0,0,0,0,0,0,0,0,0,0,0,0,0,0,0,9,0,0,0,0,0,0,0,0,1,0,0,0,0,0,0,0,0,0,0,0,0,0,0,0,0,0,0,0,0,0,,0,0,0,0,9,1,0,0,0,0,0,0,0,0,0,0,0,0,1,0,0,0,0,0,0,0,0
TU,197275,117,Hybognathus nuchalis,Pearl River along left bank at River Mile 54,2004,7,17,RD and JS Suttkus,,,197275_02,sc clw,07/15/2024,na,62,49,1698,07/15/2024,"1 over 70mm, 3 next largest selected",,0,0,0,0,0,0,0,0,0,0,0,0,0,0,0,1,0,0,0,0,0,0,0,na,27,0,0,0,0,na,na,0,0,0,0,0,0,0,0,0,0,na,0,0,239,0,0,0,0,0,0,0,0,0,0,0,0,0,0,0,0,0,0,0,0,0,0,0,0,0,0,0,0,0,0,,0,0,0,0,266,0,0,0,0,0,0,0,0,0,0,0,0,0,0,0,0,0,0,0,0,0,0
TU,197275,117,Hybognathus nuchalis,Pearl River along left bank at River Mile 54,2004,7,17,RD and JS Suttkus,,,197275_03,djb cjw,07/15/2024,na,69,55,2311,07/17/2024,"1 over 70mm, 3 next largest selected",,0,0,0,0,0,0,0,0,0,0,0,0,0,0,0,0,0,0,0,0,0,0,0,na,17,2,0,0,0,0,0,0,0,0,0,0,0,0,0,0,0,0,0,0,153,0,0,0,0,0,0,0,0,0,0,0,0,0,0,0,2,0,0,0,0,0,0,0,0,0,0,31,0,0,0,,0,0,0,0,201,0,0,0,0,0,0,0,0,0,0,2,0,0,0,0,0,0,0,0,0,0,0
TU,197038,138,Hybognathus nuchalis,Pearl River along left bank opposite Bogalusa Creek,2004,4,24,RD and JS Suttkus,,,197038_04,sc jt gmc,07/17/2024,na,63,52,2081,07/17/2024,4 Largest selected,,0,0,0,0,0,0,0,0,0,0,0,0,0,0,0,0,0,0,0,0,0,0,0,0,3,0,0,0,0,0,0,0,0,0,0,0,0,0,0,0,0,0,0,0,116,0,0,0,0,0,0,0,0,0,0,0,0,0,0,0,0,0,0,0,0,0,0,0,0,0,0,0,0,0,0,,0,0,0,0,119,0,0,0,0,0,0,0,0,0,0,0,0,0,0,0,0,0,0,0,0,0,0
TU,160024,16,Hybognathus nuchalis,Pearl river along left bank just below Pools Bluff Sill; 4 mi S. of Bogalusa,1991,1,3,Suttkus and Caruso,,,160024_01,sc ij dmdm,07/16/2024,na,113,93,12164,07/17/2024,,,0,0,0,0,0,0,0,0,0,0,0,0,0,0,0,0,0,0,0,0,0,0,0,0,0,0,0,0,0,0,0,0,0,0,0,0,0,0,0,0,0,0,0,0,15,0,0,0,0,0,0,0,0,0,0,0,0,0,0,0,0,0,0,0,0,0,0,0,0,0,0,0,0,0,0,,0,0,0,0,15,0,0,0,0,0,0,0,0,0,0,0,0,0,0,0,0,0,0,0,0,0,0
TU,160024,16,Hybognathus nuchalis,Pearl river along left bank just below Pools Bluff Sill; 4 mi S. of Bogalusa,1991,1,3,Suttkus and Caruso,,,160024_04,jt djb ij kl,07/16/2024,na,96,73,6710,07/17/2024,,,0,0,0,0,0,0,0,0,0,0,0,0,0,0,0,1,0,0,0,0,0,0,0,0,0,0,0,0,0,0,0,0,0,0,0,0,0,0,0,0,0,0,0,0,2,0,0,0,0,0,0,0,0,0,0,0,0,0,0,0,0,0,0,0,0,0,0,0,0,0,0,0,0,0,0,,0,0,0,0,0,0,0,0,0,0,0,0,0,0,0,0,0,0,0,0,0,0,0,0,0,0,0
TU,30995,8,Hybognathus nuchalis,"Pearl R. just above mouth of Coburn Cr., 1.5mi E of HWY 7 in Bogalusa",1963,12,12,Suttkus and Gunning,,,30995_01,JT DMDM KL,07/08/2024,na,78,60,3996,07/18/2024,4 smallest selected,,0,0,0,0,0,0,0,0,0,0,0,0,0,0,0,0,0,0,0,0,0,0,0,0,1,0,0,0,0,0,0,0,0,0,0,0,0,0,0,0,0,0,0,0,70,0,0,0,0,0,0,0,0,0,0,0,0,0,0,0,1,0,0,0,0,0,0,0,5,0,0,0,0,0,0,,0,0,0,0,71,0,0,0,5,0,0,0,0,0,0,1,0,0,0,0,0,0,0,0,0,0,0
TU,30995,8,Hybognathus nuchalis,"Pearl R. just above mouth of Coburn Cr., 1.5mi E of HWY 7 in Bogalusa",1963,12,12,Suttkus and Gunning,,,30995_03,JT IJ GMC,07/18/2024,na,83,65,4592,07/18/2024,4 smallest selected,,0,0,0,0,0,0,0,0,0,0,0,0,0,0,0,0,0,0,0,0,0,0,0,0,1,0,0,0,0,0,0,0,0,0,0,0,0,0,0,0,0,0,0,0,19,0,0,0,0,0,0,0,0,0,0,0,0,0,0,0,0,0,0,0,0,0,0,0,0,0,0,0,0,0,0,,0,0,0,0,20,0,0,0,0,0,0,0,0,0,0,0,0,0,0,0,0,0,0,0,0,0,0
TU,186646,19,Hybognathus nuchalis,Pearl River along left bank opposite Bogalusa Creek,1998,10,10,RD and JS Suttkus,,,186646_02,SC CJW KL,07/18/2024,na,67,53,2457,07/18/2024,"4 largest chosen, none larger than 70mm.",,0,0,0,0,0,0,0,0,0,0,0,0,0,0,0,0,0,0,0,0,0,0,0,0,1,0,1,0,0,0,0,0,0,0,0,0,0,0,0,0,0,0,0,0,11,0,0,0,0,0,0,0,0,0,0,0,0,0,0,0,0,0,0,0,0,0,0,0,0,0,0,0,0,0,0,,0,0,0,0,12,0,0,0,0,0,0,0,0,0,0,0,0,0,0,0,0,0,0,0,0,0,0
TU,146778,169,Hybognathus nuchalis,Pearl River along left bank just below Pools Bluff Sill,1986,10,9,Suttkus and Caruso,,,146778_01,JT IJ GMC,07/17/2024,na,70,53,2710,07/18/2024,Randomly selected from 9 fish 70mm and above,,0,0,0,0,0,0,0,0,0,0,0,0,0,0,0,0,0,0,0,0,0,0,0,0,1,0,0,0,0,0,0,0,0,0,0,0,0,0,0,0,0,0,0,0,33,0,0,0,0,0,0,0,0,0,0,0,0,0,0,0,1,0,0,0,0,0,0,0,0,0,0,0,0,0,0,,0,0,0,0,33,0,0,0,0,0,0,0,0,0,0,1,0,0,0,0,0,0,0,0,0,0,0
TU,186646,19,Hybognathus nuchalis,Pearl River along left bank opposite Bogalusa Creek,1998,10,10,RD and JS Suttkus,,,186646_01,JT IJ KL,07/18/2024,na,70,54,3012,07/18/2024,No individuals 70mm or up found so next largest 4 selected.,,0,0,0,0,0,0,0,0,0,0,0,0,0,0,0,0,0,0,0,0,0,0,0,0,1,0,0,0,0,0,0,0,0,0,0,0,0,0,0,0,0,0,0,0,16,0,0,0,0,0,0,0,0,0,0,0,0,0,0,0,0,0,0,0,0,0,0,0,0,0,0,0,0,0,0,,0,0,0,0,17,0,0,0,0,0,0,0,0,0,0,0,0,0,0,0,0,0,0,0,0,0,0
TU,146778,169,Hybognathus nuchalis,Pearl River along left bank just below Pools Bluff Sill ,1986,10,9,Suttkus and Caruso,,,146778_02,DJB DMDM,07/17/2024,F,71,54,2759,07/18/2024,Randomly selected from 9 fish 70mm and above,,0,0,0,0,0,0,0,0,0,0,0,0,0,0,0,0,0,0,0,0,0,0,0,0,23,0,0,0,0,0,0,0,0,0,0,0,0,0,0,0,0,0,0,0,333,0,0,0,0,0,0,0,0,0,0,0,0,0,0,0,3,0,1,0,0,0,0,0,1,0,0,85,0,0,0,,0,0,0,0,442,0,0,0,0,0,0,0,0,0,0,3,0,0,0,1,0,0,0,0,0,0,0
TU,197038,138,Hybognathus nuchalis,Pearl River along left bank opposite Bogalusa Creek,2004,4,24,R.D. and J.S. Suttkus,,,197038_01,SC IJ GMC,07/16/2024,na,63,51,1956,07/18/2024,4 largest selected,,0,0,0,0,0,0,0,0,0,0,0,0,0,0,0,0,0,0,0,0,0,0,0,0,5,0,0,0,0,0,0,0,0,0,0,0,0,0,0,0,0,0,0,0,73,0,0,0,0,0,0,0,0,0,0,0,0,0,0,0,0,0,0,0,0,0,0,0,0,0,0,2,0,0,0,,0,0,0,0,80,0,0,0,0,0,0,0,0,0,0,0,0,0,0,0,0,0,0,0,0,0,0
TU,186646,19,Hybognathus nuchalis,Pearl River along left bank opposite Bogalusa Creek,1998,10,10,RD and JS Suttkus,,,186646_04,SC IJ CJW,07/18/2024,na,65,53,2221,07/18/2024,"4 largest individuals selected, none over 70mm",,0,0,0,0,0,0,0,0,0,0,0,0,0,0,0,0,0,0,0,0,0,0,0,0,4,0,0,0,0,0,0,0,0,0,0,0,0,0,0,0,0,0,0,0,40,0,0,0,0,0,0,0,0,0,0,0,0,0,0,0,0,0,0,0,0,0,0,0,0,0,0,0,0,0,0,,0,0,0,0,44,0,0,0,0,0,0,0,0,0,0,0,0,0,0,0,0,0,0,0,0,0,0
TU,43824,152,Hybognathus nuchalis,Pearl River just below Sill at Pools Bluff; 4mi south of Bogalusa,1967,2,28,Suttkus and Clemson,,,43824_04,JT DMDM KL,07/17/2024,F,65,50,2112,07/18/2024,Randomly selected from a group of 21 due to size (less than or equal to 70mm),,0,0,0,0,0,0,0,0,0,0,0,0,0,0,0,0,0,0,0,0,0,0,0,0,0,0,0,0,0,0,0,0,0,0,0,0,0,0,0,0,0,0,0,0,9,0,0,0,0,0,0,0,0,0,0,0,0,0,0,0,4,0,0,0,0,0,0,0,0,0,0,0,0,0,0,,0,0,0,0,9,0,0,0,0,0,0,0,0,0,0,4,0,0,0,0,0,0,0,0,0,0,0
TU,43824,152,Hybognathus nuchalis,Pearl River just below sill at Pools Bluff; 4 miles south of Bogalusa,1967,2,28,Suttkus and Clemson,,,43824_02,SC IJ CJW,07/17/2024,F,61,48,1462,07/18/2024,Randomly selected from group of 21 due to size restrictions,,0,0,0,0,0,0,0,0,0,0,0,0,0,0,0,0,1,0,0,0,0,0,0,0,2,0,0,1,0,0,0,0,0,0,0,0,0,0,0,0,0,na,0,0,0,0,0,0,0,0,0,0,0,0,0,0,0,0,0,0,7,0,0,0,0,0,0,0,0,0,0,0,0,0,0,,0,0,0,0,2,0,0,0,0,0,0,0,0,0,0,7,0,0,0,0,0,0,0,0,0,1,0
TU,146778,169,Hybognathus nuchalis,Pearl River along left bank just below Pools Bluff Sill,1986,10,9,Suttkus and Caruso,,,146778_03,DJB GMC,07/17/2024,na,91,73,5703,07/18/2024,Randomly selected from 9 fish 70mm and above.,,0,0,0,0,0,0,0,0,0,0,0,0,0,0,0,0,0,0,0,0,0,0,0,0,0,0,0,0,0,0,0,0,0,0,0,0,0,0,0,0,0,0,0,0,0,0,0,0,0,0,0,0,0,0,0,0,0,0,0,0,0,0,0,0,0,0,0,0,0,0,0,3,0,0,0,,0,0,0,0,3,0,0,0,0,0,0,0,0,0,0,0,0,0,0,0,0,0,0,0,0,0,0
TU,43824,152,Hybognathus nuchalis,Pearl River just below Sill at Pools Bluff: 4 miles south of Bogalusa,1967,2,28,Suttkus and Clemson,,,43824_01,DJB DMDM KL,07/17/2024,na,65,51,2168,07/18/2024,Randomly selected from a group of 21 due to size (less than or equal to 70mm),,0,0,0,0,0,0,0,0,0,0,0,0,0,0,0,0,0,0,0,0,0,0,0,0,0,0,0,0,0,0,0,0,0,0,0,0,0,0,0,0,0,0,0,0,6,0,0,0,0,0,0,0,0,0,0,0,0,0,0,0,1,0,0,0,0,0,0,0,0,0,0,0,0,0,0,,0,0,0,0,6,0,0,0,0,0,0,0,0,0,0,1,0,0,0,0,0,0,0,0,0,0,0
TU,43824,152,Hybognathus nuchalis,"Pearl River just below sill at Pools Bluff, 4 mile South of Bogolusa",1967,2,28,Suttkus and Clemson,,,43824_03,DJB DMDM,07/17/2024,F,70,56,2943,07/18/2024,Randomly selected from group of 21 due to size restrictions,,0,0,0,0,0,0,0,0,0,0,0,0,0,0,0,0,0,0,0,0,0,0,0,0,0,0,0,0,0,0,0,0,0,0,0,0,0,0,0,0,0,0,0,0,6,0,0,0,0,0,0,0,0,0,0,0,0,0,0,0,5,0,0,0,0,0,0,0,0,0,0,0,0,0,0,,0,0,0,0,6,0,0,0,0,0,0,0,0,0,0,5,0,0,0,0,0,0,0,0,0,0,0
TU,197038,138,Hybognathus nuchalis,Pearl River along left bank opposite Bogalusa Creek,2004,4,24,R.D. and J.S. Suttkus,,,197038_02,DJB CJW,07/16/2024,na,58,49,1748,07/18/2024,4 largest selected,,0,0,0,0,0,0,0,0,0,0,0,0,0,0,0,0,0,0,0,0,0,0,0,0,6,0,0,0,0,0,0,0,0,0,0,0,0,0,0,0,0,na,0,0,92,0,0,0,0,0,0,0,0,0,0,0,0,0,0,0,0,0,0,0,0,0,0,0,0,0,0,4,0,0,0,,0,0,0,0,102,0,0,0,0,0,0,0,0,0,0,0,0,0,0,0,0,0,0,0,0,0,0
TU,100831,585,Hybognathus nuchalis,pearl river just above coburn cr. along left bank,1977,1,19,Suttkus and Sorensen,,,100831_03,SC GMC KL,07/17/2024,na,59,47,1319,07/18/2024,Randomly selected from 340 fish 70mm and under (not 585 fish in jar),,0,0,0,0,0,0,0,0,0,0,0,0,0,0,0,0,0,0,0,0,0,0,0,0,0,0,0,0,0,0,0,0,0,0,0,0,0,0,0,0,0,0,0,0,1,0,0,0,0,0,0,0,0,0,0,0,0,0,0,0,0,0,0,0,0,0,0,0,0,0,0,0,0,0,0,,0,0,0,0,1,0,0,0,0,0,0,0,0,0,0,0,0,0,0,0,0,0,0,0,0,0,0
TU,100831,585,Hybognathus nuchalis,Pearl River just above Coburn Cr. along left bank 1.5mi E of Bogalusa,1977,1,19,Suttkus and Sorensen,,,100831_02,SC JT GMC,07/16/2024,na,52,40,783,07/18/2024,Randomly selected from 340 fish 70mm and under (not 585 fish in jar),,0,0,0,0,0,0,0,0,0,0,0,0,0,0,0,0,0,0,0,0,0,0,0,na,1,0,0,1,0,0,0,0,0,0,0,0,0,0,0,0,0,na,0,0,0,0,0,0,0,0,0,0,0,0,0,0,0,0,0,0,0,0,0,0,0,0,0,0,0,0,0,0,0,0,0,,0,0,0,0,1,0,0,0,0,0,0,0,0,0,0,0,0,0,0,0,0,0,0,0,0,1,0
TU,30995,8,Hybognathus nuchalis,Pearl river just above mouth of coburn creek (on opposite side of river) 1.5 miles east of Bogalusa,1963,12,12,suttkus and gunning,,,30995_04,sc ij dmdm,07/18/2024,f,88,70,6293,07/18/2024,4 smallest selected,,0,0,0,0,0,0,0,0,0,0,0,0,1,0,0,0,0,1,0,0,0,0,0,0,0,0,0,0,0,0,0,0,0,0,0,0,0,0,0,0,0,0,0,0,0,0,0,0,0,0,0,0,0,0,0,0,0,0,0,0,0,0,0,0,0,0,0,0,0,0,0,0,0,0,0,,0,0,0,0,0,0,0,0,0,0,1,1,0,0,0,0,0,0,0,0,0,0,0,0,0,0,0
TU,30995,8,Hybognathus nuchalis,Pearl river just above mouth of coburn creek (on opposite side of river) 1.5 miles east of Bogalusa,1963,12,12,suttkus and gunning,,,30995_02,SC CJW,07/18/2024,NA,84,68,5293,07/18/2024,4 smallest selected,,0,0,0,0,0,0,0,0,1,0,0,0,0,1,0,1,1,0,0,0,0,0,0,0,0,0,0,0,0,0,0,0,0,0,0,0,0,0,0,0,0,0,0,0,9,0,0,0,0,0,0,0,0,0,0,0,0,0,0,0,6,0,0,0,0,0,0,0,0,0,0,1,0,0,0,,0,0,0,0,10,0,0,0,0,2,0,0,0,0,0,6,0,0,0,0,0,0,0,0,0,0,0
TU,146778,169,Hybognathus nuchalis,Pearl River along left bank just below Pools Bluff Sill,1986,10,9,Suttkus and Caruso,,,146778_04,SC IJ JT CLW,07/17/2024,NA,73,60,3236,07/18/2024,Randomly selected from 9 fish 70mm and above.,,0,0,0,0,0,0,0,0,0,0,0,0,0,0,0,0,0,0,0,0,0,0,0,NA,1,0,0,0,0,0,0,0,0,0,0,0,0,0,0,0,1,0,0,0,64,0,0,0,0,0,0,0,0,0,0,0,0,0,0,0,1,0,0,0,0,0,0,0,0,0,0,0,0,0,0,,0,0,0,0,65,0,0,0,0,0,0,0,0,0,0,1,0,1,0,0,0,0,0,0,0,0,0
TU,42915,330,Hybognathus nuchalis,PEARL RIVER JUST BELOW POOLS BLUFF SILL; 4 MI S OF BOGALUSA,1967,1,6,"RD SUTTKUS, SUTTKUS, DAGELS, AND JORDAN",,,42915_01,JT DMDM,07/18/2024,NA,71,54,2783,07/18/2024,116 VIABLE DUE TO SIZE REQUIREMENTS (UNDER 70MM),,0,0,0,0,0,0,0,0,0,0,0,0,0,0,0,0,0,0,0,0,0,0,0,0,0,0,0,0,0,0,0,0,0,0,0,0,0,0,0,0,0,0,0,0,2,0,0,0,0,0,0,0,0,2,0,0,0,0,0,0,1,0,0,0,0,0,0,0,0,0,0,0,0,0,0,,0,0,0,0,2,2,0,0,0,0,0,0,0,0,0,1,0,0,0,0,0,0,0,0,0,0,0
TU,175623,114,Hybognathus nuchalis,PEARL RIVER LEFT BANK AT SECOND BANK AT SECOND BEND BELOW RICHARDSON LANDING,1995,7,29,R.D. and J.S. Suttkus,,,175623_02,DJB IJ GMC,07/18/2024,NA,50,41,1292,07/18/2024,SELECTED 4 LARGEST,,0,0,0,0,0,0,0,0,0,0,0,0,0,0,0,0,0,0,0,0,0,0,0,0,0,0,0,0,0,0,0,0,0,0,0,0,0,0,0,0,0,0,0,0,0,0,0,0,0,0,0,0,0,0,0,0,0,0,0,0,30,0,0,0,0,0,0,0,0,0,0,0,0,0,0,,0,0,0,0,0,0,0,0,0,0,0,0,0,0,0,30,0,0,0,0,0,0,0,0,0,0,0
TU,42915,330,Hybognathus nuchalis,PEARL RIVER JUST BELOW POOLS BLUFF SILL; 4 MI S OF BOGALUSA,1967,1,6,"RD SUTTKUS, SUTTKUS, DAGELS, AND JORDAN",,,42915_04,SC CJW KL,07/18/2024,NA,67,53,2278,07/18/2024,116 VIABLE DUE TO SIZE REQUIREMENTS (UNDER 70MM),,0,0,0,0,0,0,0,0,0,0,0,0,0,0,0,0,0,0,0,0,0,0,0,0,0,0,0,0,0,0,1,0,0,0,0,0,0,0,0,0,0,0,0,0,18,0,0,0,0,0,0,0,0,0,0,0,0,0,0,0,0,0,0,0,0,0,0,0,0,0,0,1,0,0,0,,0,0,0,0,20,0,0,0,0,0,0,0,0,0,0,0,0,0,0,0,0,0,0,0,0,0,0
TU,196877,112,Hybognathus nuchalis,Pearl River along left bank at second bend below Richardson Landing,2004,1,31,RD and JS Suttkus,,,196877_01,CLW,07/18/2024,NA,70,54,2221,07/18/2024,"Pec fins have tons of regular lumps - host tissue, not a parasite. Selected from 2 fish 70 mm up and the next 2 largest fish.",,0,0,0,0,0,0,0,0,0,0,0,0,0,0,0,0,0,0,0,0,0,0,0,0,1,0,0,0,0,0,0,0,0,0,0,0,0,0,0,0,0,0,0,0,92,0,0,0,0,0,0,0,0,0,0,0,0,0,0,0,0,0,0,0,0,0,0,0,0,0,0,0,0,0,0,,0,0,0,0,93,0,0,0,0,0,0,0,0,0,0,0,0,0,0,0,0,0,0,0,0,0,0
TU,31084,11,Hybognathus nuchalis,"Pearl R. just above mouth of Coburn Cr., 1.5mi E of HWY 7 in Bogalusa",1964,2,20,Suttkus and Gunning,,,31084_03,IJ DJB KL,07/19/2024,F,92,72,6452,07/19/2024,4 smallest selected none < 70mm.,,0,5,0,0,0,0,0,0,0,0,0,0,0,0,0,0,0,0,2,0,0,0,0,0,3,0,0,0,0,0,0,0,0,0,0,0,0,0,0,0,0,0,0,0,38,0,0,0,0,0,0,0,0,0,0,0,0,0,0,0,4,0,0,0,0,0,0,0,0,0,0,0,0,0,0,,0,0,0,0,41,0,0,0,0,0,0,0,7,0,0,4,0,0,0,0,0,0,0,0,0,0,0
TU,31084,11,Hybognathus nuchalis,"Pearl R. just above mouth of Coburn Cr., 1.5mi E of HWY 7 in Bogalusa",1964,2,20,Suttkus and Gunning,,,31084_04,SC DJB GMC,07/19/2024,NA,93,77,4966,07/19/2024,4 smallest selected non < 70mm jaw deformation!,,0,0,0,0,0,0,0,0,0,0,0,0,0,0,0,0,0,0,0,0,0,0,0,0,0,0,0,0,0,0,0,0,0,0,0,0,0,0,0,0,0,0,0,0,1,0,0,0,0,0,0,0,0,0,0,0,0,0,0,0,36,0,0,0,0,0,0,0,0,0,0,0,0,0,0,,0,0,0,0,1,0,0,0,0,0,0,0,0,0,0,36,0,0,0,0,0,0,0,0,0,0,0
TU,196877,112,Hybognathus nuchalis,Pearl River along left bank at 2nd bend below Richardson Ldg.,2004,1,31,RD and JS Suttkus,,,196877_02,SC CJW,07/18/2024,NA,69,56,2256,07/19/2024,Selected from 2 fish 70mm up and the next 2 largest fish,,0,0,0,0,0,0,0,0,0,0,0,0,0,0,0,1,0,0,1,0,0,0,0,1,20,0,0,0,0,0,0,0,0,0,0,0,0,0,0,0,0,0,0,0,213,2,0,0,0,0,0,0,0,0,0,0,0,0,0,0,1,0,0,0,0,0,0,0,0,0,0,16,12,0,0,,0,0,0,0,255,14,0,0,0,0,0,0,0,0,0,1,0,0,0,0,0,0,0,0,0,0,0
TU,175623,114,Hybognathus nuchalis,Pearl River along left bank at second bend below Richardson Landing,1995,7,29,RD and JS Suttkus,,,175623_03,JT CJW DMDM,07/18/2024,NA,51,40,1179,07/19/2024,Selected 4 largest,,0,0,0,0,0,0,0,0,0,0,0,0,0,0,0,0,0,0,0,0,0,0,0,0,0,0,0,0,0,0,0,0,0,0,0,0,0,0,0,0,0,0,0,0,1,0,0,0,0,0,0,0,0,1,0,0,0,0,0,0,20,0,0,0,0,0,0,0,1,0,0,0,0,0,0,,0,0,0,0,7,1,0,0,1,0,0,0,0,0,0,20,0,0,0,0,0,0,0,0,0,0,0
TU,175623,114,Hybognathus nuchalis,Pearl River along left bank at second bend below Richardson Landing,1995,7,29,RD and JS Suttkus,,,175623_01,SC CJW CLW,07/18/2024,NA,51,42,1280,07/19/2024,Selected 4 largest,,0,0,0,0,0,0,0,0,0,0,0,0,0,0,0,1,0,0,0,0,0,0,0,na,1,0,0,0,0,na,0,0,0,0,0,0,0,0,0,0,0,0,0,0,13,0,0,0,0,0,0,0,0,0,0,0,0,0,0,0,15,0,0,0,0,0,0,0,0,0,0,0,0,0,0,,0,0,0,0,13,0,0,0,0,0,0,0,0,0,0,15,0,0,0,0,0,0,0,0,0,0,0
TU,42915,330,Hybognathus nuchalis,Pearl River just below Pools Bluff Sill; 4 mi S. of Bogalusa,1967,1,6,"RD Suttkus, Suttkus, Pagels and Jordan",,,42915_03,JT SC ,07/18/2024,NA,63.5,48,2019,07/19/2024,116 viable in lot due to size requirements (less than or equal to 70mm),,0,1,0,0,0,0,0,0,0,0,0,0,0,0,0,8,0,0,0,0,0,0,0,0,2,0,0,0,0,0,0,0,0,0,0,0,0,0,0,0,0,0,0,0,75,0,0,0,0,0,0,0,0,0,0,0,0,0,0,0,0,0,0,0,0,0,0,0,0,0,0,6,0,1,0,,0,0,0,0,83,0,0,0,0,0,3,0,1,0,1,0,0,0,0,0,0,0,0,0,0,0,0
TU,17623,114,Hybognathus nuchalis,Pearl River along left bank at second bend below Richardson Landing,1995,7,29,RD and JS Suttkus,,,175623_04,DJB IJ ,07/18/2024,NA,51,40,1184,07/19/2024,Selected 4 largest,,0,0,0,0,0,0,0,0,0,0,0,0,0,0,0,0,0,0,0,0,0,0,0,0,3,0,0,1,0,0,0,0,0,0,0,0,0,0,0,0,0,0,0,0,23,0,0,0,0,0,0,0,0,0,0,0,0,0,0,0,13,0,0,0,0,0,0,0,0,0,0,2,0,0,0,,0,0,0,0,28,0,0,0,0,0,0,0,0,0,0,13,0,0,0,0,0,0,0,0,0,1,0
TU,42915,330,Hybognathus nuchalis,Pearl River just below Pools Bluff Sill; 4 mi S. of Bogalusa,1967,1,6,"RD Suttkus, Suttkus, Pagels and Jordan",,,42915_02,DJB JT KL,07/18/2024,NA,69,56,2636,07/19/2024,116 viable in lot due to size requirements (less than or equal to 70mm),,0,1,0,0,0,5,0,3,0,0,0,0,1,0,0,18,0,0,0,0,0,2,0,0,2,0,0,0,0,0,0,0,0,0,0,0,5,0,0,0,0,0,0,0,53,0,0,1,0,0,0,0,0,5,0,0,0,0,0,0,23,0,0,0,0,0,0,0,3,0,0,0,0,0,0,,0,0,1,0,55,5,0,0,3,0,13,4,1,0,0,19,0,0,0,0,0,0,0,0,0,0,0
TU,196877,112,Hybognathus nuchalis,Pearl River along left bank at 2nd bend below Richardson Ldg.,2004,1,31,RD and JS Suttkus,,,196877_04,DJB JT KL,07/18/2024,NA,83,66,3263,07/19/2024,Selected from 2 fish 70mm up and the next 2 largest fish,,0,0,0,0,0,0,0,0,0,0,0,0,0,0,0,0,0,0,0,0,0,0,0,0,2,0,0,0,0,0,0,0,0,0,0,0,0,0,0,0,0,0,0,0,12,0,0,0,0,0,0,0,0,0,0,0,0,0,0,0,0,0,0,0,0,0,0,0,0,0,0,0,0,0,0,,0,0,0,0,14,0,0,0,0,0,0,0,0,0,0,0,0,0,0,0,0,0,0,0,0,0,0
TU,186646,19,Hybognathus nuchalis,Pearl River along left bank opposite Bogalusa Creek,1998,10,10,RD and JS Suttkus,,,186646_03,DJB KL,7/18/2024,NA,64,52,2207,7/19/24,"4 largest individuals selected, none >70mm",,0,0,0,0,0,0,0,0,0,0,0,0,0,0,0,0,0,0,0,0,0,0,0,0,1,0,0,0,0,0,0,0,0,0,0,0,0,0,0,0,0,0,0,0,1,0,0,0,0,0,0,0,0,0,0,0,0,0,0,0,11,0,0,0,0,0,0,0,0,0,0,0,0,0,0,,0,0,0,0,2,0,0,0,0,0,0,0,0,0,0,11,0,0,0,0,0,0,0,0,0,0,0
TU,190938,106,Hybognathus nuchalis,Pearl river along left bank opposite coburn creek,2000,7,1,RD and JS Suttkus,,,190938_01,DJB DMDM,07/19/2024,NA,66,54,1966,07/19/2024,"1 above 70mm, next 3 largest selected",,0,0,0,0,0,0,0,0,0,0,0,0,0,0,0,0,0,0,0,0,0,0,0,0,0,0,0,0,1,0,0,0,0,0,0,0,0,0,0,0,0,0,0,0,0,0,0,0,0,0,0,0,0,0,0,0,0,0,0,0,43,0,0,0,0,0,0,0,0,0,0,0,0,0,0,,0,0,0,0,0,0,0,0,0,0,0,0,0,0,0,43,0,0,0,0,0,0,1,0,0,0,0
TU,190938,106,Hybognathus nuchalis,Pearl River along left bank opposite Coburn creek,2000,7,1,RD and JS Suttkus,,,190938_04,DJB GMC,07/19/2024,NA,68,53,2689,07/19,"1 above 70mm, next largest 3 selected",,0,0,0,0,0,0,0,0,0,0,0,0,0,0,0,0,0,0,0,0,0,0,0,0,0,0,0,0,0,0,0,0,0,0,0,0,0,0,0,0,0,0,0,0,3,0,0,0,0,0,0,0,0,0,0,0,0,0,0,0,9,0,0,0,0,0,0,0,1,0,1,0,0,0,0,,0,0,0,1,3,0,0,0,1,0,0,0,0,0,0,9,0,0,0,0,0,0,0,0,0,0,0
TU,190938,106,Hybognathus nuchalis,Pearl River along left bank opposite Coburn creek,2000,7,1,RD and JS Suttkus,,,190938_02,DJB KL,07/19/2024,NA,82,64,4417,07/19/2024,"1 above 70mm, next largest 3 selected",,0,1,0,0,0,0,0,0,0,0,0,0,0,0,0,1,0,0,0,0,0,0,0,9,27,0,0,0,0,0,0,0,0,0,0,0,0,0,0,0,0,0,0,0,420,0,0,0,0,0,0,0,0,0,0,0,0,0,0,0,35,0,0,0,0,0,0,0,0,0,0,0,0,0,0,,0,0,0,0,456,0,0,0,0,0,1,0,1,0,0,35,0,0,0,0,0,0,0,0,0,0,0
TU,184748,267,Hybognathus nuchalis,Pearl River along right bank two bends above river mile 54,1997,10,12,RD and JS Suttkus,,,184784_02,jt ij kl,07/22/2024,na,62,47,1898,07/22/2024,"none of the fish were over 70mm, so the 4 largest were selected",,0,0,0,0,0,0,0,0,0,0,0,0,0,0,0,0,0,0,0,0,0,0,0,0,7,0,0,0,0,0,0,0,0,0,0,0,0,0,0,0,0,0,0,0,110,0,0,0,0,0,0,0,0,0,0,0,0,0,0,0,4,0,0,0,0,0,0,0,0,0,0,0,0,0,0,,0,0,0,0,117,0,0,0,0,0,0,0,0,0,0,4,0,0,0,0,0,0,0,0,0,0,0
TU,184748,267,Hybognathus nuchalis,Pearl River along right bank two bends above river mile 54,1997,10,12,RD and JS Suttkus,,,184784_04,jt sc cjw,07/22/2024,na,63,48,1906,07/22/2024,"none of the fish were over 70mm, so the 4 largest were selected",,0,0,0,0,0,0,0,0,0,0,0,0,0,0,0,0,1,0,0,0,0,0,0,0,2,0,0,0,0,0,0,0,0,0,0,0,0,0,0,0,0,0,0,0,78,0,0,0,0,0,0,0,0,0,0,0,0,0,0,0,2,0,0,0,0,0,0,0,0,0,1,8,0,0,0,,0,0,0,1,88,0,0,0,0,0,0,0,0,0,0,1,0,0,0,0,0,0,0,0,0,0,0
TU,156651,30,Hybognathus nuchalis,pearl river along left bank,1989,10,12,Suttkus and Caruso,,,156651_01,jt sc dmdm,07/22/2024,na,63,47,1862,07/22/2024,"none of the fish were over 70mm, so the 4 largest were selected",,0,0,0,0,0,0,0,0,0,0,0,0,0,0,0,0,0,0,0,0,0,0,0,0,2,0,0,0,0,0,0,0,0,0,0,0,0,0,0,0,0,0,0,0,32,0,0,0,0,0,0,0,0,0,0,0,0,0,0,0,2,0,0,0,0,0,0,0,0,0,0,0,0,0,0,,0,0,0,0,34,0,0,0,0,0,0,0,0,0,0,2,0,0,0,0,0,0,0,0,0,0,0
TU,156651,30,Hybognathus nuchalis,pearl river along left bank,1989,10,12,Suttkus and Caruso,,,156651_04,djb sc gmc,07/22/2024,na,60,48,1838,07/22/2024,"none of the fish were over 70mm, so the 4 largest were selected",,0,0,0,0,0,0,0,0,0,0,0,0,0,0,0,0,0,0,0,0,0,0,0,0,0,0,0,0,0,0,0,0,0,0,0,0,0,0,0,0,0,0,0,0,10,0,0,0,0,0,0,0,0,0,0,0,0,0,0,0,0,0,0,0,0,0,0,0,0,0,0,0,0,0,0,,0,0,0,0,10,0,0,0,0,0,0,0,0,0,0,0,0,0,0,0,0,0,0,0,0,0,0
TU,156651,30,Hybognathus nuchalis,pearl river along left bank,1989,10,12,Suttkus and Caruso,,,156651_03,jt sc kl,07/22/2024,na,67,51,1998,07/22/2024,"none of the fish were over 70mm, so the 4 largest were selected",,11,0,0,0,0,0,0,0,0,0,0,0,0,0,0,3,0,0,0,0,0,0,0,0,35,0,0,0,0,11,0,0,0,0,0,0,1,0,0,0,0,0,0,0,70,0,0,0,0,0,0,0,0,0,0,0,0,0,0,0,1,0,0,0,0,0,0,0,0,0,0,0,0,0,0,,0,0,0,0,116,0,0,0,0,0,0,1,0,0,0,1,0,0,1,0,0,0,0,0,0,0,0
TU,184748,267,Hybognathus nuchalis,Pearl River along right bank two bends above river mile 54,1997,10,12,RD and JS Suttkus,,,184784_01,ij cjw,07/22/2024,na,57,48,1462,07/22/2024,"none of the fish were over 70mm, so the 4 largest were selected",,0,0,0,0,0,0,0,0,0,0,0,0,0,0,0,0,0,0,0,0,0,0,0,0,1,0,0,0,0,0,0,0,0,0,0,0,0,0,0,0,0,0,0,0,20,0,0,0,0,0,0,0,0,0,0,0,0,0,0,0,20,0,0,0,0,0,0,0,0,0,0,0,0,0,0,,0,0,0,0,21,0,0,0,0,0,0,0,0,0,0,20,0,0,0,0,0,0,0,0,0,0,0
TU,184748,267,Hybognathus nuchalis,Pearl River along right bank two bends above river mile 54,1997,10,12,RD and JS Suttkus,,,184784_03,djb sc gmc,07/22/2024,na,59,47,1941,07/22/2024,"none of the fish were over 70mm, so the 4 largest were selected",,0,0,0,0,0,0,0,0,0,0,0,0,0,0,0,0,0,0,0,0,0,0,0,0,0,0,0,0,0,0,0,0,0,0,0,0,0,0,0,0,0,0,0,0,3,0,0,0,0,0,0,0,0,0,0,0,0,0,0,0,0,0,0,0,0,0,0,0,0,0,0,0,0,0,0,,0,0,0,0,3,0,0,0,0,0,0,0,0,0,0,0,0,0,0,0,0,0,0,0,0,0,0
TU,190938,106,Hybognathus nuchalis,Pearl river along left bank opposite coburn creek,2000,7,1,RD and JS Suttkus,,,190938_03,ij sc kl,07/19/2024,na,70,57,2702,07/22/2024,"1 above 70mm, next largest 3 selected",,0,0,0,0,0,0,0,0,0,0,0,0,0,0,0,0,0,0,0,0,0,0,0,0,0,0,0,0,na,0,0,0,0,0,0,0,0,0,0,0,0,0,0,0,1,0,0,0,0,0,0,0,0,0,0,0,0,0,0,0,4,0,0,0,0,0,0,0,0,0,0,0,0,0,0,,0,0,0,0,1,0,0,0,0,0,0,0,0,0,0,4,0,0,0,0,0,0,0,0,0,0,0
TU,31084,11,Hybognathus nuchalis,"Pearl R. just above mouth of Coburn Cr., 1.5mi E of HWY 7 in Bogalusa",1964,2,20,Suttkus and Gunning,,,31084_02,sc ij cjw,07/19/2024,na,93,74,7820,07/22/2024,4 smallest selected none < 70mm.,,0,0,0,0,0,0,0,0,0,0,0,0,0,0,0,0,0,0,0,0,0,0,0,0,0,0,0,0,0,0,0,1,0,0,0,0,0,0,0,0,0,0,0,0,39,0,1,0,0,0,0,0,0,0,0,0,0,0,0,0,4,0,0,0,0,0,0,0,0,0,0,0,0,0,0,,0,0,0,0,43,0,0,0,0,0,0,0,0,0,0,4,0,0,0,0,0,0,0,0,0,0,0
TU,31084,11,Hybognathus nuchalis,"Pearl R. just above mouth of Coburn Cr., 1.5mi E of HWY 7 in Bogalusa",1964,2,20,Suttkus and Gunning,,,31084_01,dmdm gmc,07/19/2024,f,92,71,6352,07/22/2024,4 smallest selected none < 70mm.,,0,0,0,0,0,0,0,0,0,0,0,0,0,0,0,0,0,0,0,0,0,0,0,0,0,0,0,0,0,0,0,0,0,0,0,0,0,0,0,0,0,0,0,0,1,0,0,0,0,0,0,0,0,0,0,0,0,0,0,0,7,0,0,0,0,0,0,0,0,0,0,0,0,0,0,,0,0,0,0,1,0,0,0,0,0,0,0,0,0,0,7,0,0,0,0,0,0,0,0,0,0,0
TU,83907,309,Hybognathus nuchalis,Pearl River just above mouth of Coburn Creek,1973,10,16,Suttkus and Thompson,,,83907_01,djb cjw,07/19/2024,NA,51,40,1062,07/22/2024,,,0,0,0,0,0,0,0,0,0,0,0,0,0,0,0,0,0,0,0,0,0,0,0,0,0,0,0,0,0,0,0,0,0,0,0,0,0,0,0,0,0,0,0,0,1,0,0,0,0,0,0,0,0,0,0,0,0,0,0,0,0,0,0,0,0,0,0,0,0,0,0,0,0,0,0,,0,0,0,0,0,0,0,0,0,0,0,0,0,0,0,0,0,0,0,0,0,0,0,0,0,0,0
TU,196877,112,Hybognathus nuchalis,Pearl River along left bank at second bend below Richardson Landing,2004,1,31,RD and JS Suttkus,,,196877_03,cjw kl jt,07/18/2024,NA,87,68,4915,07/22/2024,selected from 2 fish 70 mm up and the next 2 largest fish,,0,0,0,0,0,0,0,0,0,0,0,0,0,0,0,0,0,0,0,0,0,0,0,0,4,0,0,0,0,0,0,0,0,0,0,0,0,0,0,0,0,0,0,0,72,0,0,0,0,0,0,0,0,0,0,0,0,0,0,0,0,0,0,0,0,0,0,0,0,0,0,9,0,0,0,,0,0,0,0,85,0,0,0,0,0,0,0,0,0,0,0,0,0,0,0,0,0,0,0,0,0,0
TU,134732,25,Hybognathus nuchalis,Pearl river along left bank opposite coburn creek,1984,4,20,Suttkus and Inow,,,134732_01,ij dmdm,07/19/2024,NA,61,49,1623,07/22/2024,"none >70mm, 4 largest chosen",,0,0,0,0,0,0,0,0,0,0,0,0,0,0,0,0,0,0,0,0,0,0,0,0,2,0,0,0,0,0,0,0,0,0,0,0,0,0,0,0,0,0,0,0,9,0,0,0,0,0,0,0,0,0,0,0,0,0,0,0,13,0,0,0,0,0,0,0,0,0,0,0,0,0,0,,0,0,0,0,11,0,0,0,0,0,0,0,0,0,0,12,0,0,0,0,0,0,0,0,0,0,0
TU,83907,309,Hybognathus nuchalis,Pearl River just above the mouth of ,1973,10,16,Suttkus and Thompson,,,83907_04,djb gmc sc cjw,07/19/2024,NA,49,43,1110,07/22/2024,,,0,0,0,0,0,0,0,0,0,0,0,0,0,0,0,0,0,0,0,0,0,0,0,0,0,0,0,0,0,0,0,0,0,0,0,0,0,0,0,0,0,0,0,0,2,0,0,0,0,0,0,0,0,0,0,0,0,0,0,0,0,0,0,0,0,0,0,0,0,0,0,0,0,0,0,,0,0,0,0,2,0,0,0,0,0,0,0,0,0,0,0,0,0,0,0,0,0,0,0,0,0,0
TU,198570,115,Hybognathus nuchalis,Pearl River along left bank opposite Coburn Creek,2005,7,15,RD and JS Suttkus,,,198570_01,sc dmdm,07/22/2024,F,46,37,805,07/22/2024,"no fish over 70 mm, selected the next four largest",,0,0,0,0,0,0,0,0,0,0,0,0,0,0,0,0,0,0,0,0,0,0,0,0,2,0,0,0,0,0,0,0,0,0,0,0,0,0,0,0,0,0,0,0,11,0,0,0,0,0,0,0,0,0,0,0,0,0,0,1,13,0,0,0,0,0,0,0,0,0,0,0,0,0,0,,0,0,0,0,12,0,0,0,0,0,0,0,0,0,0,13,0,0,0,0,0,0,0,0,0,0,0
TU,83907,309,Hybognathus nuchalis,Pearl River just above mouth of Coburn Creek,1973,10,16,Suttkus and Thompson,,,83907_02,sc kl,07/19/2024,NA,48,39,877,07/22/2024,,,0,2,0,0,0,0,0,0,0,0,0,0,0,0,0,0,0,0,0,0,0,0,0,0,0,0,0,0,0,0,0,0,0,0,0,0,0,0,0,0,0,0,0,0,14,0,0,0,0,0,0,0,0,0,0,0,0,0,0,0,0,0,0,0,0,0,0,0,0,0,0,0,0,0,0,,0,0,0,0,14,0,0,0,0,0,0,0,2,0,0,0,0,0,0,0,0,0,0,0,0,0,0
TU,156651,30,Hybognathus nuchalis,Pearl River along left bank opposite Coburn Creek,1989,10,12,Suttkus and Caruso,,,156651_02,sc gmc,07/22/2024,NA,64,52,1784,07/22/2024,"no fish >70mm, largest 4 chosen",,0,0,0,0,0,0,0,0,0,0,0,0,0,0,0,0,0,0,0,0,0,0,0,0,2,0,0,0,0,0,0,0,0,0,0,0,0,0,0,0,0,0,0,0,29,0,0,0,0,0,0,0,0,0,0,0,0,0,0,0,0,0,0,0,0,0,0,0,0,0,0,0,0,0,0,,0,0,0,0,31,0,0,0,0,0,0,0,0,0,0,0,0,0,0,0,0,0,0,0,0,0,0
TU,198570,115,Hybognathus nuchalis,Pearl River along left bank opposite Coburn Creek,2005,7,15,RD and JS Suttkus,,,198570_03,sc dmdm,07/22/2024,NA,48,36,973,07/22/2024,"no fish over 70 mm, selected next four largest",,0,0,0,0,0,0,0,0,0,0,0,0,0,0,0,0,0,0,0,0,0,0,0,0,2,0,0,0,0,0,0,0,0,0,0,0,0,0,0,0,0,0,0,0,10,0,0,0,0,0,0,0,0,0,0,0,0,0,0,0,9,0,0,0,0,0,0,0,0,0,0,0,0,0,0,,0,0,0,0,12,0,0,0,0,0,0,0,0,0,0,8,0,0,0,0,0,0,0,0,0,0,0
TU,83907,309,Hybognathus nuchalis,Pearl River just above mouth of Coburn Creek,1973,10,16,Suttkus and Thompson,,,83907_03,sc gmc,07/19/2024,NA,43,32,558,07/22/2024,,,3,0,0,0,0,0,0,0,0,0,0,0,0,0,0,0,0,0,0,0,0,0,0,0,0,0,0,0,0,0,0,0,0,0,0,0,0,0,0,0,0,0,0,0,0,0,0,0,0,0,0,0,0,0,0,0,0,0,0,0,0,0,0,0,0,0,0,0,0,0,0,0,0,0,0,,0,0,0,0,0,0,0,0,0,0,0,0,0,0,0,0,0,0,3,0,0,0,0,0,0,0,0
TU,198570,115,Hybognathus nuchalis,Pearl River along left bank opposite Coburn Creek,2005,7,15,RD and JS Suttkus,,,198570_04,sc cjw,07/22/2024,NA,47,37,899,07/22/2024,no fish over 70 mm selected from next four largest,,0,0,0,0,0,0,0,0,0,0,0,0,0,0,0,0,0,0,0,0,0,0,0,0,4,0,0,0,0,0,0,0,0,0,0,0,0,0,0,0,0,0,0,0,59,0,0,0,0,0,0,0,0,0,0,0,0,0,0,0,3,0,0,0,0,0,0,0,0,0,0,0,0,0,0,,0,0,0,0,53,0,0,0,0,0,0,0,0,0,0,2,0,0,0,0,0,0,0,0,0,0,0
TU,134732,25,Hybognathus nuchalis,Pearl River along left bank opposite mouth of Coburn Creek,1984,4,20,Suttkus and Inow,,,134732_04,sc kl,07/22/2024,NA,61,46,1703,07/22/2024,"none >70mm, 4 largest chosen",,0,0,0,0,0,0,0,0,0,0,0,0,0,0,0,0,0,0,0,0,0,0,0,0,0,0,0,0,0,0,0,0,0,0,0,0,1,0,0,0,0,0,0,0,1,0,0,0,0,0,0,0,0,0,0,0,0,0,0,0,6,0,0,0,0,0,0,0,0,0,0,0,0,0,0,,0,0,0,0,1,0,0,0,0,0,0,1,0,0,0,0,0,0,0,0,0,0,0,0,0,0,0
TU,98428,436,Hybognathus nuchalis,"Pearl River along left bank above Coburn Creek, 1.5 mi E of Bogalusa",1976,7,16,Suttkus and Sorensen,,,98428_02,gmc jt,07/22/2024,NA,59,47,1549,07/22/2024,randomly selected from 396 fish (greater than or equal to 30 mm),,0,0,0,0,0,0,0,0,0,0,0,0,0,0,0,0,0,0,1,0,0,0,0,0,1,0,0,0,0,0,0,0,0,0,0,0,0,0,0,0,0,0,0,0,27,0,0,0,0,0,0,0,0,0,0,0,0,0,0,0,12,0,0,0,0,0,0,0,0,0,0,4,0,0,0,,0,0,0,0,32,0,0,0,0,0,0,0,1,0,0,12,0,0,0,0,0,0,0,0,0,0,0
TU,134732,25,Hybognathus nuchalis,Pearl River along opposite mouth of Coburn Creek,1984,4,20,Suttkus and Inow,,,134732_02,clw,07/19/2024,NA,59,42,1499,07/22/2024,"none >70mm, 4 largest chosen",,0,0,0,0,0,0,0,0,0,0,0,0,0,0,0,0,0,0,0,0,0,0,0,0,0,0,0,0,0,0,0,0,0,0,0,0,0,0,0,0,1,0,0,0,1,0,0,0,0,0,0,0,0,0,0,0,0,0,0,0,0,0,0,0,0,0,0,0,0,0,0,0,0,0,0,,0,0,0,0,1,0,0,0,0,0,0,0,0,0,0,0,0,0,0,0,0,0,0,0,0,1,0
TU,134732,25,Hybognathus nuchalis,Pearl River along left bank opposite mouth of Coburn Creek,1984,4,20,Suttkus and Inow,,,134732_03,dbj gmc,07/19/2024,NA,60,46,1530,07/22/2024,"none >70mm, 4 largest chosen",,0,0,0,0,0,0,0,0,0,0,0,0,0,0,0,0,0,0,0,0,0,0,0,0,2,0,0,0,0,0,0,0,0,0,0,0,0,0,0,0,0,0,0,0,6,0,0,0,0,0,0,0,0,0,0,0,0,0,0,0,8,0,0,0,0,0,0,0,0,0,0,0,0,0,0,,0,0,0,0,8,0,0,0,0,0,0,0,0,0,0,8,0,0,0,0,0,0,0,0,0,0,0