InstitutionCode,CatalogNumber,IndividualCount,ScientificName,Latitude,Longitude,Locality,YearCollected,MonthCollected,DayCollected,Collector,CI,decade,IndividualFishID,Dissector,DissectionDate,Sex,TotalLength_mm,StandardLength_mm,weight_mg,NotesOnSpecimenPriorToDissection,ParasitesFound,Skin,BuccalCavity,BodyCavity,TREM.LARV.PectoralFin,TREM.MID.PECTORALFIN,TREM.LG.PECTORALFIN,CYST.UNK.Pectoral,TREM.LG.FIN Pelvic Fin,TREM.LARV.PelvicFin,TREM.MID.PELVICFIN,TREM.LG.FIN Anal Fin,TREM.LARV.AnalFin,TREM.MID.ANALFIN,CYST.NEH.ANAL FIN,TREM.LARV.CaudalFin,TREM.LG.FIN.Caudal,TREM.MID.CAUDALFIN,MYX.TAIL.Caudal,CYST.UNK.Caudal,TREM.LARV.DorsalFin,TREM.MID.DORSALFIN,TREM.LG.DORSALFIN,MYX.TAIL.Dorsal,Gonad,CYST.UNK.Liver,NEM.CYST.Liver,Spleen,CYST.UNK.Kidney,CYST.UNK.Eye,Heart,ACAN.OSTR. Stomach ,NEM.PHAR.Stomach,NEM.NMTS.Stomach,TREM.F.STOMACH,TREM.MEGICT.Stomach,WORM.UNK.Stomach,CYST.UNK.ConnectiveTissue,CYST.MX.ConnectiveTissue,CYST.NEM.ConnectiveTissue,TREM.BLE.ConnectiveTissue,TREM.UNK.ConnectiveTissue,TREM.F.ConnectiveTIssue,ACANTH.OSTR.INTESTINE,NEM.PHAR.INTESTINE,NEM.SP.INTESTINE,NEM.PTY.INTESTINE,NEM.NMTS.Intestine,NEM.UNK.Intestine,NMORPH.INT.Intestine,TREM.MEGICT.Intestine,TREM.CREP.INTESTINE,TREM.UNKN.Intestine,TREM.ALLO.Intestine,TREM.LIP.Intestine,TREM.SMILE.Intestine,TREM.BLE.Intestine,CEST.MEG.Intestine,CEST.COMP.Intestine,MYX.GEOM.Intestine,CYST.UNK.Intestine,WORM.UNK.B.intestine,CYST.BD.GILL,CYST.MX.GILL,CYST.UNKN.GILL,MONO.IP.GILL,MONO.UNKN.GILL,META.UNK.GILL,META.GG.gill,NEM.UNK.gill,NEM.PHAR.GILL,NEM.NMTS.FLUSH,NEM.TAF.Flush,NEM.PHAR.Flush,TREM.MEGICT.FLUSH,TREM.2.FLUSH,TREM.META.FLUSH,TREM.ALLO.Flush,MONO.IP.FLUSH,CYST.UNK.Flush,LEECH.KUT.FLUSH,TREM.PHYLS.URINARYBLADDER,,VOUCH.CYST.MEG,VOUCH.NEM.TAF,VOUCH.NEM.PHAR,VOUCH.NEM.PTY,VOUCH.NEM.SP,VOUCH.NEM.NMTS,VOUCH.NEM.UNK,VOUCH.TREM.MEGICT,VOUCH.TREM.CREP,VOUCH.TREM.F,VOUCH.TREM.2,VOUCH.TREM.LG.FIN,VOUCH.TREM.ALLO,VOUCH.TREM.LIP,VOUCH.TREM.UNK,VOUCH.TREM.BLE,VOUCH.TREM.SMILE,VOUCH.TREM.PHYLS,VOUCH.MONO.IP,VOUCH.CYST.MX,VOUCH.CYST.BD,VOUCH.CYST.NEM,VOUCH.CYST.UNK,VOUCH.MYXO.TAIL,VOUCH.MYX.GEOM,VOUCH.CEST.COMP,VOUCH.WORM.UNK,VOUCH.ACAN.OSTR,VOUCH.LEECH.KUT,VOUCH.META.GG,ParasitesMounted,MOUNT.NEM.TAF,MOUNT.NEM.PHAR,MOUNT.NEM.PTY,MOUNT.NEM.SP,MOUNT.TREM.MEGICT,MOUNT.TREM.CREP,MOUNT.TREM.F,MOUNT.TREM.2,MOUNT.MONO.IP,MOUNT.CYST.MX
TU,146787,14,Ictalurus punctatus,30.70222,-89.84417,Pearl River along left bank just below Pools Bluff Sill.,1986,10,9,R.D. Suttkus and J.H. Caruso,impact,1984-1993,146787_01,KL,7/14/2023,NA,85,64,,,,0,0,0,0,NA,0,0,0,0,NA,0,2,NA,0,0,0,NA,0,0,0,NA,0,0,0,0,0,NA,0,0,0,0,0,0,0,0,0,0,0,0,0,0,0,0,0,0,0,0,0,0,0,0,0,0,0,0,0,0,0,0,0,0,0,0,5,9,1,0,0,0,0,0,0,0,0,0,0,0,0,0,0,0,,0,0,0,0,0,0,0,0,0,0,0,0,0,0,0,0,0,0,9,0,0,0,0,0,0,0,0,0,0,0,,,,,,,,,,,
TU,31267,24,Ictalurus punctatus,,,"Pearl River at mile 53.7, 2.3 miles S.E. of Bogalusa",1963,7,11,Suttkus and Gunning,,,31267_01,chw kl gc cnw,11/20/2023,na,66,52,,,,0,0,0,0,NA,0,0,0,0,NA,0,0,NA,0,0,0,NA,0,0,0,NA,0,0,0,0,0,NA,0,0,0,0,0,0,0,0,0,0,0,0,0,0,0,0,0,0,0,0,0,0,0,0,0,0,0,0,0,0,0,0,0,0,0,0,0,1,0,0,0,0,0,0,0,0,0,0,0,0,0,0,0,0,,0,0,0,0,0,0,0,0,0,0,0,0,0,0,0,0,0,0,0,0,0,0,0,0,0,0,0,0,0,0,,,,,,,,,,,
TU,31267,24,Ictalurus punctatus,,,"Pearl River at mile 53.7, 2.3 miles S.E. of Bogalusa",1963,7,11,Suttkus and Gunning,,,31267_02,KL,11/20/2023,na,65,49,,,,0,0,0,0,NA,0,0,0,0,NA,0,0,NA,0,0,0,NA,0,0,0,NA,0,0,0,0,0,NA,0,0,0,0,0,0,0,0,0,0,0,0,0,0,0,0,0,0,0,0,0,0,0,0,0,0,0,0,0,0,0,0,0,0,0,0,0,0,0,0,0,0,0,0,0,0,0,0,0,0,0,0,0,0,,0,0,0,0,0,0,0,0,0,0,0,0,0,0,0,0,0,0,0,0,0,0,0,0,0,0,0,0,0,0,,,,,,,,,,,
TU,147855,17,Ictalurus punctatus,,,"Pearl River, Mississippi along left bank opposite ",1987,1,22,Suttkus and Corvso,,,147855_01,GC,11/27/2023,na,50,39,,,,0,0,0,1,NA,0,0,0,6,NA,0,139,NA,0,158,0,NA,0,0,3,NA,0,0,NA,0,0,NA,NA,0,0,0,3,0,0,0,0,0,0,0,0,0,0,0,0,0,0,0,0,0,1,0,2,0,0,0,0,0,0,0,0,0,0,0,11,3,0,0,0,0,0,0,1,2,0,0,0,0,0,1,0,0,,0,1,5,0,0,0,0,1,0,0,0,0,0,0,0,0,0,0,3,0,0,0,0,0,0,0,0,0,0,0,,,,,,,,,,,
TU,147855,17,Ictalurus punctatus,,,"Pearl River, Mississippi",1987,1,22,Suttkus and Corvso,,,147855_02,CHW KL,11/27/2023,NA,87,64,,,,0,0,0,0,NA,0,0,0,66,NA,0,0,NA,0,124,0,NA,0,0,23,NA,0,0,NA,0,0,NA,NA,0,0,0,0,0,0,0,0,0,0,0,0,0,0,0,0,0,0,0,0,0,0,0,0,0,0,0,0,0,0,0,0,0,0,0,12,1,0,0,0,0,0,0,0,0,0,0,0,0,0,0,0,0,,0,0,0,0,0,0,0,0,0,0,0,0,0,0,0,0,0,0,0,0,0,0,0,0,0,0,0,0,0,0,,,,,,,,,,,
TU,146787,14,Ictalurus punctatus,30.70222,-89.84417,Pearl River along left bank just below Pools Bluff Sill.,1986,10,9,R.D. Suttkus and J.H. Caruso,impact,1984-1993,146787_02,CNW KL,11/30/2023,NA,85,68,,,,0,0,0,0,NA,0,0,0,91,NA,0,0,NA,0,44,0,NA,0,0,0,NA,0,0,NA,0,0,NA,0,0,0,0,0,0,0,0,0,0,0,0,0,0,0,0,0,0,0,0,0,0,0,0,0,0,0,0,0,0,0,0,0,0,1,0,1547,4,0,0,0,0,0,0,0,0,0,0,0,0,0,0,0,0,,0,0,0,0,0,0,0,0,0,0,0,0,0,0,0,0,0,0,1,0,0,0,0,0,0,0,0,0,0,0,,,,,,,,,,,
TU,185384,6,Ictalurus punctatus,,,Pearl River,1998,1,24,R.D. and J.S. Suttkus,,,185384_01,HT KL CNW,1/22/2024,na,100,78,,,,0,0,0,120,NA,0,0,0,67,NA,0,239,NA,0,278,0,NA,0,0,91,NA,0,0,NA,0,0,NA,0,0,0,0,0,0,2,0,0,0,0,0,0,0,0,0,1,2,1,0,0,0,23,0,0,0,0,0,0,0,0,0,0,0,0,0,826,0,0,0,0,0,0,0,0,0,2,0,0,0,0,0,0,0,,0,0,1,1,2,0,0,25,0,2,0,0,0,0,0,0,0,0,0,0,0,0,0,0,0,0,0,0,0,0,,,,,,,,,,,
TU,185384,6,Ictalurus punctatus,,,Pearl River,1998,1,24,R.D. and J.S. Suttkus,,,185384_02,SD KL DD GC CNW,1/23/2024,NA,55,45,,,,0,0,0,20,NA,0,0,0,28,NA,0,67,NA,0,142,0,NA,0,0,31,NA,0,0,NA,0,0,NA,0,0,0,0,0,0,0,0,0,0,0,0,0,0,0,0,0,0,0,0,0,0,1,0,0,0,0,0,0,0,0,0,0,0,0,49,0,0,0,0,0,0,0,0,0,0,0,0,0,0,0,0,0,0,,0,0,0,0,0,0,0,1,0,0,0,0,0,0,0,0,0,0,0,4,0,0,0,0,0,0,0,0,0,0,,,,,,,,,,,
TU,118276,10,Ictalurus punctatus,,,Pearl River along right bank,1980,10,23,Suttkus and Gunning,,,118276_01,DD KL CHW CNW,1/17/2024,NA,60,49,,,,0,0,0,175,NA,2,0,0,146,NA,0,45,NA,0,30,0,NA,0,0,17,NA,0,0,0,0,0,NA,NA,0,0,0,0,0,0,0,0,0,0,0,0,0,0,0,0,0,0,0,0,0,0,0,0,0,0,0,0,0,0,0,0,0,0,0,884,6,0,0,0,0,0,0,0,0,1,1,1,0,0,0,0,0,,0,0,0,0,0,0,0,1,0,0,1,0,0,0,0,0,0,0,3,0,0,0,0,0,0,0,0,0,0,0,,,,,,,,,,3,
TU,118276,10,Ictalurus punctatus,,,Pearl River,1980,10,23,Suttkus and Gunning,,,118276_02,GC,1/17/2024,NA,89,64,,,,0,0,0,46,NA,0,0,0,110,NA,0,22,NA,0,42,0,NA,0,0,2,NA,0,0,0,0,0,NA,0,0,0,0,0,0,0,0,0,0,0,0,0,0,0,0,0,0,0,0,0,0,0,0,0,0,0,0,0,0,0,0,0,0,0,0,1069,0,0,0,0,0,0,0,0,0,0,0,0,0,0,0,0,0,,0,0,0,0,0,0,0,0,0,0,0,0,0,0,0,0,0,0,0,0,0,0,0,0,0,0,0,0,0,0,,,,,,,,,,,
TU,40125,10,Ictalurus punctatus,,,Pearl River,1966,3,17,Suttkus and Barbour,,,40125_02,gmc cnw kl,1/23/2024,na,68,52,,,,0,0,0,0,28,0,0,0,0,3,0,0,13,0,0,0,87,0,0,0,2,0,0,NA,0,0,NA,NA,0,0,0,0,0,0,0,0,0,0,0,0,0,0,0,0,0,0,0,0,0,0,0,0,0,0,0,0,0,0,0,0,0,0,0,0,1,0,0,0,0,0,0,0,0,0,0,0,0,0,0,0,0,,0,0,0,0,0,0,0,0,0,0,0,0,0,0,0,0,0,0,1,0,0,0,0,0,0,0,0,0,0,0,,,,,,,,,,,
TU,40125,10,Ictalurus punctatus,,,Pearl River,1966,3,17,Suttkus and Barbour,,,40125_01,ht kl sd gmc,1/23/2024,na,91,74,,,,0,0,0,0,1,0,0,0,0,0,0,0,109,0,0,0,149,0,0,0,0,1,0,NA,0,0,NA,NA,0,0,0,0,0,0,0,0,0,0,0,0,0,0,0,0,1,0,0,0,0,0,2,0,0,0,0,0,0,0,0,0,0,0,1,0,0,0,0,0,0,0,0,0,0,0,0,0,0,0,0,0,0,,0,0,0,0,1,0,0,0,2,0,0,0,0,0,0,0,0,0,0,0,0,0,0,0,0,0,0,0,0,0,,,,,,,,,,,
TU,63780,357,Ictalurus punctatus,,,Pearl River at sand bar approx. 0.5 mi below Richardshon Landing,1970,7,9,Thompson and Gunning,,,63780_02,JT DJB KL,6/25/2024,M,40,37,75.9,352 viable in lot due to size (5 over 15cm),,0,0,0,0,0,0,0,0,0,0,0,0,0,0,0,0,0,0,0,0,0,0,0,0,0,0,0,0,0,0,0,0,0,0,0,0,0,0,0,0,0,0,0,0,0,0,0,0,0,0,0,0,0,0,0,0,0,0,0,0,0,0,0,0,0,0,0,0,0,0,0,0,0,0,0,0,0,0,0,0,0,,0,0,0,0,0,0,0,0,0,0,0,0,0,0,0,0,0,0,0,0,0,0,0,0,0,0,0,0,0,0,,0,0,0,0,0,0,0,0,0,0
TU,31060,35,Ictalurus punctatus,,,"Pearl River at river mile 53.7, 2.3 mi SE of Bogalusa",1963,8,30,Suttkus and Gunning,,,31060-02,SC KL,6/25/2024,NA,52,41,99.4,,,0,0,0,0,0,0,0,0,0,0,0,0,0,0,0,0,0,0,0,0,0,0,0,NA,0,0,NA,0,0,0,0,0,0,0,0,0,0,0,0,0,0,0,0,0,0,0,0,0,0,0,0,0,47,0,0,0,0,0,0,0,0,0,0,0,0,0,0,0,0,0,0,0,0,0,0,0,0,0,0,0,0,,0,0,0,0,0,0,0,0,0,0,0,0,47,0,0,0,0,0,0,0,0,0,0,0,0,0,0,0,0,0,,0,0,0,0,0,0,0,0,0,0
TU,58071,167,Ictalurus punctatus,,,Pearl River 0.5 mi below Richardson Landing 1.5 mi SE of Bogalusa,1969,7,14,Suttkus and Thompson,,,58071_01,IJ DJB CJW,6/25/2024,NA,39,31,465,,,0,0,0,0,0,0,0,0,0,0,0,0,0,0,0,0,0,0,0,0,0,0,0,na,0,0,na,0,0,na,0,0,0,0,0,0,0,0,0,0,0,0,0,0,0,0,0,0,0,0,0,0,0,0,0,0,0,0,0,0,0,0,0,0,0,0,0,0,0,0,0,0,0,0,0,0,0,0,0,0,0,,0,0,0,0,0,0,0,0,0,0,0,0,0,0,0,0,0,0,0,0,0,0,0,0,0,0,0,0,0,0,,0,0,0,0,0,0,0,0,0,0
TU,193706,13,Ictalurus punctatus,,,Pearl River along left bank at river mile 54,2002,1,26,RD and JS Suttkus,,,193706_02,IJ JT KL DB,6/25/2024,NA,95,78,509.6,CYST.NEM present in fins,,0,0,0,0,0,0,0,0,0,0,0,0,0,0,0,0,0,0,0,0,0,0,0,na,2,0,0,0,0,0,0,0,0,0,0,0,0,0,0,0,0,0,0,0,0,0,0,0,0,0,0,0,0,0,0,0,0,0,0,0,0,0,2,0,0,0,0,0,0,0,0,0,0,0,0,0,0,0,0,0,0,,0,0,0,0,0,0,0,0,0,0,0,0,0,0,0,0,0,0,0,0,0,0,0,0,0,0,0,0,0,0,,0,0,0,0,0,0,0,0,0,0
TU,63780,357,Ictalurus punctatus,,,Pearl River at sand bar approx. 0.5 mi below Richardshon Landing,,7,9,Thompson and Gunning,,,63780_01,SC DMDM,6/25/2024,NA,47,36,70.1,352 viable in lot due to size (5 over 15cm),,0,0,0,0,0,0,0,0,0,0,0,0,0,0,0,0,0,0,0,0,0,0,0,na,0,0,0,0,0,na,0,0,0,0,0,0,0,0,0,0,0,0,0,0,0,0,0,0,0,0,0,0,0,0,0,0,0,0,0,0,0,0,0,0,0,0,0,0,0,0,0,0,0,0,0,0,0,0,0,0,0,,0,0,0,0,0,0,0,0,0,0,0,0,0,0,0,0,0,0,0,0,0,0,0,0,0,0,0,0,0,0,,0,0,0,0,0,0,0,0,0,0
TU,198297,4,Ictalurus punctatus,,,Pearl River along left bank at River mile 54,2005,2,12,RD and JS Suttkus,,,198297_01,JT SC CJW,6/25/2024,NA,58,44,122,Discoloration on spleen but nothing inside/ CYST.NEM in fins,,0,0,0,0,0,0,0,0,0,0,0,0,0,0,0,124,0,0,0,0,0,0,0,na,0,0,0,na,0,na,0,0,0,0,1,0,1,0,0,0,0,0,0,0,0,0,6,0,0,0,0,0,0,0,0,0,0,0,0,0,0,0,0,0,0,0,0,0,0,0,0,0,0,0,0,0,0,0,0,0,0,,0,0,0,0,0,10,0,0,0,0,0,0,0,0,0,0,0,0,0,0,0,0,0,0,0,0,0,0,0,0,,0,0,0,0,0,0,0,0,0,0
TU,193706,13,Ictalurus punctatus,,,Pearl River along left bank river mile 54,2003,1,26,RD and JS Suttkus,,,193706_01,DJB GMC,6/25/2024,NA,107,79,834.2,CYST.H Present,,0,0,0,0,0,0,0,0,0,0,0,0,0,0,0,0,0,0,0,0,0,0,0,na,0,0,0,0,0,0,0,0,0,0,0,0,0,0,0,0,0,0,0,0,0,0,0,0,0,1,0,0,0,0,0,0,0,0,0,0,0,0,3,0,2,0,0,0,0,0,0,0,0,0,0,0,0,0,0,0,0,,0,0,0,0,0,0,0,1,0,0,0,0,0,0,0,0,0,0,2,3,0,0,0,0,0,0,0,0,0,0,,0,0,0,0,0,0,0,0,0,0
TU,31177,10,Ictalurus punctatus,,,"Pearl R, 0.5mi downstream from Richardson Ldg, 1.5mi SE Bogalusa",1963,5,20,Suttkus and Gunning,,,31177_02,JT DMDM,6/25/2024,NA,79,60,323.7,,,0,0,0,0,0,0,0,0,0,0,0,0,0,0,0,0,0,0,0,0,0,0,0,na,0,0,na,0,0,na,0,0,0,0,0,0,0,0,0,0,0,0,0,0,0,0,0,0,0,0,0,0,0,0,0,0,0,0,0,0,0,0,0,0,0,0,0,0,0,0,0,0,0,0,0,0,0,0,0,0,0,,0,0,0,0,0,0,0,0,0,0,0,0,0,0,0,0,0,0,0,0,0,0,0,0,0,0,0,0,0,0,,0,0,0,0,0,0,0,0,0,0
TU,198297,4,Ictalurus punctatus,,,Pearl River along left bank at River mile 54,2005,2,12,RD and JS Suttkus,,,198297_01,SC DMDM,6/25/2024,NA,60,47,140.3,CYST.NEH Present,,0,0,0,0,0,0,0,0,0,0,0,0,0,0,0,0,0,0,0,0,0,0,0,na,0,0,0,0,0,na,0,0,28,0,0,0,0,0,0,0,0,0,0,0,0,0,0,0,0,0,0,0,0,0,0,0,0,0,0,0,0,0,0,0,2,0,9,0,0,0,0,0,0,0,0,0,0,0,0,0,0,,0,0,0,0,0,26,0,0,0,0,0,0,0,0,0,0,0,0,2,0,0,0,0,7,0,0,0,0,0,0,,0,0,0,0,0,0,0,0,0,0
TU,31542,12,Ictalurus punctatus,,,Pearl River @ Mile 54; 2.3 mi SE of Bogalusa,1963,10,24,Suttkus and Gunning,,,31542_01,IJ GMC,6/25/2024,NA,90,78,506.4,,,0,0,0,0,0,0,0,0,0,0,0,0,0,0,0,1,0,0,0,0,0,0,0,na,0,0,na,0,0,0,0,0,0,0,0,0,0,0,0,0,0,0,0,0,0,0,0,0,0,0,0,0,0,1,0,0,0,0,0,0,0,0,0,0,4,0,161,0,0,0,0,0,0,0,0,0,0,0,0,0,0,,0,0,0,0,0,0,0,0,0,0,0,1,0,1,0,0,0,0,4,0,0,0,0,161,0,0,0,0,0,0,,0,0,0,0,0,0,0,0,0,0
TU,40616,7,Ictalurus punctatus,,,Pearl River just above Coburn Creek 1.4mi E of Bogalusa,1966,4,22,Suttkus and Gunning,,,40616_02,JT DJB GMC,6/25/2024,NA,52,39,90.2,CYST.H present caudal and anal,,0,0,0,0,0,0,0,0,0,0,0,0,0,0,0,0,0,0,0,0,0,0,0,na,0,0,na,2,0,0,0,0,0,0,0,0,0,0,0,0,0,0,0,0,0,0,0,0,0,0,0,0,0,0,1,0,0,0,0,0,0,0,0,0,0,0,0,0,0,0,0,0,0,0,0,0,0,0,0,0,0,,0,0,0,0,0,0,0,0,0,0,0,0,0,0,0,0,1,0,0,0,0,0,0,0,0,0,0,0,0,0,,0,0,0,0,0,0,0,0,0,0
TU,83744,239,Ictalurus punctatus,,,"Pearl River sand bar, 0.5 mile below Richardson Lndg",1973,7,11,Suttkus and Thompson,,,83744_01,SC DJB CJW,6/25/2024,NA,51,40,93,,,0,0,0,0,0,0,0,0,0,0,0,0,0,0,0,0,0,0,0,0,0,0,0,na,0,0,na,0,0,0,0,0,0,0,0,0,0,0,0,0,0,0,0,0,0,0,0,0,0,0,0,0,0,0,0,0,0,0,0,0,0,0,0,0,1,0,0,0,0,0,0,0,0,0,0,0,0,0,0,0,0,,0,0,0,0,0,0,0,0,0,0,0,0,0,0,0,0,0,0,0,0,0,0,0,0,0,0,0,0,0,0,,0,0,0,0,0,0,0,0,0,0
TU,108500,302,Ictalurus punctatus,,,Pearl River along right bank 0.5 mi below Richardson Ldg 1.5mi SE Bogalusa,1978,7,19,Suttkus and Sorensen,,,108500_02,IJ BJB DMDM,6/25/2024,NA,54,38,102.8,,,0,0,0,0,0,0,0,0,0,0,0,0,0,0,0,0,0,0,0,0,0,0,0,na,0,0,0,0,0,0,0,0,0,0,0,0,0,0,0,0,0,0,0,0,0,0,0,0,0,0,0,0,0,0,0,0,0,0,0,0,0,0,10,0,9,0,0,0,0,0,0,0,0,0,0,0,0,0,0,0,0,,0,0,0,0,0,0,0,0,0,0,0,0,0,0,0,0,0,0,9,5,0,0,0,0,0,0,0,0,0,0,,0,0,0,0,0,0,0,0,0,0
TU,37835,23,Ictalurus punctatus,,,Pearl River between Coburn + Bogalusa Creek; 1.4mi E of Bogalusa,1965,5,21,Suttkus and Gunning,,,37835_01,IJ DJB KL,6/25/2024,NA,99,68,535.4,,,0,0,0,0,0,0,0,0,0,0,0,0,0,0,0,0,0,0,0,0,0,0,0,na,0,0,0,0,0,0,0,0,0,0,0,0,0,0,0,0,0,0,0,0,0,0,0,0,0,0,0,0,0,0,0,0,1,0,0,0,0,45,0,0,0,0,0,0,0,0,0,0,0,0,0,0,0,0,0,0,0,,1,0,0,0,0,0,0,0,0,0,0,0,0,0,0,0,0,0,0,0,7,0,0,0,0,0,0,0,0,0,,0,0,0,0,0,0,0,0,0,0
TU,108500,302,Ictalurus punctatus,,,Pearl River along right bank 0.5 mi below Richardson Ldg 1.5mi SE Bogalusa,1978,7,19,Suttkus and Sorensen,,,108500_01,SC DJB CJW,6/25/2024,NA,31,26,22,,,0,0,0,0,0,0,0,0,0,0,0,0,0,0,0,0,0,0,0,0,0,0,0,na,0,0,na,0,0,na,0,0,0,0,0,0,0,0,0,0,0,0,0,0,0,0,0,0,0,0,0,0,0,0,0,0,0,0,0,0,0,0,0,0,0,0,0,0,0,0,0,0,0,0,0,0,0,0,0,0,0,,0,0,0,0,0,0,0,0,0,0,0,0,0,0,0,0,0,0,0,0,0,0,0,0,0,0,0,0,0,0,,0,0,0,0,0,0,0,0,0,0
TU,31542,12,Ictalurus punctatus,,,Pearl River @ Mile 54; 2.3 mi SE of Bogalusa,1963,10,24,Suttkus and Gunning,,,31542_02,SC DJB KL,6/25/2024,NA,80,65,353.3,,,0,0,0,0,0,0,0,0,0,0,0,0,0,0,0,0,0,0,0,0,0,0,0,na,0,0,0,0,0,0,0,0,0,0,0,0,0,0,0,0,0,0,0,0,0,0,0,0,0,0,0,0,0,0,0,0,0,0,0,0,0,0,0,0,0,0,0,0,0,0,0,0,0,0,0,0,0,0,0,0,0,,0,0,0,0,0,0,0,0,0,0,0,0,0,0,0,0,0,0,0,0,0,0,0,0,0,0,0,0,0,0,,0,0,0,0,0,0,0,0,0,0
TU,58071,167,Ictalurus punctatus,,,Pearl River 0.5 mi below Richardson Landing 1.5 mi SE of Bogalusa,1969,7,14,Suttkus and Thompson,,,58071_02,JT KL ,6/25/2024,NA,49,38,91.1,,,0,0,0,0,0,0,0,0,0,0,0,0,0,0,0,0,0,0,0,0,0,0,0,na,na,0,0,0,0,0,0,0,0,0,0,0,0,0,0,0,0,0,0,0,0,0,0,0,0,0,0,0,0,0,0,0,0,0,0,0,0,0,0,0,0,0,0,0,0,0,0,0,0,0,0,0,0,0,0,0,0,,0,0,0,0,0,0,0,0,0,0,0,0,0,0,0,0,0,0,0,0,0,0,0,0,0,0,0,0,0,0,,0,0,0,0,0,0,0,0,0,0
TU,83744,239,Ictalurus punctatus,,,"Pearl River sand bar, 0.5 mile below Richardson Lndg",1973,7,11,Suttkus and Thompson,,,83744_02,JT DJB DMDM,6/25/2024,NA,62,48,166.2,,,0,0,0,0,0,0,0,0,0,0,0,0,0,0,0,0,0,0,0,0,0,0,0,na,0,0,0,0,0,0,0,0,0,0,0,0,0,0,0,0,0,0,0,0,0,0,0,0,0,0,0,0,0,0,0,0,0,0,0,0,0,0,0,0,2,0,0,0,0,0,0,0,0,0,0,0,0,0,0,0,0,,0,0,0,0,0,0,0,0,0,0,0,0,0,0,0,0,0,0,2,0,0,0,0,0,0,0,0,0,0,0,,0,0,0,0,0,0,0,0,0,0
TU,153841,32,Ictalurus punctatus,,,Pearl River along left bank just below Pools Bluff Sill.,1988,10,20,Suttkus and Caruso,,,153841_02,JT CJW,6/25/2024,NA,101,75,618.5,,,0,0,0,0,0,0,0,0,0,0,0,0,0,0,0,0,0,0,0,0,0,0,0,0,0,0,0,0,0,0,0,0,0,0,0,0,0,0,0,0,0,0,0,0,0,0,0,0,0,0,0,0,0,0,0,2,0,0,0,0,0,0,0,0,4,0,0,0,0,0,0,0,0,0,0,0,0,0,0,0,0,,0,0,0,0,0,0,0,0,0,0,0,0,0,0,0,2,0,0,0,0,0,0,0,0,0,0,0,0,0,0,,0,0,0,0,0,0,0,0,0,0
TU,40616,7,Ictalurus punctatus,,,Pearl River just above Coburn Creek 1.4mi E of Bogalusa,1966,4,22,Suttkus and Gunning,,,40616_01,SC DJB IJ,6/25/2024,NA,110,85,781.5,,,0,0,0,0,0,0,0,0,0,0,0,0,0,0,0,0,0,0,0,0,0,0,0,0,0,0,0,0,0,0,0,0,0,0,0,0,0,0,0,0,0,0,0,0,0,0,0,0,0,0,0,0,1,0,0,0,0,0,0,0,0,0,0,0,4,0,4,0,2,0,0,0,0,0,0,0,0,2,0,0,0,,0,0,0,0,0,0,2,0,0,0,0,0,1,0,0,0,0,0,6,0,0,0,0,4,0,0,0,0,0,0,,0,0,0,0,0,0,0,0,0,0
TU,31060,35,Ictalurus punctatus,,,"Pearl River at River mile 53.7, 2.3 mi SE of Bogalusa",1963,8,30,Suttkus and Gunning,,,31060_1,SC GMC,6/25/2024,NA,51,39,87.5,CYST.H Present,,0,0,0,0,0,0,0,0,0,0,0,0,0,0,0,0,0,0,0,0,0,0,0,0,0,0,0,0,0,0,0,0,0,0,0,0,0,0,0,0,0,0,0,0,0,0,0,0,0,0,0,0,3,0,0,0,0,0,0,0,0,0,0,0,0,0,0,0,0,0,0,0,0,0,0,0,0,0,0,0,0,,0,0,0,0,0,0,0,0,0,0,0,0,3,0,0,0,0,0,0,0,0,0,0,0,0,0,0,0,0,0,,0,0,0,0,0,0,0,0,0,0
TU,37835,23,Ictalurus punctatus,,,Pearl River between Coburn + Bogalusa Creek; 1.4mi E of Bogalusa,1965,5,21,Suttkus and Gunning,,,37835_02,JT DJB KL,6/25/2024,NA,96,72,453.8,,,0,0,0,0,0,0,0,0,0,0,0,0,0,0,0,0,0,0,0,0,0,0,1,na,0,0,0,0,0,0,0,0,0,0,0,0,0,0,0,0,0,0,0,0,0,0,0,0,0,0,0,0,0,0,0,0,0,0,0,0,0,77,0,0,0,0,0,0,0,0,0,0,0,0,0,0,0,0,0,0,0,,0,0,0,0,0,0,0,0,0,0,0,0,0,0,0,0,0,0,0,0,16,0,0,1,0,0,0,0,0,0,,0,0,0,0,0,0,0,0,0,0
TU,105376,11,Ictalurus punctatus,,,Pearl river along left bank just above Coburn Creek; 1.5 mi E of Bogalusa,1977,12,19,Gunning and Hains,,,105376_01,JT GMC,6/25/2024,NA,45,31,74.6,"9 viable in lot ( 1 above 15cm, 1 partially dissected)",,0,0,0,0,0,0,0,1,0,0,19,0,0,0,0,53,0,0,0,0,0,0,0,0,1,0,0,0,0,0,0,0,0,0,0,0,0,0,0,0,0,0,0,0,0,0,0,0,0,0,0,0,0,0,0,0,0,0,0,0,0,0,0,0,0,0,0,0,0,0,0,0,0,0,0,0,0,0,0,0,0,,0,0,0,0,0,0,0,0,0,0,0,0,0,0,0,0,0,0,0,0,0,0,0,0,0,0,0,0,0,0,,0,0,0,0,0,0,0,0,0,0
TU,31181,4,Ictalurus punctatus,,,"Pearl R, between mouth of Coburn + Bogalusa Cr; 1.4 mi E of HYW + in Bogalusa",1963,5,19,Suttkus and Gunning,,,31181_02,DJB DMDM,6/25/2024,F,109,82,877,,,0,0,0,0,0,0,0,0,0,0,0,0,0,0,0,0,0,0,0,0,0,0,0,0,1,0,0,0,0,0,0,0,0,0,0,0,0,0,0,0,0,0,0,0,0,0,0,0,0,0,0,0,0,0,0,0,0,0,0,0,0,0,0,0,0,0,0,0,0,0,0,0,0,0,0,0,0,0,0,0,0,,0,0,0,0,0,0,0,0,0,0,0,0,0,0,0,0,0,0,0,0,0,0,0,0,0,0,0,0,0,0,,0,0,0,0,0,0,0,0,0,0
TU,190621,10,Ictalurus punctatus,,,Pearl River along left bend at second bend below Richardson Ldg,2000,4,7,RD and JS Suttkus,,,190621_02,IJ JT GMC,6/26/2024,NA,62,50,154.2,Cyst.H present,,0,0,0,0,0,0,0,0,0,0,0,0,0,0,0,0,0,0,0,0,0,0,1,na,0,0,na,0,0,na,0,0,0,0,0,0,0,0,0,0,0,0,0,4,1,0,0,0,0,1,0,0,0,0,0,0,0,0,0,0,0,0,0,0,5,0,0,0,0,0,0,0,0,0,0,0,0,0,0,0,0,,0,0,3,0,1,0,0,1,0,0,0,0,0,0,0,0,0,0,5,0,0,0,0,1,0,0,0,0,0,0,,0,0,0,0,0,0,0,0,0,0
TU,190621,10,Ictalurus punctatus,,,Pearl River along left bank at second bend below Richardson Ldg,2000,4,7,RD and JS Suttkus,,,190621_01,SC JT,6/26/2024,NA,70,54,265,"Cyst that looked like it would be myxo, but just cells :( / CYST.NEM in fins. / CYST.UNK from eye flesh",,0,0,0,0,0,0,0,0,0,0,0,0,0,0,0,0,0,0,0,0,0,0,0,0,0,0,0,0,1,0,0,0,0,0,0,0,0,0,0,0,0,0,0,0,0,0,0,1,0,0,0,0,0,0,0,0,0,0,0,0,0,0,0,2,5,0,0,0,0,0,0,0,0,0,0,0,0,0,0,0,0,,0,0,0,0,0,0,0,0,0,0,0,0,0,0,0,0,0,0,5,0,0,0,0,0,0,0,0,0,0,0,,0,0,0,0,0,0,0,0,0,0
TU,99517,67,Ictalurus punctatus,,,"Pearl River along left bank just above Pools Bluff Sill, 4mi S of Bogalusa",1976,10,13,Suttkus and Sorensen,,,99517_02,DJB KL,6/26/2024,NA,91,68,489.1,Selected from 66 specimens due to size restrictions/ Mottled Liver,,0,0,0,0,0,0,0,0,0,0,0,0,0,0,0,0,0,0,0,0,0,0,0,na,0,0,0,0,0,0,0,0,0,0,0,0,0,0,0,0,0,0,0,0,0,0,0,0,0,0,0,0,0,0,0,0,0,0,0,0,0,0,0,0,2,0,0,0,0,0,0,0,0,0,0,0,0,0,0,0,0,,0,0,0,0,0,0,0,0,0,0,0,0,0,0,0,0,0,0,2,0,0,0,0,0,0,0,0,0,0,0,,0,0,0,0,0,0,0,0,0,0
TU,39300,43,Ictalurus punctatus,,,Pearl River 1/2 mile below Richardson Ldg; 1.5mi SE of Bogalusa,1965,11,19,Suttkus and Gunning,,,39300_02,DJB JT KL,6/26/2024,NA,98,73,674.4,Mottled liver,,0,0,0,0,0,0,0,0,0,0,0,0,0,0,0,0,0,0,0,0,0,0,0,na,0,0,0,0,0,0,0,0,0,0,0,0,0,0,0,0,0,0,0,0,0,0,0,0,0,0,0,0,0,0,0,0,0,0,0,0,0,0,50,0,0,0,0,0,0,0,0,0,0,0,0,0,0,0,0,0,0,,0,0,0,0,0,0,0,0,0,0,0,0,0,0,0,0,0,0,0,0,0,0,0,0,0,0,0,0,0,0,,0,0,0,0,0,0,0,0,0,0
TU,153841,32,Ictalurus punctatus,,,Pearl River along left bank just below Pools Bluff Sill.,1988,10,20,Suttkus and Caruso,,,153841_01,DJB JT GMC,6/26/2024,NA,101,73,589.9,Mottled liver,,0,0,0,0,0,0,0,0,0,0,0,0,0,0,0,0,0,0,0,0,0,0,0,na,0,0,na,0,0,0,0,0,0,0,0,0,0,0,0,0,0,0,0,0,0,0,0,0,0,4,0,0,0,0,0,1,0,0,0,0,0,0,0,0,0,0,4,0,0,0,0,0,0,0,0,0,0,0,0,0,0,,0,0,0,0,0,0,0,4,0,0,0,0,0,0,0,1,0,0,0,0,0,0,0,4,0,0,0,0,0,0,,0,0,0,0,0,0,0,0,0,0
TU,31177,10,Ictalurus punctatus,,,"Pearl River,0.5 mo downstream form Richardson Ldg, 1,5 mi SE of Bogulsa",1963,5,20,Suttkus ang Gunning,,,31177_01,JT DJB/ GMC,6/26/2024,,100,75,737.1,,,0,0,0,0,0,0,0,0,0,0,0,0,0,0,0,0,0,0,0,0,0,0,0,na,0,0,0,0,0,na,0,0,0,0,0,0,0,0,0,0,0,0,0,0,0,0,0,0,0,0,0,0,0,0,0,0,0,0,0,0,0,0,0,0,0,0,0,0,0,0,0,0,0,0,0,0,0,0,0,0,0,,0,0,0,0,0,0,0,0,0,0,0,0,0,0,0,0,0,0,0,0,0,0,0,0,0,0,0,0,0,0,,0,0,0,0,0,0,0,0,0,0
TU,31804,50,Ictalurus punctatus,,,Pearl River just above Dam,1963,11,14,Gunning and ,,,31804_02,IJ JT CJW,6/26/2024,NA,109,90,831,Some information unreadable,,0,0,0,0,0,0,0,0,0,0,0,0,0,0,0,1,0,0,0,0,0,0,0,0,0,0,0,0,0,na,0,0,0,0,0,0,0,0,0,0,0,0,0,0,0,0,0,0,0,0,0,0,0,0,0,0,0,0,0,0,0,0,0,0,0,0,0,0,0,0,0,0,0,0,0,0,1,0,0,0,0,,0,0,0,0,0,0,0,0,0,0,0,0,1,0,0,0,0,0,0,0,0,0,0,0,0,0,0,0,0,0,,0,0,0,0,0,0,0,0,0,0
TU,99517,67,Ictalurus punctatus,,,"Pearl River along left bank just above pools Bluff Sill, 4mi S of Bogalusa",1976,13,10,Suttkus and Sorenson,,,99517_01,SC JT GMC,6/26/2024,,104,81,722.7,Selected from 66 spedmen due to size restrictions ; TREM. MID. FIN present in caudal fin/ Mottled liver,,0,0,0,0,0,0,0,0,0,0,0,0,0,0,0,0,0,0,0,0,0,0,0,na,0,0,0,0,0,na,0,0,0,0,0,0,0,0,0,0,0,0,0,0,0,0,0,0,0,0,0,0,0,0,0,0,0,0,0,0,0,0,0,0,1,0,3,0,0,0,0,0,0,0,0,0,0,0,0,0,0,,0,0,0,0,0,0,0,0,0,0,0,0,0,0,0,0,0,0,1,0,0,0,0,3,0,0,0,0,0,0,,0,0,0,0,0,0,0,0,0,0
TU,90827,57,Ictalurus punctatus,,,Pearl River just above Sill at Pools Bluff; 4 mi S of Bogalusa,1974,10,29,Suttkus and Caruso,,,90827_02,IJ JT KL,6/26/2024,F,119,91,1085.2,Mottled Liver,,0,0,0,0,0,0,0,0,0,0,0,0,0,0,0,0,0,0,0,0,0,0,0,0,0,0,0,0,0,0,0,0,0,0,0,0,0,0,0,0,0,0,0,0,0,0,0,0,0,0,0,0,0,0,0,0,0,0,0,0,0,0,0,0,2,0,0,0,0,0,0,0,0,0,0,0,0,0,0,0,0,,0,0,0,0,0,0,0,0,0,0,0,0,0,0,0,0,0,0,1,0,0,0,0,0,0,0,0,0,0,0,,0,0,0,0,0,0,0,0,0,0
TU,105376,11,Ictalurus punctatus,,,Pearl river along left bank just above Coburn Creek; 1.5 mi E of Bogalusa,1977,12,19,Gunning and Heins,,,105376_02,JT CJW,6/26/2024,NA,61,41.5,156.2,"9 viable in lot (1 above 15cm, 1 partially dissected)",,0,0,0,0,0,0,0,0,0,0,0,0,0,0,0,0,0,0,0,0,0,0,0,na,0,0,0,0,0,na,0,0,0,0,0,0,0,0,0,0,0,0,0,0,0,0,0,0,0,0,0,0,0,0,0,0,0,0,0,0,0,0,0,0,1,0,0,0,0,0,0,0,0,0,0,0,0,0,0,0,0,,0,0,0,0,0,0,0,0,0,0,0,0,0,0,0,0,0,0,1,0,0,0,0,0,0,0,0,0,0,0,,0,0,0,0,0,0,0,0,0,0
TU,159967,11,Ictalurus punctatus,,,Pearl River along left bank opposite Coburn Creek,1991,1,3,Suttkus and Coruso,,,0,SC JT KL,6/26/2024,NA,64,50,153.4,,,0,0,0,0,0,0,0,0,0,0,0,0,0,0,0,0,0,0,0,0,0,0,0,na,0,0,0,0,0,0,0,0,0,0,0,0,0,0,0,0,0,0,0,0,0,0,0,0,0,0,1,0,0,0,0,0,0,0,0,0,0,0,0,0,2,0,0,0,0,0,0,0,0,0,0,0,0,0,0,0,0,,0,0,0,0,0,0,0,0,1,0,0,0,0,0,0,0,0,0,2,0,0,0,0,0,0,0,0,0,0,0,,0,0,0,0,0,0,0,0,0,0
TU,90827,57,Ictalurus punctatus,,,Pearl River just above Sill at Pools Bluff; 4 mi S of Bogalusa,1974,10,29,Suttkus and Caruso,,,90827_01,JT KL,6/26/2024,NA,88,68,444.7,,,0,0,0,0,0,0,0,0,0,0,0,0,0,0,0,0,0,0,0,0,0,0,0,na,0,0,0,0,0,0,0,0,0,0,0,0,0,0,0,0,0,0,0,0,0,0,0,0,0,0,0,0,0,0,0,0,0,0,0,0,0,2,0,0,0,0,0,0,0,0,0,0,0,0,0,0,0,0,0,0,0,,0,0,0,0,0,0,0,0,0,0,0,0,0,0,0,0,0,0,0,0,0,0,0,0,0,0,0,0,0,0,,0,0,0,0,0,0,0,0,0,0
TU,39300,43,Ictalurus punctatus,,,Pearl River 1/2 mile below Richardson Ldg; 1.5mi SE of Bogalusa,1965,11,19,Suttkus and Gunning,,,39300_01,SC IJ KL GC,6/26/2024,NA,99,78,547.1,,,0,0,0,0,0,0,0,0,0,0,0,0,0,0,0,0,0,0,0,0,0,0,0,na,0,0,0,0,0,0,0,0,0,0,0,0,0,0,0,0,0,0,0,0,0,0,0,0,0,0,0,0,0,0,0,0,0,0,0,0,0,0,2,0,0,0,0,0,0,0,0,0,0,0,0,0,0,0,0,0,0,,0,0,0,0,0,0,0,0,0,0,0,0,0,0,0,0,0,0,0,0,0,0,0,0,0,0,0,0,0,0,,0,0,0,0,0,0,0,0,0,0
TU,31804,50,Ictalurus punctatus,,,Pearl River just aboev Dam,1963,11,14,Gunning and,,,31804_01,DJB IJ KL,6/26/2024,NA,99,70,631.7,Mottled liver,,0,0,0,0,0,0,0,0,0,0,0,0,0,0,0,0,0,0,0,0,0,0,0,na,0,0,0,0,0,0,0,0,0,0,0,0,0,0,0,0,0,0,0,0,0,0,0,0,0,0,0,0,0,0,0,0,0,0,0,0,0,0,0,0,0,0,0,0,0,2,1,0,0,0,0,0,0,0,0,0,0,,0,0,1,0,0,1,0,0,0,0,0,0,0,0,0,0,0,0,0,0,0,0,0,0,0,0,0,0,0,0,,0,0,0,0,0,0,0,0,0,0
TU,182143,4,Ictalurus punctatus,,,Pearl River along right bank at River Mile 54,1997,1,4,RD and JS Suttkus,,,182143_02,DJB JT CJW,6/26/2024,NA,103,81,695.3,Spleen is jet black,,0,0,0,0,0,0,0,0,0,0,0,0,0,0,0,0,0,0,0,0,0,0,0,na,1,0,0,0,0,0,0,0,0,0,0,0,1,4,6,2,3,0,0,0,0,0,0,0,0,0,0,0,0,0,0,0,0,0,0,0,0,0,0,0,7,0,62,0,0,0,0,0,0,0,0,0,0,0,0,0,0,,0,0,0,0,0,0,0,0,0,0,0,0,0,0,3,2,0,0,7,4,0,0,1,5,0,0,0,0,0,0,,0,0,0,0,0,0,0,0,0,0
TU,31146,79,Ictalurus punctatus,,,"Pearl R., 0.5 mi downstream from Richardson Ldg, 1.5 mi SE of Bogalusa",1963,6,23,Suttkus and Gunning,,,31146_01,SC DJB CJW,6/26/2024,NA,42,34,55.2,,,0,0,0,0,0,0,0,0,0,0,0,0,0,0,0,0,0,0,0,0,0,0,0,na,0,0,na,0,0,na,0,0,0,0,0,0,0,0,0,0,0,0,0,0,0,0,0,0,0,0,0,0,0,0,0,0,0,0,0,0,0,0,2,0,0,0,0,0,0,0,0,0,0,0,0,0,0,0,0,0,0,,0,0,0,0,0,0,0,0,0,0,0,0,0,0,0,0,0,0,0,0,0,0,0,0,0,0,0,0,0,0,,0,0,0,0,0,0,0,0,0,0
TU,159967,11,Ictalurus punctatus,,,Pearl River along left bank opposite Coburn Creek,1991,1,3,Suttkus and Caruso,,,159967_02,DJB GMC,6/26/2024,NA,69,51,175.4,,,0,0,0,0,0,0,0,0,0,0,0,0,0,0,0,0,0,0,0,0,0,0,2,na,0,0,0,0,0,0,0,0,0,0,0,0,0,0,0,0,0,0,0,0,0,0,0,0,0,0,0,0,0,0,0,0,0,0,0,0,0,0,0,0,19,0,0,0,0,0,0,0,0,0,0,0,0,0,0,0,0,,0,0,0,0,0,0,0,0,0,0,0,0,0,0,0,0,0,0,19,0,0,0,0,0,0,0,0,0,0,0,,0,0,0,0,0,0,0,0,0,0
TU,190279,17,Ictalurus punctatus,,,Pearl River along left bank opposite Coburn Creek,2000,1,8,RD and JS Suttkus,,,190279_02,SC DJB,6/26/2024,NA,59,45,117.7,,,0,0,0,0,0,0,1,0,0,0,0,0,0,0,0,0,0,0,0,0,0,0,0,na,0,0,na,0,0,na,0,0,0,0,0,0,0,0,0,0,0,0,0,0,0,0,0,0,0,0,0,0,0,0,0,0,0,0,0,0,0,0,0,0,0,0,0,0,0,0,0,0,0,0,0,0,0,0,0,0,0,,0,0,0,0,0,0,0,0,0,0,0,0,0,0,0,0,0,0,0,0,0,0,0,0,0,0,0,0,0,0,,0,0,0,0,0,0,0,0,0,0
TU,157229,10,Ictalurus punctatus,,,Pearl River along left bank opposite Coburn Creek,1990,1,25,Suttkus and Casruso,,,157299_01,JT DJB KL,6/26/2024,NA,98,70,511,Mottled liver,,0,0,0,0,0,0,0,0,0,0,0,0,0,0,0,0,0,0,0,0,0,0,0,NA,0,0,0,0,0,0,0,0,0,0,0,0,0,0,0,0,0,0,0,0,0,0,0,0,0,2,0,0,0,0,0,0,0,0,0,0,0,0,2,0,1,0,0,0,0,0,0,0,0,0,0,0,0,0,0,0,0,,0,0,0,0,0,0,0,2,0,0,0,0,0,0,0,0,0,0,0,0,0,0,0,0,0,0,0,0,0,0,,0,0,0,0,0,0,0,0,0,0
TU,108482,95,Ictalurus punctatus,,,Pearl River along right bank between Coburn + Bogalusa Creek; 1.5mi E of Bogalusa,1978,7,19,Suttkus and Sorensen,,,108482_01,DJB GMC,6/26/2024,NA,49,42,126.3,Selecting from 83 due to size,,0,0,0,0,0,0,0,0,0,0,0,0,0,0,0,0,0,0,0,0,0,0,0,na,0,0,0,0,0,0,0,0,0,0,0,0,0,0,0,0,0,0,0,0,0,0,0,0,0,0,0,0,0,0,0,0,0,0,0,0,0,0,0,0,26,0,0,0,0,0,0,0,0,0,0,0,0,0,0,0,0,,0,0,0,0,0,0,0,0,0,0,0,0,0,0,0,0,0,0,26,0,0,0,0,0,0,0,0,0,0,0,,0,0,0,0,0,0,0,0,0,0
TU,108482,95,Ictalurus punctatus,,,Pearl River along right bank between Coburn + Bogalusa Creek; 1.5mi E of Bogalusa,1978,7,19,Suttkus and Sorensen,,,108482_02,SC DJB KL,6/26/2024,NA,48,37,69.4,Selecting from 83 due to size,,0,0,0,0,0,0,0,0,0,0,0,0,0,0,0,0,0,0,0,0,0,0,0,na,0,0,0,0,0,0,0,0,0,0,0,0,0,0,0,,0,0,0,0,1,0,0,0,0,0,11,0,0,0,0,0,0,0,0,0,0,0,0,0,2,0,0,0,0,0,0,0,0,0,0,0,0,0,0,0,0,,0,0,0,0,1,0,0,0,11,0,0,0,0,0,0,0,0,0,2,0,0,0,0,0,0,0,0,0,0,0,,0,0,0,0,0,0,0,0,0,0
TU,182143,4,Ictalurus punctatus,,,Pearl River along right bank at River Mile 54,1997,1,4,RD and JS Suttkus,,,182143_01,SC CLW,6/24/2024,NA,100,76,545,"Mottled liver, lumpy spleen",,0,0,0,0,,0,0,0,0,0,0,0,0,0,0,0,0,0,0,0,0,0,0,na,0,0,0,na,0,na,0,0,0,0,0,0,0,0,0,0,0,0,0,0,0,0,0,0,1,0,0,0,0,0,0,0,0,0,0,0,0,0,6,0,0,0,0,0,0,0,0,0,0,0,0,0,0,0,0,0,0,,0,0,0,0,0,0,0,0,0,0,0,0,0,0,0,0,0,0,0,1,0,0,0,0,0,0,0,0,0,0,,0,0,0,0,0,0,0,0,0,0
TU,109076,64,Ictalurus punctatus,,,Pearl river along left bank just above Coburn Creek; 1.5 mi E of Bogalusa,1978,8,29,Suttkus and Rohmann,,,109076_01,SC DJB CJW,6/27/2024,NA,67,50,203.8,,,0,0,0,0,0,0,0,0,0,0,0,0,0,0,0,0,0,0,0,0,0,0,0,0,0,0,na,0,0,0,0,0,0,0,0,0,0,0,0,0,0,0,0,0,0,0,0,0,0,0,0,0,0,0,0,0,0,0,0,0,0,0,0,0,2,0,0,0,0,0,0,0,0,0,0,0,0,0,0,0,0,,0,0,0,0,0,0,0,0,0,0,0,0,0,0,0,0,0,0,2,0,0,0,0,0,0,0,0,0,0,0,,0,0,0,0,0,0,0,0,0,0
TU,190279,17,Ictalurus punctatus,,,Pearl River along left bank opposite Coburn Creek1,2000,1,8,RD and JS Suttkus ,,,190279_01,DJB DJB/  GMC,6/27/2024,NA,114,81,876.2,,,0,0,0,0,0,0,0,0,0,0,0,0,0,0,0,0,0,0,0,0,0,0,0,0,0,0,0,0,0,0,0,0,0,0,0,0,0,0,0,0,0,0,0,0,0,0,0,0,0,1,0,0,0,0,0,0,0,0,0,0,0,0,0,0,0,0,0,0,0,0,0,0,0,0,0,0,0,0,0,0,0,,0,0,0,0,0,0,0,1,0,0,0,0,0,0,0,0,0,0,0,0,0,0,0,0,0,0,0,0,0,0,,0,0,0,0,0,0,0,0,0,0
TU,31146,79,Ictalurus punctatus,,,"Pearl R., 0.5 mi downstream from Richardson Ldg, 1.5 mi SE of Bogalusa",1963,6,23,Suttkus and Gunning,,,31146_02,DJB CJW,6/27/2024,NA,44,34,60.9,,,0,0,0,0,0,0,0,0,0,0,0,0,0,0,0,0,0,0,0,0,0,0,0,na,0,0,na,0,0,na,0,0,0,0,0,0,0,0,0,0,0,0,0,0,0,0,0,0,0,0,0,0,0,0,0,0,0,0,0,0,0,0,0,0,0,0,0,0,0,0,0,0,0,0,0,0,0,0,0,0,0,,0,0,0,0,0,0,0,0,0,0,0,0,0,0,0,0,0,0,0,0,0,0,0,0,0,0,0,0,0,0,,0,0,0,0,0,0,0,0,0,0
TU,157299,10,Ictalurus punctatus,,,Pearl River along left bank opposite Coburn Creek,1990,1,25,Suttkus and Gunning,,,157299_02,SC DJB DMDM,6/27/2024,NA,84,65,272.5,CYST.NEH present in caudal and dorsal fins,,0,0,0,0,0,0,0,0,0,0,0,0,0,0,0,0,0,0,0,0,0,0,0,na,0,0,0,0,0,0,0,0,0,0,0,0,0,0,0,0,0,0,0,0,0,0,0,0,0,0,0,0,0,0,0,0,0,0,0,0,0,0,0,0,1,0,14,0,0,0,0,0,0,0,0,0,0,0,0,0,0,,0,0,0,0,0,0,0,0,0,0,0,0,0,0,0,0,0,0,1,0,0,0,0,13,0,0,0,0,0,0,,0,0,0,0,0,0,0,0,0,0
TU,157316,12,Ictalurus punctatus,,,Pearl River along bank 0.5 mile below Richardson Ldg,1990,1,25,Suttkus and Caruso,,,157316_02,IJ DJB/ KL ,6/27/2024,MA,40,38,719,,,0,0,0,0,0,0,0,0,0,0,0,0,0,0,0,0,0,0,0,0,0,0,0,na,0,0,0,0,0,0,0,0,0,0,0,0,0,0,0,0,0,0,0,0,0,0,0,0,0,0,0,0,0,0,0,0,0,0,0,0,0,0,0,0,3,0,0,0,0,0,0,0,0,0,0,0,0,0,0,0,0,,0,0,0,0,0,0,0,0,0,0,0,0,0,0,0,0,0,0,2,0,0,0,0,0,0,0,0,0,0,0,,0,0,0,0,0,0,0,0,0,0
TU,160020,67,Ictalurus punctatus,,,"Pearl River along left bank just above pools Bluff Sill, 4mi S of Bogalusa",1991,1,3,Suttkus and Caruso,,,160020_02,IJ SC GMC,6/27/2024,NA,72,61,287.2,,,0,0,0,0,0,0,0,0,0,0,0,0,0,0,0,0,0,0,0,0,0,0,0,na,0,0,0,0,0,0,0,0,0,0,0,0,0,0,0,0,0,0,0,0,0,0,0,0,0,0,0,0,0,0,0,0,0,0,0,0,0,0,0,0,3,0,3,0,0,0,0,0,0,0,0,0,0,0,0,0,0,,0,0,0,0,0,0,0,0,0,0,0,0,0,0,0,0,0,0,3,0,0,0,0,3,0,0,0,0,0,0,,0,0,0,0,0,0,0,0,0,0
TU,79538,15,Ictalurus punctatus,,,Pearl Riverat sand bar 0.5 mi below Richardson Landing,1972,7,12,Thompson and Cashner,,,79538_01,IJ SC CJW,6/27/2024,NA,79,63,395.6,Only 14 viable,,0,0,0,0,0,0,0,0,0,0,0,0,0,0,0,0,0,0,0,0,0,0,0,na,0,0,na,0,0,na,0,0,0,0,0,0,0,0,0,0,0,0,0,0,0,0,0,0,0,0,0,0,0,0,0,0,0,0,0,0,0,0,0,0,0,0,0,0,0,0,0,0,0,0,0,0,0,0,0,0,0,,0,0,0,0,0,0,0,0,0,0,0,0,0,0,0,0,0,0,0,0,0,0,0,0,0,0,0,0,0,0,,0,0,0,0,0,0,0,0,0,0
TU,109076,64,Ictalurus punctatus,,,Pearl River along left bank just above just anove Coburn Creek; 1.5 mi E of Bogalusa,1978,8,29,Suttkus and Rohmann,,,109076_02,DJB CJW,6/27/2024,NA,61,46,132.8,Modeld liver; CYST. NEH in fins,,0,0,0,0,0,0,0,0,0,0,0,0,0,0,0,0,0,0,0,0,0,0,0,na,0,0,0,0,0,0,0,0,0,0,0,0,0,0,0,0,0,0,0,0,0,0,0,0,0,0,0,0,0,0,0,0,0,0,0,0,0,0,0,0,1,0,0,0,0,0,0,0,0,0,0,0,0,0,0,0,0,,0,0,0,0,0,0,0,0,0,0,0,0,0,0,0,0,0,0,1,0,0,0,0,0,0,0,0,0,0,0,,0,0,0,0,0,0,0,0,0,0
TU,31808,9,Ictalurus punctatus,,,"Pearl R., just below dam at Pools bluff, 4 mi S Bogalusa",1963,11,14-15,Gunning and Shireman,,,31808_01,DJB SC CJW,6/27/2024,NA,129,97,1415.1,Only 3 viable due to size/ Small cut on the side/ mottled liver,,0,0,0,0,0,0,0,0,0,0,0,0,0,0,0,0,0,0,0,0,0,0,0,na,0,0,0,0,0,na,0,0,0,0,0,0,0,0,0,0,0,0,0,0,0,0,0,0,0,0,0,0,0,0,0,0,0,0,0,0,0,0,3,0,0,0,0,0,0,0,0,0,0,0,0,0,0,0,0,0,0,,0,0,0,0,0,0,0,0,0,0,0,0,0,0,0,0,0,0,0,0,0,0,0,0,0,0,0,0,0,0,,0,0,0,0,0,0,0,0,0,0
TU,108551,20,Ictalurus punctatus,,,Pearl River along left bank just below sill at Pools Bluff/ 4 mi South of Bogulusa,1978,7,19,Suttkus and Sorenson,,,108551_02,SC DJB KL,6/26/2024,NA,77,61,278.8,Liver is mottled,,0,0,0,0,0,0,0,0,0,0,0,0,0,0,0,0,0,0,0,0,0,0,0,na,0,0,0,0,0,0,0,0,0,0,0,0,0,0,0,0,0,0,0,0,9,0,0,0,0,0,0,0,0,0,0,0,0,0,0,0,0,0,0,0,3,0,0,0,0,0,0,0,0,0,0,0,0,0,0,0,0,,0,0,0,0,0,0,0,0,0,0,0,0,0,0,0,0,0,0,3,0,0,0,0,0,0,0,0,0,0,0,,0,0,0,0,0,0,0,0,0,0
TU,68158,10,Ictalurus punctatus,,,Pearl River just below Coburn Creek; 1.5 mi E. of Bogalusa,1971,1,25,Suttkus and Gunning,,,68158_02,IJ SC GMC,6/27/2024,NA,135,114,1843.6,9 viable in lot due to size (1 > 15cm),,0,0,0,0,0,0,0,0,0,0,0,0,0,0,0,0,0,0,0,0,0,0,0,0,0,0,0,0,0,0,0,0,0,0,0,0,0,0,1,0,0,0,0,0,0,0,0,0,0,0,0,0,0,0,0,0,0,0,0,0,0,0,0,0,2,0,0,0,0,0,0,0,0,0,0,0,0,0,0,0,0,,0,0,0,0,0,0,0,0,0,0,0,0,0,0,0,0,0,0,2,0,0,1,0,0,0,0,0,0,0,0,,0,0,0,0,0,0,0,0,0,0
TU,68158,10,Ictalurus punctatus,,,Pearl River just below Coburn Creek; 1.5 mi E. of Bogalusa,1971,1,25,Suttkus and Gunning,,,68158_01,JT SC DMDM,6/27/2024,NA,107,83,727.9,9 viable in lot due to size (1 > 15cm)/ mottled liver,,0,0,0,0,0,0,0,0,0,0,0,0,0,0,0,0,0,0,0,0,0,0,0,na,0,2,0,0,0,0,0,0,0,0,0,0,0,0,0,0,0,0,0,0,0,0,0,0,0,0,0,0,0,0,0,0,0,1,1,0,0,0,0,0,0,0,0,0,0,0,0,0,0,0,0,0,0,0,0,0,0,,0,0,0,0,0,0,0,0,0,0,0,0,0,0,0,0,0,0,4,0,0,2,0,0,1,1,0,0,0,0,,0,0,0,0,0,0,0,0,0,0
TU,108551,20,Ictalurus punctatus,,,Pearl River along left bank just below sill Pools Bluff;4 mi S or Bogalusa,1978,7,19,Suttkus and Sorenson ,,,108551_01,DJB DJB/CJW,6/27/2024,NA,78,58,297.4,Muddled Liver; discoloration on heart,,0,0,0,0,0,0,0,0,0,0,0,0,0,0,0,0,0,0,0,0,0,0,0,0,0,0,0,0,0,0,1,0,0,0,0,0,0,0,0,0,0,0,0,0,0,0,0,0,0,0,0,0,0,0,0,0,0,0,0,0,0,0,0,0,4,0,1,0,0,0,0,0,0,0,0,0,0,0,0,0,0,,0,0,0,0,0,0,0,0,0,0,0,0,0,0,0,0,0,0,1,0,0,0,0,0,0,0,0,1,0,0,,0,0,0,0,0,0,0,0,0,0
TU,157316,12,Ictalurus punctatus,,,Pearl River along right bank 0.5 mi below Richardson Ldg,1990,1,25,Suttkus and Caruso,,,157316_01,JT DJB GMC,6/27/2024,NA,70,52,179.5,CYST.NEH present in caudal fin,,0,0,0,0,0,0,0,0,0,0,0,0,0,0,0,0,0,0,0,0,0,0,0,na,0,0,0,0,0,0,0,0,0,0,0,2,0,0,0,0,0,1,0,1,1,1,1,1,1,1,2,0,0,0,0,0,0,0,0,0,0,0,0,0,1,0,0,0,0,0,0,0,0,0,0,0,0,0,0,0,0,,0,0,0,0,0,0,0,0,2,1,0,0,0,0,0,0,0,0,1,0,0,0,0,0,0,0,2,1,0,0,,0,0,0,0,0,0,0,0,0,0
TU,124399,27,Ictalurus punctatus,,,Pearl River alon left bank just above Coburn Creek,1982,1,28,Suttkus and Rohmann,,,124399_02,JT SC KL,6/27/2024,NA,74,54,220,,,0,0,0,0,0,0,0,0,0,0,0,0,0,0,0,0,0,0,0,0,0,0,0,na,0,0,0,0,0,0,0,0,0,0,0,0,0,0,0,0,0,0,0,0,0,0,0,0,0,0,0,0,0,0,0,0,0,0,0,0,0,0,0,0,1,0,0,0,0,0,0,0,0,0,0,0,0,0,0,1,1,,0,0,0,0,0,0,0,0,0,0,0,0,0,0,0,0,0,1,1,0,0,0,0,0,0,0,0,0,1,0,,0,0,0,0,0,0,0,0,0,0
TU,136244,15,Ictalurus punctatus,,,Pearl River along left bank at River mile 54,1984,7,17,Suttkus and Inaw,,,136244_01,DJB GMC,6/27/2024,NA,139,104,1568.1,Randomly selecting from 11 fish. 3 specimens  above 150mm and 1 specimen is damaged. Specimen has mottled liver.,,0,0,0,0,0,0,0,0,0,0,0,0,0,0,0,0,0,0,0,0,0,0,0,0,0,0,0,0,0,0,0,0,0,0,0,0,0,0,0,0,0,0,0,0,0,0,0,0,0,1,0,0,0,0,0,0,0,0,0,0,0,0,0,0,2,0,0,0,0,0,0,0,0,0,0,0,0,0,0,0,0,,0,0,0,0,0,0,0,1,0,0,0,0,0,0,0,0,0,0,2,0,0,0,0,0,0,0,0,0,0,0,,0,0,0,0,0,0,0,0,0,0
TU,160020,67,Ictalurus punctatus,,,Pearl River along left bank just above pools bluff sill,1991,1,3,Suttkus and Caruso,,,160020_01,DJB GMC,6/27/2024,NA,80,58,312,,,0,0,0,0,0,0,0,0,0,0,0,0,0,0,0,0,0,0,0,0,0,0,2,0,0,0,0,0,0,0,0,0,0,0,0,0,0,0,0,0,0,0,0,0,0,0,0,0,0,2,0,0,0,0,0,0,0,0,0,0,0,0,0,0,6,0,0,0,0,0,0,0,0,0,0,0,0,0,0,0,0,,0,0,0,0,0,0,0,2,0,0,0,0,0,0,0,0,0,0,6,0,0,0,0,0,0,0,0,0,0,0,,0,0,0,0,0,0,0,0,0,0
TU,124399,27,Ictalurus punctatus,,,Pearl River along left bank just above Coburn Creek ,1982,1,28,Suttkus and Rohmann,,,124399_01,DJB KL,6/27/2024,NA,93,67,506.3,Mottled liver,,0,0,0,0,0,0,0,0,0,0,0,0,0,0,0,0,0,0,0,0,0,0,0,na,0,0,0,0,0,0,0,0,0,0,0,0,0,0,0,0,0,0,0,0,0,0,0,0,0,8,0,0,0,0,0,0,0,0,0,2,0,3,0,0,0,0,0,0,0,0,0,0,0,0,0,0,0,0,0,0,0,,0,0,0,0,0,0,0,8,0,0,0,0,0,0,0,0,0,0,0,0,0,0,2,0,0,0,0,0,0,0,,0,0,0,0,0,0,0,0,0,0
TU,59446,10,Ictalurus punctatus,,,"Pearl River between mouth of Coburn and Bogalusa Creek, 1.5 mi E of Bogalusa",1969,10,28,Suttkus and Gunning,,,59446_01,IJ SC KL,6/27/2024,NA,77,56,304.8,Mottled liver,,0,0,0,0,0,0,0,0,0,0,0,0,0,0,0,1,0,1,0,0,0,0,0,na,0,0,0,0,0,0,0,0,0,0,0,0,0,0,0,0,0,0,0,0,0,0,0,0,0,0,0,0,0,0,0,0,0,0,0,0,0,1,0,0,0,0,0,0,0,0,0,0,0,0,0,0,0,0,0,0,0,,0,0,0,0,0,0,0,0,0,0,0,1,0,0,0,0,0,0,0,0,0,0,0,1,0,0,0,0,0,0,,0,0,0,0,0,0,0,0,0,0
TU,97015,56,Ictalurus punctatus,,,Pearl River at River Mile 54; 2.3 mi SE of Bogalusa,1976,1,22,Gunning and Heins,,,97015_01,IJ JT DMDM,6/27/2024,NA,70,50,240,,,0,0,0,0,0,0,0,0,0,0,0,0,0,0,0,0,0,0,0,0,0,0,0,na,0,0,0,0,0,0,0,0,0,0,0,0,0,0,0,0,0,0,0,0,0,0,0,0,0,0,0,0,0,0,0,0,0,0,0,0,0,0,0,0,2,0,0,0,0,0,0,0,0,0,0,0,0,0,0,0,0,,0,0,0,0,0,0,0,0,0,0,0,0,0,0,0,0,0,0,2,0,0,0,0,0,0,0,0,0,0,0,,0,0,0,0,0,0,0,0,0,0
TU,79538,15,Ictalurus punctatus,,,Pearl River at sand bar approx. 0.5 mi below Richardson Landing,1972,7,12,Thompson and Cashner,,,79538_02,JT SC GMC,6/27/2024,NA,52,41,82.2,14 viable,,0,0,0,0,0,0,0,0,0,0,0,0,0,0,0,0,0,0,0,0,0,0,0,na,0,0,na,0,0,0,0,0,0,0,0,0,0,0,0,0,0,0,0,0,0,0,0,0,0,0,0,0,1,0,0,0,0,0,0,0,0,0,0,0,0,0,0,0,0,0,0,0,0,0,0,0,0,0,0,0,0,,0,0,0,0,0,0,0,0,0,0,0,0,1,0,0,0,0,0,0,0,0,0,0,0,0,0,0,0,0,0,,0,0,0,0,0,0,0,0,0,0
TU,31808,9,Ictalurus punctatus,,,"Pearl R., just below dam at Pools bluff, 4 mi S Bogalusa",1963,11,14-15,Gunning and Shireman,,,31808_02,IJ SC KL,6/27/2024,NA,125,92,1423.4,"Only 3 viable due to size, Mottled liver",,0,0,0,0,0,0,0,0,0,0,0,0,0,0,0,0,0,0,0,0,0,0,0,na,0,0,0,0,0,0,0,0,0,0,0,0,0,0,0,0,0,0,0,0,0,0,0,0,0,0,0,2,1,0,0,0,0,0,0,0,0,0,0,0,1,0,0,1,0,0,0,0,0,0,0,0,0,0,0,0,0,,0,0,0,0,0,0,0,0,0,0,0,0,1,0,0,0,0,0,0,0,0,0,0,0,0,0,0,0,0,1,,0,0,0,0,0,0,0,0,0,0
TU,59446,10,Ictalurus punctatus,,,"Pearl River between mouth of Coburn and Bogalusa Creek, 1.5 mi E of Bogalusa",1969,10,28,Suttkus and Gunning,,,59446_02,JT SC,6/27/2024,NA,96,71,516.9,,,0,0,0,0,0,0,0,0,0,0,0,0,0,0,0,0,0,0,0,0,0,0,0,na,0,0,0,0,0,0,0,0,0,0,0,0,0,0,0,0,0,0,0,0,0,0,0,0,0,0,0,0,0,0,0,0,0,0,0,0,0,0,0,0,0,0,0,0,0,0,0,0,0,0,0,0,0,0,0,0,0,,0,0,0,0,0,0,0,0,0,0,0,0,0,0,0,0,0,0,0,0,0,0,0,0,0,0,0,0,0,0,,0,0,0,0,0,0,0,0,0,0
TU,157351,4,Ictalurus punctatus,,,Pearl River along left bank just below pools Bluff Sill.,1990,1,25,Suttkus and Caruso,,,157351_02,DJB DMDM,6/27/2024,NA,127,95,1178.5,"2 of acanth.ostr were encapsulated in a thin cyst, CYST.NEH in anal fin",,0,0,0,0,0,0,0,0,0,0,0,0,0,0,0,0,0,0,0,0,0,0,0,na,0,0,0,0,0,0,1,0,0,0,0,0,0,0,0,0,0,0,2,0,0,0,0,0,0,0,0,0,0,0,0,0,0,0,0,0,0,0,0,0,4,0,0,0,0,0,0,0,0,0,0,0,0,0,0,0,0,,0,0,0,0,0,0,0,0,0,0,0,0,0,0,0,0,0,0,4,0,0,0,0,0,0,0,0,3,0,0,,0,0,0,0,0,0,0,0,0,0
TU,157351,4,Ictalurus punctatus,,,Pearl River along left bank just below pools Bluff Sill.,1990,1,25,Suttkus and Caruso,,,157351_01,SC KL,6/27/2024,NA,108,80,NA,,,0,0,0,0,0,0,0,0,0,0,0,0,0,0,0,0,0,0,0,0,0,0,0,na,0,0,0,0,0,0,1,0,0,0,0,0,0,0,0,0,0,0,0,0,0,0,0,0,0,0,0,0,0,0,0,0,0,0,0,0,0,0,0,0,2,0,0,0,0,0,0,0,0,0,0,0,0,0,0,0,0,,0,0,0,0,0,0,0,0,0,0,0,0,0,0,0,0,0,0,2,0,0,0,0,0,0,0,0,1,0,0,,0,0,0,0,0,0,0,0,0,0
TU,62099,69,Ictalurus punctatus,,,Pearl River just above Coburn Creek 1.6mi E of Bogalusa,1970,4,21,Suttkus and Gunning,,,62099_02,SC DJB,6/27/2024,NA,77,62,"303,4",,,0,0,0,0,0,0,0,0,0,0,0,0,0,0,0,0,0,0,0,0,0,0,0,na,0,0,0,0,0,0,0,0,0,0,0,0,0,0,0,1,0,0,0,0,0,0,0,0,0,0,0,0,0,0,0,0,0,0,0,0,0,0,5,0,4,0,0,0,0,0,0,0,0,0,0,0,0,0,0,0,0,,0,0,0,0,0,0,0,0,0,0,0,0,0,0,1,0,0,0,4,1,0,0,0,0,0,0,0,0,0,0,,0,0,0,0,0,0,0,0,0,0
TU,115142,113,Ictalurus punctatus,,,Pearl River along right bank between Coburn and Bogulusa Creek,1979,10,24,Suttkus and Gunning ,,,115142_01,IJ DHB.SC ,6/27/2024,NA,81,60,372.7,,,0,0,0,0,0,0,0,0,0,0,0,0,0,0,0,0,0,0,0,0,0,0,0,na,0,0,na,0,0,na,0,0,0,0,0,0,0,0,0,0,0,0,6,0,0,0,0,0,0,0,0,0,0,0,0,0,0,0,0,0,1,0,0,0,0,0,0,0,0,0,0,0,0,0,0,0,0,0,0,0,0,,0,0,0,0,0,0,0,0,0,0,0,0,0,0,0,0,0,0,0,0,0,0,0,0,0,0,1,6,0,0,,0,0,0,0,0,0,0,0,0,0
TU,115142,113,Ictalurus punctatus,,,Pearl River along right bank between Coburn and Bogulusa Creek,1979,10,24,Suttkus and Gunning,,,1152142_02,SC JT KL,6/27/2024,NA,74,61,276.4,,,0,0,0,0,0,0,0,0,0,0,0,0,0,0,0,0,0,0,0,0,0,0,0,na,0,0,0,0,0,0,0,0,0,0,0,0,1,0,0,0,0,0,0,0,0,0,0,0,0,0,0,0,0,0,0,0,0,0,0,0,0,0,0,0,0,0,0,0,0,0,0,0,0,0,0,0,0,0,0,0,11,,0,0,0,0,0,0,0,0,0,0,0,0,0,0,0,0,0,11,0,0,0,0,0,0,0,0,0,0,0,0,,0,0,0,0,0,0,0,0,0,0
TU,136244,15,Ictalurus punctatus,,,"11 viable in lot, 3 over 15 cm, 1 with broken skin",1984,7,17,Suttkus and Inaw,,,136244_02,IJ SC CJW,6/27/2024,NA,127,88,1059.9,"11 viable in lot, 3 over 15 cm, 1 with broken skin",,0,0,0,0,0,0,0,0,0,0,0,0,0,0,0,0,0,0,0,0,0,0,0,0,0,0,0,0,0,0,0,0,0,0,0,0,148,0,0,0,0,0,0,1,0,0,2,0,0,0,0,0,0,0,0,0,0,0,0,0,0,0,4,0,0,0,0,0,0,0,0,0,0,0,0,0,0,0,0,0,0,,0,0,1,0,0,2,0,0,0,0,0,0,0,0,0,0,0,0,0,1,0,0,148,0,0,0,0,0,0,0,,0,0,0,0,0,0,0,0,0,0
TU,97015,56,Ictalurus punctatus,,,Pearl River at mile 54; 2.4 mi SE of Bogulusa,1976,1,22,Gunning and Heins ,,,97015_02,JT DMDM,6/27/2024,NA,80,60,310.5,CYST.UNK in caudal fin was lost :(,,0,0,0,0,0,0,0,0,0,0,0,0,0,0,0,0,0,0,1,0,0,0,0,na,0,0,0,0,0,0,0,0,0,0,0,0,0,0,0,0,0,0,0,0,0,0,0,0,0,0,0,0,0,0,0,0,0,0,0,0,0,0,0,0,1,0,0,0,0,0,0,0,0,0,0,0,0,0,0,0,0,,0,0,0,0,0,0,0,0,0,0,0,0,0,0,0,0,0,0,1,0,0,0,0,0,0,0,0,0,0,0,,0,0,0,0,0,0,0,0,0,0
TU,62094,69,Ictalurus punctatus,,,Pearl River just above Coburn Creek; 1.5 miles E  of Bogulusa,1970,4,21,Suttkus and Gunning,,,62094_01,SC DMDM ,6/27/2024,NA,75,63,336.4,"CYST.NEH was present in anal fin, caudal fin, dorsal fin and was not vouchered",,0,0,0,0,0,0,0,0,0,0,0,0,0,0,0,0,0,0,0,0,0,0,0,na,0,0,0,0,0,0,0,0,0,0,0,0,0,0,0,0,0,0,0,0,0,0,0,0,0,0,0,0,0,0,0,0,0,0,0,0,0,0,3,0,2,0,0,0,0,0,0,0,0,0,0,0,0,0,0,0,0,,0,0,0,0,0,0,0,0,0,0,0,0,0,0,0,0,0,0,0,0,0,0,0,0,0,0,0,0,0,0,,0,0,0,0,0,0,0,0,0,0