InstitutionCode,CatalogNumber,IndividualCount,ScientificName,Latitude,Longitude,Locality,YearCollected,MonthCollected,DayCollected,Collector,CI,decade,IndividualFishID,Dissector,DissectionDate,Sex,TotalLength_mm,StandardLength_mm,weight_mg,Date_Datasheet_Completed,NotesOnSpecimenPriorToDissection,ParasitesFound,CYST.SAC.Skin,cyst.unkn.skin,TREM.META_4.SKIN,MYX.ROUND.skin,BuccalCavity,BodyCavity,TREM.LARV.PectoralFin,TREM.SMLARV.PECTORALFIN,CYST.UNKN.PECTORALFIN,CYST.UNKN.PelvicFin,TREM.LARV.AnalFin,trem.larv.CaudalFin,CYST.UNK.ANALFIN,CYST.UNK.CAUDALFIN,TREM.META.CAUDALFIN,TREM.META.PELVICFIN,TREM.LARV.DorsalFin,CYST.UNKN.DORSALFIN,TREM.META.GONAD,nem.cystL.Liver,CYST.UNKN.LIVER,TREM.META.LIVER,Spleen,TREM.META.Kidney,CYST.UNK.Kidney,TREM.META.EYE,TREM.META_4.EYE,TREM.META_5.EYE,TREM.META_6.Eye,TREM.META_7.EYE,TREM.META.8.EYE,TREM.CYST.EYE,Heart,Stomach,NEM.CYST.CONNECTIVETISSUE,TREM.CYST.CONNECTIVETISSUE,TREM.META.CONNECTIVETISSUE,TREM.META_2.CONNECTIVETISSUES,TREM.META_3.CONNECTIVETISSUES,TREM.META_9.CONNECTIVETISSUE,CYST.UNKN.ConnectiveTissue,NEM.CAP.INTESTINE,NEM.BRAN.INTESTINE,NEM.TFS.INTESTINE,NEM.SPKY.INTESTINE,NEM.CYST.Intestine,NEM.UNKN.INTESTINE,CEST.LVS.INTESTINE,cest.tri.intestine,CEST.HYD.INTESTINE,CEST.CYRC.INTESTINE,CEST.COMP.INTESTINE,TREM.L.INTESTINE,TREM.GB.INTESTINE,UNK.SPK.INTESTINE,UNK.GC.INTESTINE,MONO.NA.Gill,MONO.DACT.GILL,MONO.BULL.GILL,MONO.UNKN.GILL,TREM.META.GILL,TREM.META_4.GILL,TREM.CYST.GILL,COPE.A.GILL,CYST.UNK.GILL,MYX.SP.GILL,TREM.META.FLUSH,TREM.META_1.FLUSH,TREM.CYST.FLUSH,MONO.BULL.FLUSH,NEM.BRAN.FLUSH,NEM.TWAS.FLUSH,NEM.CAP.VOUCH,NEM.BRAN.VOUCH,NEM.TFS.VOUCH,NEM.SPKY.VOUCH,NEM.CYST.VOUCH,NEM.CYSTL.VOUCH,NEM.TWAS.VOUCH,NEM.UNKN.VOUCH,CEST.LVS.VOUCH,CEST.TRI.VOUCH,CEST.HYD.VOUCH,CEST.CURC.VOUCH,CEST.COMP.VOUCH,TREM.GB.VOUCH,TREM.META_1.VOUCH,TREM.META_2.VOUCH,TREM.META_3.VOUCH,TREM.META_4.VOUCH,TREM.META_5.VOUCH,TREM.META_6.VOUCH,TREM.META_7.VOUCH,TREM.META_9.VOUCH,TREM.META.CAUDALFIN.vouch,TREM.META.PELFIN.vouch,TREM.META.LIVER.vouch,TREM.META.EYE.vouch,TREM.META.KIDNEY.vouch,TREM.META.GONAD.vouch,TREM.META.CONNECTIVETISSUE.vouch,TREM.META.GILL.vouch,TREM.META.FLUSH.vouch,TREM.CYST.VOUCH,TREM.SMLARV.VOUCH,TREM.LARV.FIN.VOUCH,MONO.NA.VOUCH,MONO.DACT.VOUCH,MONO.BULL.VOUCH,MONO.UNKN.VOUCH,COPE.A.VOUCH,MYX.SP.VOUCH,MYX.ROUND.VOUCH,CYST.UNKN.VOUCH,UNK.SPK.VOUCH,UNK.GC.VOUCH,ParasitesmMounted,NEM.CAP.MOUNT,NEM.TFS.MOUNT,NEM.CYST.MOUNT,NEM.CYSTL.MOUNT,NEM.UNKN.MOUNT,CEST.LVS.MOUNT,CEST.HYD.MOUNT,CEST.CURC.MOUNT,CEST.COMP.MOUNT,TREM.GB.MOUNT,TREM.META_1.MOUNT,TREM.META_2.MOUNT,TREM.META_3.MOUNT,TREM.META_4.MOUNT,TREM.META_5.MOUNT,TREM.META_6.MOUNT,TREM.META_7.MOUNT,TREM.META_9.MOUNT,TREM.CYST.MOUNT,TREM.SMLARV.MOUNT,TREM.LARV.FIN.MOUNT,MONO.NA.MOUNT,MONO.BULL.MOUNT,MONO.UNKN.MOUNT,COPE.A.MOUNT,MYX.SP.MOUNT,CYST.UNKN.MOUNT,UNK.SPK.MOUNT,UNK.GC.MOUNT
TU,49057,44,Notropis atherinoides,30.70222,-89.84417,Pearl River just below sill at Pools Bluff; 4 mi. S of Bogalusa.,1967,12,7,"R.D. Suttkus , Laska & Suttkus",impact,1964-1973,49057_01,kl,07/15/2023,na,87,72,,,,,0,0,0,0,0,0,0,0,0,0,0,2,0,0,0,0,0,0,0,0,0,0,0,0,0,0,0,0,0,0,0,0,0,0,0,NA,0,0,0,0,39,0,0,0,0,0,0,0,0,0,0,0,0,0,0,0,0,0,0,0,0,0,0,0,0,0,0,0,0,0,0,0,0,0,0,0,0,0,0,0,0,0,0,0,0,0,0,0,0,0,0,0,0,0,0,,0,0,0,0,0,0,0,0,0,0,0,0,0,0,0,0,0,39,0,0,,,,,,,,,,,,,,,,,,,,,,,,,,,,,,
TU,49057,44,Notropis atherinoides,30.70222,-89.84417,Pearl River just below sill at Pools Bluff; 4 mi. S of Bogalusa.,1967,12,7,"R.D. Suttkus , Laska & Suttkus",impact,1964-1973,49057_02,KL,07/15/2023,NA,78,65,,,,,0,0,0,0,0,0,0,0,0,0,0,1,0,0,0,0,0,0,0,0,0,0,0,0,0,0,0,0,0,0,0,0,0,0,0,NA,0,0,0,0,0,0,0,0,0,0,0,0,0,0,0,0,0,0,0,0,0,0,0,0,0,0,0,0,0,0,0,0,0,0,0,0,0,0,0,0,0,0,0,0,0,0,0,0,0,0,0,0,0,0,0,0,0,0,0,,0,0,0,0,0,0,0,0,0,0,0,0,0,0,0,0,0,0,0,0,,,,,,,,,,,,,,,,,,,,,,,,,,,,,,
TU,106306,25,Notropis atherinoides,,,,1978,3,23,Gunning and Rohmann,,,106306_02,sd dd,02/06/2024,F,64,51,,,,,0,0,0,0,0,0,0,0,0,0,0,0,0,0,0,0,0,0,0,1,0,0,0,0,0,0,0,0,1,0,0,0,0,0,0,NA,0,0,0,0,0,0,0,0,0,1,0,0,0,0,0,0,0,0,0,0,3,0,0,0,0,0,0,0,0,1,0,0,0,0,0,0,0,0,0,0,1,1,0,0,0,0,0,0,0,0,0,0,0,0,0,1,0,0,0,,0,0,0,0,0,0,0,0,0,0,3,0,0,0,0,1,0,0,0,0,,,,,,,,,,,,,,,,,,,,,,,,,,,,,,
TU,106306,25,Notropis atherinoides,,,,1978,3,23,Gunning and Rohmann,,,106306_04,HT GC kl,02/12/2024,f,80,63,,,,,1,0,0,0,0,0,0,0,0,0,0,0,0,0,0,0,0,0,0,0,0,0,0,0,0,0,0,0,0,0,0,0,0,0,0,1,0,0,0,0,0,0,0,0,0,0,0,0,0,0,0,0,0,1,0,0,6,0,0,0,0,0,0,0,0,0,0,0,0,0,0,0,0,0,0,0,0,0,0,0,0,0,0,0,0,1,0,0,0,0,0,0,0,0,0,,0,0,0,0,0,0,0,1,0,0,6,0,0,0,0,0,0,0,0,0,,,,,,,,,,,,,,,,,,,,,,,3,,,,,,,
TU,106306,25,Notropis atherinoides,,,,1978,3,23,Gunning and Rohmann,,,106306_01,SD CJW KL,02/06/2024,na,74,58,,,,,0,0,0,0,0,0,0,0,0,0,0,0,0,0,0,0,0,0,na,0,0,0,0,0,0,0,0,0,0,0,0,0,0,0,0,0,0,0,0,0,0,0,0,1,0,0,0,0,0,0,0,0,0,1,33,0,8,0,0,0,0,0,0,0,0,0,0,0,0,0,0,0,0,0,1,0,0,0,0,0,0,0,0,0,0,1,0,0,0,0,0,0,0,0,0,,0,0,0,0,0,0,0,0,0,0,6,0,0,0,0,0,0,0,32,0,,,,,,,,,,,,,,,,,,,,,,,,,,,,,,
TU,106306,25,Notropis atherinoides,,,,1978,3,23,Gunning and Rohmann,,,106306_03,SD GMC,02/06/2024,F,84,70,,,,,0,0,0,0,0,0,0,0,0,0,0,0,0,0,0,0,0,0,0,0,0,0,0,0,0,0,0,0,0,0,0,0,0,0,0,0,0,0,0,0,0,0,0,0,0,0,0,1,0,0,0,0,0,1,0,0,5,0,0,1,0,0,0,0,0,0,0,0,0,0,0,0,0,0,0,0,0,0,0,0,1,0,0,0,0,1,0,0,0,0,0,0,0,0,0,,0,0,0,0,0,0,0,0,0,0,3,0,0,0,0,0,0,0,0,0,,,,,,,,,,,,,,,,,,,,,,,,,,,,,,
TU,31291,10,Notropis atherinoides,,,,1963,12,13,Suttkus and Gurring,,,31291_04,kl,01/31/2024,na,90,72,,,,,0,0,0,0,0,0,1,0,0,0,0,3,0,0,0,0,0,0,na,0,1,0,0,0,0,0,0,0,0,0,0,0,0,0,4,2,0,0,0,0,14,0,0,0,0,0,0,0,0,0,0,0,0,0,0,0,0,0,0,0,0,0,0,0,0,0,0,0,0,0,0,0,0,0,0,0,2,0,0,0,0,0,0,0,0,0,0,0,0,0,0,0,0,0,0,,0,0,0,0,0,0,0,0,0,0,0,0,0,0,0,0,0,0,0,0,,,,,,,,,,,,,,,,,,,,,,,,,,,,,,
TU,31291,10,Notropis atherinoides,,,,1963,12,13,Suttkus and Gurring,,,31291_01,HT DD,01/29/2024,NA,76,61,,,,,0,0,0,0,0,0,0,0,0,0,0,0,0,0,0,0,1,0,na,0,0,0,0,0,0,0,0,0,0,0,0,0,0,0,0,0,0,0,0,0,0,0,0,0,0,0,0,0,0,0,0,0,0,0,0,0,0,0,0,0,0,0,0,0,0,0,0,1,0,0,0,0,0,0,0,0,0,0,0,0,0,0,0,0,0,0,1,0,0,0,0,0,0,0,0,,0,0,0,0,0,0,0,0,0,0,0,0,0,0,0,0,0,0,0,0,,,,,,,,,,,,,,,,,,,,,,,,,,,,,,
TU,31291,10,Notropis atherinoides,,,,1963,12,13,Suttkus and Gurring,,,31291_03,HT GMC KL,01/29/2024,NA,87,70,,,,,0,0,0,0,0,0,0,0,0,0,2,7,0,0,0,0,2,0,0,0,0,0,0,0,0,0,0,0,0,0,0,0,0,0,0,1,0,1,0,0,0,0,0,0,0,0,0,0,0,0,0,0,0,0,0,0,1,0,0,1,0,0,0,0,0,0,0,0,0,0,0,0,0,0,0,0,0,0,0,0,0,0,0,0,0,0,0,1,0,0,0,0,0,0,0,,0,0,0,0,0,0,0,1,0,0,1,0,0,1,0,0,0,0,0,0,,,,,,,,,,,,,,,,,,,,,,,,,,,,,,
TU,31291,10,Notropis atherinoides,,,,1963,12,13,Suttkus and Gurring,,,31291_02,HT KL,01/29/2024,NA,80,66,,,,,0,0,0,0,0,0,0,157,0,0,1,2,0,0,0,0,3,0,0,0,0,0,0,0,0,0,0,0,0,0,0,0,0,0,0,0,0,0,0,0,0,0,0,0,0,0,0,0,0,0,0,0,1,0,0,0,0,0,0,0,0,0,0,1,0,0,0,0,0,0,0,0,0,0,0,0,0,0,0,0,0,0,0,0,0,0,0,0,0,0,0,0,0,0,0,,0,0,0,0,0,0,0,0,157,0,0,0,0,0,1,0,0,0,0,0,,,,,,,,,,,,,,,,,,,,,,,,,,,,,,
TU,118284,53,Notropis atherinoides,,,,1980,10,23,Suttkus and Gurring,,,118284_04,HT CJW KL,02/05/24,NA,67,50,,,,,0,0,0,0,0,0,0,0,0,0,0,0,0,0,0,0,0,0,na,0,0,0,0,0,0,0,0,0,0,0,0,0,0,0,0,0,0,0,2,0,0,0,0,0,0,0,0,0,0,0,0,0,0,0,0,0,3,0,0,0,0,0,0,0,0,0,0,0,0,0,0,0,0,0,0,0,0,0,0,0,0,0,0,0,0,0,0,0,2,0,0,0,0,0,0,,0,0,0,0,0,0,0,0,0,0,3,0,0,0,0,0,0,0,0,0,,,,,,,,,,,,,,,,,,,,,,,,,,,,,,
TU,118284,53,Notropis atherinoides,,,,1980,10,23,Suttkus and Gurring,,,118284_03,HT DD,02/05/24,NA,54,41,,,insect larva in gut,,0,0,0,0,0,0,0,0,0,0,0,0,0,0,0,0,0,0,0,0,0,0,0,0,0,0,0,0,0,0,0,0,0,0,0,0,0,0,0,0,0,0,0,0,0,0,0,0,0,0,0,0,0,0,0,0,8,0,0,0,0,0,0,0,0,0,0,0,0,0,0,0,0,0,0,0,0,0,0,0,0,0,0,0,0,0,0,0,0,0,0,0,0,0,0,,0,0,0,0,0,0,0,0,0,0,8,0,0,0,0,0,0,0,0,0,,,,,,,,,,,,,,,,,,,,,,,,,,,,,,
TU,118284,53,Notropis atherinoides,,,,1980,10,23,Suttkus and Gurring,,,118284_02,HT GC KL,02/05/24,NA,51,40,,,INSECTS,,0,0,0,0,0,0,0,0,0,0,0,0,0,0,0,0,0,0,0,0,0,0,0,0,0,0,0,0,0,0,0,0,0,0,0,2,0,0,0,0,0,0,0,0,0,0,0,1,0,0,0,0,0,0,0,0,3,0,0,0,0,0,0,0,0,0,0,0,0,0,0,0,0,0,0,0,0,0,0,0,1,0,0,0,0,0,0,0,0,0,0,0,0,0,0,,0,0,0,0,0,0,0,0,0,0,1,0,0,0,0,0,0,0,0,0,,,,,,,,,,,,,,,,,,,,,,,,,,,,,,
TU,118284,53,Notropis atherinoides,,,,1980,10,23,Suttkus and Gurring,,,118284_01,HT CJW,02/05/24,F,57,42,,,tardigrade-type animal perhaps,,0,0,0,0,0,0,0,0,0,0,0,1,0,0,0,0,0,0,0,0,0,0,0,0,0,0,0,0,0,0,0,0,0,0,0,0,0,0,0,0,0,0,0,0,0,0,0,0,0,0,0,5,0,0,0,0,0,0,1,0,0,0,0,0,0,4,0,0,1,0,0,0,0,0,0,0,0,0,0,0,0,0,0,0,3,0,0,0,0,0,0,0,0,0,0,,0,0,0,0,0,0,0,0,0,0,0,0,1,0,0,3,0,0,0,0,,,,,,,,,,,,,,,,,,,,,,,,,,,,,,
TU,192778,32,Notropis atherinoides,,,,2001,4,28,Suttkus and Dannemann,,,192778_02,HT KL,02/12/2024,F,87,67,,,,,0,0,0,0,0,0,1,0,0,0,0,4,0,0,0,0,0,0,0,0,0,0,0,0,0,0,0,0,0,0,0,0,0,0,0,0,0,0,0,0,0,0,0,0,0,0,0,0,0,0,0,0,0,0,0,0,22,0,0,0,0,0,0,0,0,0,0,0,0,0,0,0,0,0,0,0,0,0,0,0,0,0,0,0,0,0,0,0,0,0,0,0,0,0,0,,0,0,0,0,0,0,0,0,0,0,19,0,0,0,0,0,0,0,0,0,,,,,,,,,,,,,,,,,,,,,,,5,,,,,,,
TU,192778,32,Notropis atherinoides,,,,2001,4,28,Suttkus and Dannemann,,,192778_04,HT DD,02/12/2024,NA,68,54,,,,,0,0,0,0,0,0,0,0,0,0,0,1,0,0,0,0,1,0,0,0,0,0,0,0,0,0,0,0,0,0,0,0,0,0,0,0,0,0,0,0,0,0,0,0,0,0,0,0,0,0,0,0,0,0,0,0,7,0,3,0,0,0,0,0,0,0,0,0,0,0,0,0,0,0,0,0,0,0,0,0,0,0,0,0,0,0,0,0,0,0,0,0,0,0,0,,0,0,0,0,0,0,0,0,0,0,7,0,3,0,0,0,0,0,0,0,,,,,,,,,,,,,,,,,,,,,,,,,,,,,,
TU,192778,32,Notropis atherinoides,,,,2001,4,28,Suttkus and Dannemann,,,192778_03,HT KL,02/12/2024,F3,67,52,,,,,0,0,0,0,0,0,0,0,0,0,0,11,0,0,0,0,0,0,0,0,0,0,0,0,0,0,0,1,0,0,0,1,0,0,0,0,0,0,0,0,0,0,0,0,0,0,0,0,0,0,0,0,0,0,0,0,21,0,0,0,0,1,1,0,0,0,0,0,0,0,0,0,0,0,0,0,0,0,0,0,0,0,0,0,0,0,0,0,0,1,1,0,0,0,0,,0,0,0,0,0,0,0,0,0,0,21,0,0,0,0,0,0,0,0,0,,,,,,,,,,,,,,,,,,,,,,,,,,,,,,
TU,192778,32,Notropis atherinoides,,,,2001,4,28,Suttkus and Dannemann,,,192778_01,HT GMC,02/12/2024,f,64,49,,,,,0,0,1,0,0,0,0,0,0,0,3,7,0,0,0,0,0,0,0,0,0,0,0,0,0,0,1,0,0,0,0,1,0,0,0,0,0,0,0,0,0,2,0,0,0,0,0,0,0,0,0,0,0,0,0,0,12,0,1,0,0,0,0,0,0,0,0,0,0,0,0,0,2,0,0,0,0,0,0,0,0,0,0,0,0,0,0,0,0,1,1,0,0,0,0,,0,0,0,0,0,0,0,1,0,0,12,0,1,0,0,0,0,0,0,0,,,,,,,,,,,,,,,,,,,,,,,,,,,,,,
TU,49057,44,Notropis atherinoides,,,,1967,12,7,Suttkus Laska and Suttkus,,,49057_04,kl dd cjw,02/21/2024,na,73,57,,,,,0,0,0,0,0,0,0,0,0,0,0,1,0,0,0,0,0,0,0,0,0,0,0,0,0,0,0,0,0,2,0,0,0,0,0,0,0,0,0,0,0,0,0,0,0,0,0,0,0,1,0,0,0,0,0,0,0,0,0,0,0,0,0,0,0,2,0,0,0,0,0,0,0,0,0,0,0,0,0,0,0,0,1,0,0,0,0,0,0,0,0,0,2,0,0,,0,0,0,0,0,0,0,0,0,0,0,0,0,0,0,0,0,0,0,0,,,,,,,,,,,,,,,,,,,,,,,,,,,,,,
TU,41867,66,Notropis atherinoides,,,,1966,10,17,suttkus and gunning,,,41867_04,ht kl,02/26/24,m,52,39,,,,,0,0,0,0,0,0,0,0,0,0,0,0,0,0,0,0,0,0,0,0,0,0,0,0,0,0,0,0,0,0,0,0,0,0,0,0,0,0,0,0,0,0,0,0,0,0,0,0,0,0,0,0,0,0,0,0,0,0,0,0,0,0,0,0,0,4,0,0,0,0,0,0,0,0,0,0,0,0,0,0,0,0,0,0,0,0,0,0,0,0,0,0,0,0,0,,0,0,0,0,0,0,0,0,0,0,0,0,0,0,0,4,0,0,0,0,,,,,,,,,,,,,,,,,,,,,,,,,,,,,,
TU,41867,66,Notropis atherinoides,,,,1966,10,17,suttkus and gunning,,,41867_01,ht cjw,02/26/2024,na,52,43,,,,,0,0,0,0,0,0,0,0,0,0,0,0,0,0,0,0,0,0,0,0,0,0,0,0,0,0,0,0,0,0,0,0,0,0,0,0,0,0,0,0,0,0,0,0,0,0,0,0,0,1,2,0,0,0,0,0,0,0,0,0,0,0,0,0,0,0,0,0,0,0,0,0,0,0,0,0,0,0,0,0,0,0,1,1,0,0,0,0,0,0,0,0,0,0,0,,0,0,0,0,0,0,0,0,0,0,0,0,0,0,0,0,0,0,0,0,,,,,,,,,,,,,,,,,,,,,,,,,,,,,,
TU,41867,66,Notropis atherinoides,,,,1966,10,17,suttkus and gunning,,,41867_02,HT GMC,02/26/2024,NA,44,31,,,,,0,0,0,0,0,0,0,0,0,0,0,0,0,0,0,0,0,0,0,0,0,0,0,0,0,0,0,0,0,0,0,0,0,0,0,0,0,0,0,0,0,0,0,0,0,0,0,0,0,0,0,0,0,0,0,0,0,0,0,0,0,0,0,0,0,0,0,0,0,0,0,0,0,0,0,0,0,0,0,0,0,0,0,0,0,0,0,0,0,0,0,0,0,0,0,,0,0,0,0,0,0,0,0,0,0,0,0,0,0,0,0,0,0,0,0,,,,,,,,,,,,,,,,,,,,,,,,,,,,,,
TU,41867,66,Notropis atherinoides,,,,1966,10,17,suttkus and gunning,,,41867_03,HT DD,02/26/2024,NA,51,39,,,,,0,0,0,0,0,0,0,0,0,0,0,0,0,0,0,0,0,0,na,0,0,0,0,0,0,0,0,0,0,0,0,0,NA,0,0,0,0,0,0,0,0,0,0,0,0,0,0,0,0,0,0,0,0,0,0,0,0,0,0,0,0,0,0,0,0,0,0,0,0,0,0,0,0,0,0,0,0,0,0,0,0,0,0,0,0,0,0,0,0,0,0,0,0,0,0,,0,0,0,0,0,0,0,0,0,0,0,0,0,0,0,0,0,0,0,0,,,,,,,,,,,,,,,,,,,,,,,,,,,,,,
TU,49057,44,Notropis atherinoides,,,,1967,12,7,Suttkus Laska and Suttkus,,,49057_03,KL GMC,02/21/2024,NA,92,75,,,,,0,0,0,0,0,0,0,0,1,1,0,1,0,0,0,0,0,1,0,0,0,0,0,0,0,0,0,0,0,0,0,0,0,0,0,0,0,0,0,0,0,0,0,0,0,0,0,0,0,0,0,0,0,0,0,0,0,0,1,0,0,0,0,0,0,0,0,0,0,0,0,0,0,0,0,0,0,0,0,0,0,0,0,0,0,0,0,0,0,0,0,0,0,0,0,,0,0,0,0,0,0,0,0,0,0,0,0,1,0,0,0,0,0,0,0,,,,,,,,,,,,,,,,,,,,,,,,,,,,,,
TU,75711,16,Notropis atherinoides,,,,1972,1,25,Suttkus and Cashner,,,75711_04,kl,03/04/2024,f,69,56,,,,,0,0,0,0,0,0,1,0,0,0,0,0,0,0,0,0,0,0,0,0,0,0,0,0,0,0,0,0,0,0,0,0,0,0,0,0,0,0,0,0,0,0,0,0,0,1,0,0,0,0,0,0,0,0,0,0,2,0,0,0,0,0,0,0,0,0,0,0,0,0,0,0,0,0,0,0,0,0,0,0,0,0,0,0,0,0,0,0,0,0,0,0,0,0,0,,0,0,0,0,0,0,0,0,0,0,2,0,0,0,0,0,0,0,0,0,,,,,,,,,,,,,,,,,,,,,,,,,,,,,,
TU,75711,16,Notropis atherinoides,,,,1972,1,25,Suttkus and Cashner,,,75711_03,kl gmc,03/04/2024,na,66,54,,,,,0,0,0,0,0,0,0,0,0,0,0,0,0,0,0,0,0,0,0,0,0,0,0,0,0,0,0,0,0,0,0,0,0,0,0,0,0,0,0,0,0,0,0,0,0,0,0,0,0,0,0,0,0,0,0,0,1,0,0,0,0,0,0,0,0,9,0,0,0,0,0,0,0,0,0,0,0,0,0,0,0,0,0,0,0,0,0,0,0,0,0,0,0,0,0,,0,0,0,0,0,0,0,0,0,0,1,0,0,0,0,9,0,0,0,0,,,,,,,,,,,,,,,,,,,,,,,,,,,,,,
TU,75711,16,Notropis atherinoides,,,,1972,1,25,Suttkus and Cashner,,,75711_02,kl,02/28/24,na,59,48,,,,,0,0,0,0,0,0,0,0,0,0,0,4,0,0,0,0,0,0,0,0,0,0,0,0,0,0,0,0,0,0,0,0,0,0,0,0,0,0,0,0,0,0,0,0,0,0,1,0,0,0,0,0,0,0,0,0,5,0,0,2,0,0,0,0,0,4,0,0,0,0,0,0,0,0,0,0,0,0,0,1,0,0,0,0,0,0,0,0,0,0,0,0,0,0,0,,0,0,0,0,0,0,0,0,0,0,5,0,0,2,0,5,0,0,0,0,,,,,,,,,,,,,,,,,,,,,,,,,,,,,,
TU,75711,16,Notropis atherinoides,,,,1972,1,25,Suttkus and Cashner,,,75711_01,KL GMC,02/28/2024,NA,70,55,,,,,0,0,0,0,0,0,0,0,0,0,1,0,0,0,0,0,0,0,0,0,0,0,0,0,0,0,0,0,0,0,0,0,0,0,0,0,0,0,0,0,1,0,0,0,0,0,0,0,0,0,0,0,0,0,0,0,3,0,0,0,0,0,0,0,0,1,0,0,0,1,0,0,0,0,0,0,0,0,0,0,0,0,0,0,0,0,0,0,0,0,0,0,0,0,0,,0,0,0,0,0,0,0,0,0,1,2,0,1,0,0,0,0,1,0,0,,,,,,,,,,,,,,,,,,,,,,,,1,,,,,,
TU,197744,28,Notropis atherinoides,,,,2004,10,30,"RD, JS, SUTTKUS",,,197744_01,kl dd,03/05/2024,F,47,35,,,,,0,0,0,0,0,0,0,0,0,0,0,0,0,0,0,0,0,0,0,1,0,0,0,0,0,0,0,0,0,0,0,0,0,0,0,0,0,0,0,0,0,0,0,0,0,0,0,0,0,0,0,0,0,0,0,3,6,0,0,0,0,0,0,0,0,0,0,0,0,0,0,0,0,0,0,0,0,0,0,0,0,0,0,0,0,0,0,0,0,0,0,0,0,0,0,,0,0,0,0,0,0,0,0,0,0,6,0,0,0,0,0,0,0,0,2,,,,,,,,,,,,,,,,,,,,,,,,,,,,,,
TU,197744,28,Notropis atherinoides,,,,2004,10,30,"RD, JS, SUTTKUS",,,197744_03,KL CJW,03/05/2024,,68,54,,,,,0,0,0,0,0,0,0,0,0,0,0,7,0,0,0,0,0,0,0,0,0,0,0,0,0,0,0,0,0,0,0,0,0,0,0,0,0,0,0,0,0,0,0,1,0,0,0,0,0,0,0,0,0,0,0,0,3,0,0,0,0,0,0,0,0,0,0,0,0,0,0,0,0,0,1,0,0,0,0,0,0,0,0,0,0,0,0,0,0,0,0,0,0,0,0,,0,0,0,0,0,0,0,0,0,0,3,0,0,0,0,0,0,0,0,0,,,,,,,,,,,,,,,,,,,,,,,,,,,,,,
TU,197744,28,Notropis atherinoides,,,,2004,10,30,"RD, JS, SUTTKUS",,,197744_04,kl cjw,03/05/2024,na,55,49,,,,,0,0,0,0,0,0,0,0,0,0,0,0,0,0,0,0,0,0,0,0,0,0,0,0,0,0,0,1,0,0,0,0,0,0,0,0,0,0,0,1,0,0,0,0,0,0,0,0,0,0,0,0,0,0,0,0,0,0,0,0,0,0,0,0,0,0,0,0,0,0,0,0,0,0,0,0,0,0,0,0,0,0,0,0,0,0,0,0,0,0,1,0,0,1,0,,0,0,0,0,0,0,0,0,0,0,0,0,0,0,0,0,0,0,0,0,,,,,,,,,,,,,,,,,,,,,,,,,,,,,,
TU,197744,28,Notropis atherinoides,,,,2004,10,30,"RD, JS, SUTTKUS",,,197744_02,KL GMC,03/05/2024,NA,45,35,,,,,0,0,0,0,0,0,0,0,0,0,0,1,0,0,0,0,0,0,0,0,0,0,0,0,0,0,0,0,0,0,2,0,0,0,0,0,0,0,0,0,0,0,0,0,0,0,0,0,0,0,0,0,0,0,0,10,3,0,0,0,0,0,0,0,0,0,0,0,0,0,0,0,0,0,0,0,0,0,0,0,0,0,0,0,0,0,0,0,0,0,0,0,0,0,0,,0,0,0,0,0,0,0,0,0,0,3,0,0,0,0,0,0,0,0,10,,,,,,,,,,,,,,,,,,,,,,,,,,,,,,
TU,147886,12,Notropis atherinoides,,,Pearl River along left bank just below pools bluff sill,1987,1,22,Suttkus and Caruso,,,147886_01,CJW,06/28/2024,F,98,79,5803,,,,0,0,0,0,0,0,0,0,0,0,0,0,0,0,0,0,0,0,0,0,0,0,0,1,0,0,0,0,0,0,0,0,0,0,0,0,0,0,0,0,0,0,0,0,0,0,0,0,0,0,0,0,0,0,0,0,0,0,0,0,0,0,0,0,0,0,0,0,0,0,1,0,0,1,0,0,0,0,0,0,0,0,0,0,0,0,0,0,0,0,0,0,0,0,0,,0,0,1,0,0,0,0,0,0,0,0,0,0,0,0,0,0,0,0,0,,,,,,,,,,,,,,,,,,,,,,,,,,,,,,
TU,147886,12,Notropis atherinoides,,,Pearl River along left bank just below pools bluff sill,1987,1,22,Suttkus and Caruso,,,147886_04,JT KC,6/28/2024,F,72,63,2366,,,,0,0,0,0,0,0,0,0,0,0,0,0,0,0,0,0,0,0,0,0,0,0,0,0,0,0,0,0,0,0,0,0,0,0,0,0,2,0,0,0,0,0,0,0,0,0,0,0,0,0,0,0,0,0,0,0,0,0,0,0,0,0,0,0,0,0,0,0,0,0,0,0,0,0,0,0,0,0,0,0,0,0,0,0,0,0,0,0,0,0,0,0,0,0,0,,0,0,0,0,2,0,0,0,0,0,0,0,0,0,0,0,0,0,0,0,,,,,,,,,,,,,,,,,,,,,,,,,,,,,,
TU,198590,133,Notropis atherinoides,,,Pearl River along left bank at 2nd bend below Richardson ldg,2005,7,15,R.D. and J.S. Suttkus,,,198590_03,GMC,6/28/2024,NA,35,29,222,,"64 viable, the others were <35mm.",,0,0,0,0,0,0,0,0,0,0,0,0,0,0,0,0,0,0,na,0,0,0,0,0,0,0,0,0,0,0,0,0,0,0,0,1,0,0,0,0,0,0,0,0,0,0,0,0,0,0,0,0,0,0,0,0,1,0,0,0,0,0,0,0,0,0,0,0,0,0,0,0,0,0,0,0,0,0,0,0,0,0,0,0,0,0,0,0,0,0,0,0,0,0,0,,0,0,0,0,1,0,0,0,0,0,1,0,0,0,0,0,0,0,0,0,,,,,,,,,,,,,,,,,,,,,,,,,,,,,,
TU,198590,133,Notropis atherinoides,,,Pearl River along left bank at 2nd bend below Richardson ldg,2005,7,15,R.D. and J.S. Suttkus,,,198590_02,DMDM,6/28/2024,NA,37,31,244,,64 viable in lot due to size (35mm minimum),,0,0,0,0,0,0,0,0,0,0,0,0,0,0,0,0,0,0,na,0,0,0,0,0,0,0,0,0,0,0,0,0,0,0,2,0,0,0,0,0,0,0,0,0,0,0,0,0,0,0,0,0,0,0,0,0,0,2,0,0,0,0,0,0,0,0,0,0,0,0,0,0,0,0,0,0,2,0,0,0,0,0,0,0,0,0,0,0,0,0,0,0,0,0,0,,0,0,0,0,0,0,0,0,0,0,0,2,0,0,0,0,0,0,0,0,,,,,,,,,,,,,,,,,,,,,,,,,,,,,,
TU,198590,133,Notropis atherinoides,,,Pearl River along left bank at 2nd bend below Richardson ldg,2005,7,15,R.D. and J.S. Suttkus,,,198590_01,BF,6/28/2024,NA,38,32,283,,"64 viable,others<35",,0,0,0,0,0,0,0,0,0,0,0,0,0,0,0,0,0,0,na,0,0,0,na,0,0,0,0,0,0,0,0,0,0,0,0,0,0,0,0,0,0,0,0,0,0,0,0,0,0,0,0,0,0,0,0,0,0,0,0,0,0,0,0,0,0,0,0,0,0,0,0,0,0,0,0,0,0,0,0,0,0,0,0,0,0,0,0,0,0,0,0,0,0,0,0,,0,0,0,0,0,0,0,0,0,0,0,0,0,0,0,0,0,0,0,0,,,,,,,,,,,,,,,,,,,,,,,,,,,,,,
TU,186190,237,Notropis atherinoides,,,"Perl River along right bank, 1 mi below La hwy 10",1998,7,18,RD and JS Suttkus,,,186190_02,KC,6/28/2024,NA,38,30,220,,,,0,0,0,0,0,0,0,0,0,0,0,0,0,0,0,0,0,0,na,0,0,3,0,0,0,0,0,0,0,0,0,0,0,0,0,0,0,0,0,0,0,0,0,0,0,0,0,0,0,0,0,0,0,0,0,0,0,0,0,0,0,0,0,0,0,0,1,0,0,0,0,0,0,0,0,0,0,0,0,0,0,0,0,0,0,0,0,0,0,0,0,0,0,0,0,,2,0,0,0,0,0,1,0,0,0,0,0,0,0,0,0,0,0,0,0,,,,,,,,,,,,,,,,,,,,,,,,,,,,,,
TU,186190,237,Notropis atherinoides,,,"Pearl River along right bank, 1 mi below Hwy 10",1998,7,18,RD and JS Suttkus,,,186190_04,CJW,6/28/2024,NA,38,20,467,,,,0,0,0,0,0,0,0,0,0,0,0,0,0,0,0,0,0,0,na,0,0,0,0,2,0,0,0,0,0,0,0,0,na,0,0,0,0,0,0,0,0,0,0,0,0,0,0,0,0,0,0,0,0,0,0,0,1,0,0,1,1,0,0,0,0,0,0,0,0,0,0,1,0,0,0,0,0,0,1,0,0,0,0,0,0,0,0,0,0,0,0,0,0,0,0,,0,0,2,0,0,1,0,0,0,0,1,0,0,0,0,0,0,0,0,0,,,,,,,,,,,,,,,,,,,,,,,,,,,,,,
TU,147886,12,Notropis atherinoides,,,Pearl River along left bank just below pools Bluff Sill,1987,1,22,Suttkus and Caruso,,,147886_02,JT KC,6/28/24,F,80,66,3362,,,,0,0,0,0,0,0,0,0,0,0,0,0,0,0,0,0,0,0,0,0,0,0,0,0,0,0,0,0,0,0,0,0,0,0,0,2,0,0,0,0,0,0,0,0,0,0,0,0,0,0,0,0,0,0,0,0,0,0,0,0,1,0,0,0,0,1,0,0,0,0,0,0,0,0,0,0,0,0,0,0,0,0,0,0,0,0,0,0,0,0,0,0,0,0,0,,0,0,0,0,2,1,0,0,0,0,0,0,0,0,0,1,0,0,0,0,,,,,,,,,,,,,,,,,,,,,,,,,,,,,,
TU,147886,12,Notropis atherinoides,,,Pearl River along left bank just below pools Bluff Sill,1987,1,22,Suttkus and Caruso,,,147886_03,JT KC,06/28/2024,na,85,69,3354,,,,0,0,0,0,0,0,0,0,0,0,0,0,0,0,1,0,0,0,0,0,0,0,0,0,0,0,0,0,0,0,0,0,0,na,0,2,0,0,0,0,0,0,0,0,0,0,0,0,0,0,0,0,0,0,0,0,0,0,0,0,0,0,0,0,0,0,0,0,0,0,0,0,0,0,0,0,0,0,0,0,0,0,0,0,0,0,0,0,0,0,0,0,0,0,1,,0,0,0,0,2,0,0,0,0,0,0,0,0,0,0,0,0,0,0,0,,,,,,,,,,,,,,,,,,,,,,,,,,,,,,
TU,120198,93,Notropis atherinoides,,,Pearl River along left bank 1.0 mile below hwy 10,1981,1,22,Suttkus and Sorenson,,,120198_03,GMC,06/28/2024,F,67,54,1263,,,,0,0,0,0,0,0,0,0,0,0,0,0,0,0,0,0,0,0,0,0,0,0,0,0,0,0,0,0,0,0,0,0,0,0,0,0,0,0,0,0,0,0,0,0,0,0,0,0,0,0,0,0,0,0,0,0,0,0,0,0,1,0,0,0,0,0,0,0,0,0,0,0,0,0,0,0,0,0,0,0,0,0,0,0,0,0,0,0,0,0,0,0,0,0,0,,0,0,0,0,0,1,0,0,0,0,0,0,0,0,0,0,0,0,0,0,,,,,,,,,,,,,,,,,,,,,,,,,,,,,,
TU,34776,102,Notropis atherinoides,,,"Pearl RIver at River mile 54, 2.3mi SE of Bogalusa",1964,10,16,Suttkus and Gunning,,,34776_04,BF CJW,06/28/2024,NA,61,52,1582,,"Liver tube missing as of 1700 6/28/2024, CYST.UNK tiny, ambiguoud",,0,0,0,0,0,0,0,0,0,0,0,0,0,0,0,0,0,0,na,0,0,0,na,na,0,0,0,0,0,0,0,0,na,0,0,0,0,0,0,0,0,0,0,0,0,0,0,0,0,0,0,0,0,0,0,0,0,0,0,0,0,0,0,0,2,0,0,0,0,0,0,0,0,0,0,0,0,0,0,0,0,0,0,0,0,0,0,0,0,0,0,0,0,0,0,,0,0,0,0,0,0,0,0,0,0,0,0,0,0,0,0,0,0,0,0,,,,,,,,,,,,,,,,,,,,,,,,,,,,,,
TU,120198,93,Notropis atherinoides,,,Pearl River along left bank 1.0 mile below hwy 10,1981,1,22,Suttkus and Sorenson,,,120198_04,JT KC,06/28/2024,NA,68,54,1387,,,,0,0,0,0,0,0,0,0,0,0,0,0,0,0,1,0,0,0,na,0,0,0,0,0,0,0,0,0,0,0,0,0,0,0,0,0,0,0,0,0,0,0,0,0,0,0,0,0,0,0,0,0,0,0,0,0,1,0,0,0,0,0,0,0,0,0,0,0,0,0,0,0,0,0,0,0,0,0,0,0,0,0,0,0,0,0,0,0,0,0,0,0,0,0,0,,0,0,0,0,0,0,0,0,0,0,1,0,0,0,0,0,0,0,0,0,,,,,,,,,,,,,,,,,,,,,,,,,,,,,,
TU,186190,237,Notropis atherinoides,,,"Pearl River along right bank, 1 mi below LA Hwy 10",1998,7,18,RD and JS Suttkus,,,186190_03,JT DMDM,06/28/2024,NA,72,58,1912,,,,0,0,0,0,0,0,0,0,0,0,0,0,0,0,0,0,0,0,0,0,0,1,0,0,0,0,0,0,0,0,0,0,0,0,0,0,0,0,0,0,0,0,0,0,0,0,0,0,0,0,0,0,0,0,0,0,6,0,0,0,0,0,0,0,0,6,0,0,0,0,0,0,0,0,0,0,0,0,0,0,0,0,0,0,0,0,0,0,0,0,0,0,0,0,0,,1,0,0,0,0,0,0,0,0,0,6,0,0,0,0,5,0,0,0,0,,,,,,,,,,,,,,,,,,,,,,,,,,,,,,
TU,120198,93,Notropis atherinoides,,,Pearl River along left bank 1.0 mile below hwy 10,1981,1,22,Suttkus and Sorenson,,,120198_01,JT SC KC CJW,06/28/2024,NA,59,49,1091,,,,0,0,0,0,0,0,0,0,0,0,0,0,0,1,0,0,0,0,0,0,0,0,0,0,0,1,0,0,0,0,0,0,0,0,0,0,0,0,0,0,0,0,0,0,0,0,0,0,0,0,0,0,0,0,0,0,0,0,0,0,0,0,0,0,0,0,0,0,0,0,0,0,0,0,0,0,0,0,0,0,0,0,0,0,0,0,0,0,0,0,0,0,0,0,0,,0,1,0,0,0,0,0,0,0,0,0,0,0,0,0,0,0,0,0,0,,,,,,,,,,,,,,,,,,,,,,,,,,,,,,
TU,186190,237,Notropis atherinoides,,,"Pearl River along right bank, 1 mi below LA Hwy 10",1998,7,18,RD and JS Suttkus,,,186190_01,sc jt kl,06/28/2024,na,46,38,501,07/01/2024,,,0,0,0,0,0,0,0,0,0,0,0,0,0,0,0,0,0,0,na,0,0,6,0,0,0,0,0,0,0,0,0,0,0,0,0,0,2,0,0,0,0,0,0,0,0,0,0,0,0,0,0,0,0,0,0,0,3,0,0,0,0,0,0,0,0,0,0,0,0,0,0,0,0,0,0,0,0,0,0,0,0,0,0,0,0,0,0,0,0,0,0,0,0,0,0,,6,0,0,0,2,0,0,0,0,0,3,0,0,0,0,0,0,0,0,0,,,,,,,,,,,,,,,,,,,,,,,,,,,,,,
TU,34776,102,Notropis atherinoides,,,"Pearl RIver at River mile 54, 2.3mi SE of Bogalusa",1964,10,16,Suttkus and Gunning,,,34776_03,sc gmc dmdm,06/28/2024,na,52,45,735,07/01/2024,,,0,0,0,0,0,0,0,0,0,0,0,0,0,0,0,0,0,0,na,0,0,0,0,0,0,0,0,0,0,0,0,0,0,0,0,0,0,0,0,0,0,0,0,0,0,0,0,0,0,0,0,0,0,0,0,0,0,0,0,0,0,0,0,0,0,6,0,0,0,0,0,0,0,0,0,0,0,0,0,0,0,0,0,0,0,0,0,0,0,0,0,0,0,0,0,,0,0,0,0,0,0,0,0,0,0,0,0,0,0,0,6,0,0,0,0,,,,,,,,,,,,,,,,,,,,,,,,,,,,,,
TU,198590,na,Notropis atherinoides,,,Pearl River along left bank at 2nd bend below Richardson ldg,2005,7,15,RD AND JS SUTTKUS,,,198590_04,JT CJW,06/28/2024,NA,35,28,225,07/01/2024,,,0,0,0,0,0,0,0,0,0,0,0,0,0,0,0,0,0,0,na,0,0,0,0,0,0,NA,NA,NA,NA,NA,NA,NA,0,0,0,0,0,0,0,0,0,0,0,0,0,0,0,0,0,0,0,0,0,0,0,0,0,0,0,0,0,0,0,0,0,1,0,0,0,0,0,0,0,0,0,0,0,0,0,0,0,0,0,0,0,0,0,0,0,0,0,0,0,0,0,,0,0,0,0,0,0,0,0,0,0,0,0,0,0,0,1,0,0,0,0,,,,,,,,,,,,,,,,,,,,,,,,,,,,,,
TU,34776,102,Notropis atherinoides,,,"Pearl RIver at River mile 54, 2.3mi SE of Bogalusa",1964,10,16,Suttkus and Gunning,,,34776_02,DJR BF KL,06/28/2024,NA,63,48,1443,06/28/2024,,,0,0,0,0,0,0,0,0,0,0,0,0,0,0,0,0,0,0,na,0,0,0,0,0,0,0,0,0,0,0,0,0,0,0,0,0,0,0,0,0,0,0,0,0,0,0,0,0,0,0,0,0,0,0,0,0,0,0,0,0,0,0,0,0,0,0,0,0,0,0,0,0,0,0,0,0,0,0,0,0,0,0,0,0,0,0,0,0,0,0,0,0,0,0,0,,0,0,0,0,0,0,0,0,0,0,0,0,0,0,0,0,0,0,0,0,,,,,,,,,,,,,,,,,,,,,,,,,,,,,,
TU,34776,102,Notropis atherinoides,,,"Pearl RIver at River mile 54, 2.3mi SE of Bogalusa",1964,10,16,Suttkus and Gunning,,,34776_01,DJB KL DMDM,06/28/2024,NA,63,51,1583,07/01/2024,,,0,0,0,0,0,0,0,0,0,0,0,0,0,0,0,0,0,0,na,0,0,0,0,0,0,0,0,0,0,0,0,0,0,0,0,0,0,0,0,0,0,0,0,0,0,0,0,0,0,0,0,0,0,0,0,0,0,0,0,0,0,0,0,0,0,0,0,0,0,0,0,0,0,0,0,0,0,0,0,0,0,0,0,0,0,0,0,0,0,0,0,0,0,0,0,,0,0,0,0,0,0,0,0,0,0,0,0,0,0,0,0,0,0,0,0,,,,,,,,,,,,,,,,,,,,,,,,,,,,,,
TU,138252,22,Notropis atherinoides,,,Pearl River along S left Bank just below pools bluff sill,1984,10,19,suttkus and goodfellow,,,138252_04,ij cjw,07/01/2024,na,76,58,2134,07/01/2024,partial liver collection,,0,0,0,0,0,0,0,0,0,0,0,0,0,0,0,0,0,0,0,0,0,0,na,0,0,0,0,0,0,0,0,0,0,0,0,0,0,0,0,0,0,0,0,0,0,0,0,0,0,0,0,0,0,0,0,0,0,0,0,0,0,0,0,0,0,0,0,0,0,0,0,0,0,0,0,0,0,0,0,0,0,0,0,0,0,0,0,0,0,0,0,0,0,0,0,,0,0,0,0,0,0,0,0,0,0,0,0,0,0,0,0,0,0,0,0,,,,,,,,,,,,,,,,,,,,,,,,,,,,,,
TU,138252,22,Notropis atherinoides,,,Pearl River along S left Bank just below pools bluff sill,1984,10,19,suttkus and goodfellow,,,138252_01,sc jt dmdm,07/01/2024,na,69,56,1418,07/01/2024,,,0,0,0,0,0,0,0,0,0,0,0,0,0,0,0,0,0,0,0,0,0,0,0,0,0,0,0,0,0,0,0,0,0,0,0,0,0,0,0,0,0,0,0,0,0,0,0,0,0,0,0,0,0,0,0,0,4,0,0,0,0,0,0,0,0,0,0,0,0,0,0,0,0,0,0,0,0,0,0,0,0,0,0,0,0,0,0,0,0,0,0,0,0,0,0,,0,0,0,0,0,0,0,0,0,0,4,0,0,0,0,0,0,0,0,0,,,,,,,,,,,,,,,,,,,,,,,,,,,,,,
TU,136201,89,Notropis atherinoides,,,Pearl River along left bank opposite mouth of Bogalusa Creek,1984,7,17,suttkus and inaw,,,136201_01,djb jt cjw,07/01/2024,na,72,57,1828,07/01/2024,"Due to size restrictions, randomly selected from 68 specimens not 89.",,0,0,0,0,0,0,0,0,0,0,0,0,0,0,0,0,0,0,na,0,0,0,na,na,0,0,0,0,0,0,0,0,na,0,0,0,0,0,0,0,0,0,0,0,0,0,0,0,0,0,0,0,0,0,0,0,1,0,0,0,0,0,0,0,0,0,0,0,0,0,0,0,0,0,0,0,0,0,0,0,0,0,0,0,0,0,0,0,0,0,0,0,0,0,0,,0,0,0,0,0,0,0,0,0,0,1,0,0,0,0,0,0,0,0,0,,,,,,,,,,,,,,,,,,,,,,,,,,,,,,
TU,138252,22,Notropis atherinoides,,,Pearl River along S left Bank just below pools bluff sill,1984,10,19,suttkus and goodfellow,,,138252_02,djb gmc,07/01/2024,na,70,54,1457,07/01/2024,,,0,0,0,0,0,0,0,0,0,0,0,0,0,0,0,0,0,0,0,0,0,0,0,0,0,0,0,0,0,0,0,0,na,0,0,0,0,0,0,0,0,0,0,0,0,0,0,0,0,0,0,0,0,0,0,0,4,0,0,0,0,0,0,0,0,0,0,0,0,0,0,0,0,0,0,0,0,0,0,0,0,0,0,0,0,0,0,0,0,0,0,0,0,0,0,,0,0,0,0,0,0,0,0,0,0,4,0,0,0,0,0,0,0,0,0,,,,,,,,,,,,,,,,,,,,,,,,,,,,,,
TU,136201,89,Notropis atherinoides,,,Pearl River along left bank opposite mouth of Bogalusa Creek,1984,7,17,suttkus and inaw,,,136201_04,djb jt,07/01/2024,f,61,50,1301,07/01/2024,,,0,0,0,0,0,0,0,0,0,0,0,0,0,0,0,0,0,0,0,0,0,0,0,0,0,0,0,0,0,0,0,0,0,0,0,0,0,0,0,0,0,0,0,0,0,0,0,0,0,0,0,0,0,0,0,0,18,0,0,0,0,0,0,0,0,1,0,0,0,0,0,0,0,0,0,0,0,0,0,0,0,0,0,0,0,0,0,0,0,0,0,0,0,0,0,,0,0,0,0,0,0,0,0,0,0,18,0,0,0,0,1,0,0,0,0,,,,,,,,,,,,,,,,,,,,,,,,,,,,,,
TU,79386,42,Notropis atherinoides,,,Pearl river just below mouth of cobum creek,1972,10,17,thompson and cashner,,,79386_04,djb jt kl,07/01/2024,na,59,46,1029,07/01/2024,,,0,0,0,0,0,0,0,0,0,0,0,1,0,0,0,0,0,0,na,0,0,0,0,0,0,0,0,0,0,0,0,0,0,0,0,0,0,0,0,0,0,0,0,0,0,0,0,0,0,0,0,0,0,0,0,0,1,0,0,0,0,0,0,0,0,0,0,0,0,0,0,0,0,0,0,0,0,0,0,0,0,0,0,0,0,0,0,0,0,0,0,0,0,0,0,,0,0,0,0,0,0,0,0,0,0,1,0,0,0,0,0,0,0,0,0,,,,,,,,,,,,,,,,,,,,,,,,,,,,,,
TU,79386,42,Notropis atherinoides,,,Pearl river just below mouth of cobum creek,1972,10,17,thompson and cashner,,,79386_02,sc jt cjw,07/01/2024,na,59,50,1093,07/01/2024,potential injury on fins,,0,0,0,0,0,0,0,0,0,0,0,0,0,0,0,0,0,0,na,0,0,0,na,0,0,0,0,0,0,0,0,0,0,0,0,0,0,0,0,0,0,0,0,0,0,0,0,0,0,0,0,0,0,0,0,0,1,0,0,0,0,0,0,0,0,0,0,0,0,0,0,0,0,0,0,0,0,0,0,0,0,0,0,0,0,0,0,0,0,0,0,0,0,0,0,,0,0,0,0,0,0,0,0,0,0,1,0,0,0,0,0,0,0,0,0,,,,,,,,,,,,,,,,,,,,,,,,,,,,,,
TU,136201,89,Notropis atherinoides,,,Pearl River along left bank opposite mouth of Bogalusa Creek,1984,7,17,suttkus and inaw,,,136201_02,sc kl,07/01/2024,f,74,60,2174,07/01/2024,,,0,0,0,0,0,0,0,0,0,0,0,0,0,0,0,0,1,0,0,0,0,0,0,0,0,0,0,0,0,0,0,0,0,0,0,0,0,0,0,0,0,0,0,0,0,0,0,0,0,0,0,0,0,0,0,0,8,0,0,0,2,0,0,0,0,2,0,0,0,0,0,0,0,0,0,0,0,0,0,0,0,0,0,0,0,0,0,0,0,0,0,0,0,0,0,,0,0,0,0,0,2,0,0,0,0,8,0,0,0,0,0,0,0,0,0,,,,,,,,,,,,,,,,,,,,,,,,,,,,,,
TU,79386,42,Notropis atherinoides,,,Pearl river just below mouth of cobum creek,1972,10,17,thompson and cashner,,,79386_01,djb cjw,07/01/2024,na,59,45,925,07/01/2024,,,0,0,0,0,0,0,0,0,0,0,0,0,0,0,0,0,0,0,na,0,0,0,na,0,0,0,0,0,0,0,0,0,na,0,0,0,0,0,0,0,0,0,0,0,0,0,0,0,0,0,0,0,0,0,0,0,1,0,0,0,0,0,0,0,0,0,0,0,0,0,0,0,0,0,0,0,0,0,0,0,0,0,0,0,0,0,0,0,0,0,0,0,0,0,0,,0,0,0,0,0,0,0,0,0,0,1,0,0,0,0,0,0,0,0,0,,,,,,,,,,,,,,,,,,,,,,,,,,,,,,
TU,138252,22,Notropis atherinoides,,,Pearl River along S left Bank just below pools bluff sill,1984,10,19,suttkus and goodfellow,,,138252_03,sc gmc,07/01/2024,na,65,54,1283,07/01/2024,,,0,0,0,0,0,0,0,0,0,0,0,0,0,0,0,0,0,0,0,0,0,0,0,0,0,1,0,0,0,0,0,0,0,0,0,0,0,0,0,0,0,0,0,0,0,0,0,0,0,0,0,0,0,0,0,0,5,0,0,0,0,0,0,0,0,0,0,0,0,0,0,0,0,0,0,0,0,0,0,0,0,0,0,0,0,0,0,0,0,0,0,0,0,0,0,,0,1,0,0,0,0,0,0,0,0,5,0,0,0,0,0,0,0,0,0,,,,,,,,,,,,,,,,,,,,,,,,,,,,,,
TU,156711,41,Notropis atherinoides,,,Pearl River along right bank just below pools blue sill,1989,10,12,suttkus and caruso,,,156711_02,djb kl,07/01/2024,na,61,42,1174,07/01/2024,,,0,0,0,0,0,0,0,0,0,0,0,0,0,0,0,0,0,0,0,0,0,0,0,0,0,1,0,0,0,0,0,0,0,0,0,0,0,0,0,0,0,0,0,0,0,0,0,0,0,0,0,0,0,0,0,0,0,0,0,0,0,0,0,0,0,0,0,0,0,0,0,0,0,0,0,0,0,0,0,0,0,0,0,0,0,0,0,0,0,0,0,0,0,0,0,,0,0,0,0,0,0,0,0,0,0,0,0,0,0,0,0,0,0,0,0,,,,,,,,,,,,,,,,,,,,,,,,,,,,,,
TU,140287,25,Notropis atherinoides,,,Pearl River along left bank opposite mouth of coburn creek,1985,4,25,suttkus and goodfellow,,,140287_03,jt djb kl,07/01/2024,f,67,52,1382,07/01/2024,,,0,0,0,0,0,0,0,0,0,0,0,0,0,0,0,0,0,0,0,0,0,0,0,0,0,0,0,0,0,0,0,0,0,0,0,0,0,0,0,0,0,0,0,0,0,0,0,0,0,0,0,0,0,0,0,0,6,0,0,0,0,0,0,0,0,0,0,0,0,0,0,0,0,0,0,0,0,0,0,0,0,0,0,0,0,0,0,0,0,0,0,0,0,0,0,,0,0,0,0,0,0,0,0,0,0,6,0,0,0,0,0,0,0,0,0,,,,,,,,,,,,,,,,,,,,,,,,,,,,,,
TU,92856,28,Notropis atherinoides,,,"pearl river just below sill at pools bluff, 4 miles s of",1975,1,24,suttkus and caruso,,,92856_02,djb sc dmdm,07/01/2024,f,71,55,1739,07/01/2024,,,0,0,0,0,0,0,0,0,0,0,0,0,0,0,0,0,0,0,0,0,0,0,0,0,0,0,0,0,0,0,0,0,0,0,0,0,0,0,0,0,0,0,0,0,0,0,0,0,0,0,0,0,0,0,0,0,4,0,0,0,0,0,0,0,0,0,0,0,0,0,0,0,0,0,0,0,0,0,0,0,0,0,0,0,0,0,0,0,0,0,0,0,0,0,0,,0,0,0,0,0,0,0,0,0,0,4,0,0,0,0,0,0,0,0,0,,,,,,,,,,,,,,,,,,,,,,,,,,,,,,
TU,92856,28,Notropis atherinoides,,,"pearl river just below sill at pools bluff, 4 miles s of",1975,1,24,suttkus and caruso,,,92856_04,jt djb gmc,07/01/2024,na,69,55,1616,07/01/2024,,,0,0,0,0,0,0,0,0,0,0,0,0,0,0,0,0,0,0,0,0,0,0,0,0,0,0,0,0,0,0,0,0,0,0,0,0,0,0,0,0,0,0,0,0,0,0,0,1,0,0,0,0,0,0,0,0,0,0,0,0,0,0,0,0,0,0,0,0,0,0,0,0,0,0,0,0,0,0,0,0,1,0,0,0,0,0,0,0,0,0,0,0,0,0,0,,0,0,0,0,0,0,0,0,0,0,0,0,0,0,0,0,0,0,0,0,,,,,,,,,,,,,,,,,,,,,,,,,,,,,,
TU,140287,25,Notropis atherinoides,,,Pearl River along left bank opposite mouth of coburn creek,1985,4,25,suttkus and goodfellow,,,140287_01,ij kl,07/01/2024,na,40,30,280,07/01/2024,,,0,0,0,0,0,0,0,0,0,0,0,0,0,0,0,0,0,0,0,0,0,0,0,0,0,0,0,0,0,0,0,0,0,0,0,0,0,0,0,0,0,0,0,0,0,0,0,0,0,0,0,0,0,0,0,0,1,0,0,0,0,0,0,0,0,0,0,0,0,0,0,0,0,0,0,0,0,0,0,0,0,0,0,0,0,0,0,0,0,0,0,0,0,0,0,,0,0,0,0,0,0,0,0,0,0,1,0,0,0,0,0,0,0,0,0,,,,,,,,,,,,,,,,,,,,,,,,,,,,,,
TU,92856,28,Notropis atherinoides,,,"pearl river just below sill at pools bluff, 4 miles s of",1975,1,24,suttkus and caruso,,,92856_03,sc djb kl,07/01/2024,na,69,55,1430,07/01/2024,,,0,0,0,0,0,0,0,0,0,0,0,0,0,0,0,0,0,0,na,0,0,0,0,0,0,0,0,0,0,0,0,0,0,0,0,0,1,0,0,0,0,0,0,0,0,0,0,0,0,0,0,0,0,0,0,0,3,0,0,0,0,0,0,0,0,0,0,0,0,0,0,0,0,0,0,0,0,0,0,0,0,0,0,0,0,0,0,0,0,0,0,0,0,0,0,,0,0,0,0,1,0,0,0,0,0,3,0,0,0,0,0,0,0,0,0,,,,,,,,,,,,,,,,,,,,,,,,,,,,,,
TU,59435,21,Notropis atherinoides,,,"Pearl river just above mouth of coburn creek on opposite side of river, 1.5 miles east of bolaluse",1969,10,28,Suttkus and Gunning,,,59435_04,sc jt gmc,07/01/2024,na,64,54,1223,07/01/2024,Unknown red spots on liver- pictured,,0,0,0,0,0,0,0,0,0,0,0,0,0,0,0,0,0,0,0,0,0,0,0,0,0,0,0,0,0,0,0,0,0,0,0,0,0,0,0,0,0,0,0,0,0,0,0,0,0,0,0,0,0,0,0,0,0,0,0,0,0,0,0,0,0,0,0,0,0,0,0,0,0,0,0,0,0,0,0,0,0,0,0,0,0,0,0,0,0,0,0,0,0,0,0,,0,0,0,0,0,0,0,0,0,0,0,0,0,0,0,0,0,0,0,0,,,,,,,,,,,,,,,,,,,,,,,,,,,,,,
TU,59435,21,Notropis atherinoides,,,"Pearl river just above mouth of coburn creek on opposite side of river, 1.5 miles east of bolaluse",1969,10,28,Suttkus and Gunning,,,59435_02,djb dmdm,07/01/2024,na,67,54,1495,07/01/2024,,,0,0,0,0,0,0,0,0,0,0,0,0,0,0,0,0,0,0,na,0,0,0,0,0,0,0,0,0,0,0,0,0,0,0,0,0,0,0,0,0,0,0,0,0,0,0,0,0,0,0,0,0,0,0,0,0,0,0,0,0,0,0,0,0,0,0,0,0,0,0,0,0,0,0,0,0,0,0,0,0,0,0,0,0,0,0,0,0,0,0,0,0,0,0,0,,0,0,0,0,0,0,0,0,0,0,0,0,0,0,0,0,0,0,0,0,,,,,,,,,,,,,,,,,,,,,,,,,,,,,,
TU,59435,21,Notropis atherinoides,,,"Pearl river just above mouth of coburn creek on opposite side of river, 1.5 miles east of bolaluse",1969,10,28,Suttkus and Gunning,,,59435_03,djb kl,07/01/2024,na,71,52,1795,07/01/2024,,,0,0,0,0,0,0,0,0,0,0,0,0,0,0,0,0,0,0,na,0,0,0,0,0,0,0,0,0,0,0,0,0,0,0,0,0,0,0,0,0,0,0,0,0,0,0,0,0,0,0,0,0,0,0,0,0,0,0,0,0,0,0,0,0,0,0,0,0,0,0,0,0,0,0,0,0,0,0,0,0,0,0,0,0,0,0,0,0,0,0,0,0,0,0,0,,0,0,0,0,0,0,0,0,0,0,0,0,0,0,0,0,0,0,0,0,,,,,,,,,,,,,,,,,,,,,,,,,,,,,,
TU,156711,41,Notropis atherinoides,,,Pearl River along right bank just below pools blue sill,1989,10,12,suttkus and caruso,,,156711_04,djb ij kl,07/01/2024,na,64,49,1291,07/01/2024,,,0,0,0,0,0,0,0,0,0,0,0,0,0,0,0,0,0,0,na,0,0,0,na,0,0,0,0,0,0,0,0,0,0,0,0,0,0,0,0,0,0,0,0,0,0,0,0,0,0,0,0,0,0,0,0,0,0,0,0,0,0,0,0,0,0,0,0,0,0,0,0,0,0,0,0,0,0,0,0,0,0,0,0,0,0,0,0,0,0,0,0,0,0,0,0,,0,0,0,0,0,0,0,0,0,0,0,0,0,0,0,0,0,0,0,0,,,,,,,,,,,,,,,,,,,,,,,,,,,,,,
TU,156711,41,Notropis atherinoides,,,Pearl River along right bank just below pools blue sill,1989,10,12,suttkus and caruso,,,156711_01,sc ij kl,07/01/2024,na,65,53,1323,07/01/2024,,,0,0,0,0,0,0,0,0,0,0,0,0,0,0,0,0,0,0,0,0,0,1,0,0,0,0,0,0,0,0,0,0,0,0,0,0,0,0,0,0,0,0,0,0,0,0,0,0,0,0,0,0,0,0,0,0,0,0,0,0,0,0,0,0,0,0,0,0,0,0,0,0,0,0,0,0,0,0,0,0,0,0,0,0,0,0,0,0,0,0,0,0,0,0,0,,1,0,0,0,0,0,0,0,0,0,0,0,0,0,0,0,0,0,0,0,,,,,,,,,,,,,,,,,,,,,,,,,,,,,,
TU,156711,41,Notropis atherinoides,,,Pearl River along right bank just below pools blue sill,1989,10,12,suttkus and caruso,,,156711_03,sc jt gmc,07/01/2024,na,69,56,1582,07/01/2024,,,0,0,0,0,0,0,0,0,0,0,0,0,0,0,0,0,0,0,0,0,0,0,0,0,0,0,0,0,0,0,0,0,0,0,0,0,1,0,0,0,0,0,0,0,0,0,0,0,0,0,0,0,0,0,0,0,0,0,0,0,0,0,0,0,0,0,0,0,0,0,0,0,0,0,0,0,0,0,0,0,0,0,0,0,0,0,0,0,0,0,0,0,0,0,0,,0,0,0,0,1,0,0,0,0,0,0,0,0,0,0,0,0,0,0,0,,,,,,,,,,,,,,,,,,,,,,,,,,,,,,
TU,79386,42,Notropis atherinoides,,,pearl river just below mouth of coburn creek,1972,10,17,thompson and cashner,,,79386_03,sc cjw,07/01/2024,na,61,50,1062,07/01/2024,possible fin injury in pectoral fin,,0,1,0,0,0,0,0,0,0,0,0,0,0,0,0,0,0,0,na,0,0,0,na,0,0,0,0,0,0,0,0,0,0,0,0,0,0,0,0,0,0,0,0,0,0,0,0,0,0,0,0,0,0,0,0,0,0,0,0,0,0,0,0,0,0,0,0,0,0,0,0,0,0,0,0,0,0,0,0,0,0,0,0,0,0,0,0,0,0,0,0,0,0,0,0,,0,0,0,0,0,0,0,0,0,0,0,0,0,0,0,0,0,0,0,0,,,,,,,,,,,,,,,,,,,,,,,,,,,,,,
TU,136201,89,Notropis atherinoides,,,Pearl River along left bank opposite mouth of Bogalusa Creek,1984,7,17,suttkus and inaw,,,136201_03,sc jt gmc,07/01/2024,na,66,54,1441,07/01/2024,Randomly selected from 68 instead of 89 so that they were all over 35mm,,0,0,0,0,0,0,0,0,0,0,0,0,0,0,0,0,0,0,0,0,0,0,0,0,0,0,0,0,0,0,0,0,0,0,0,0,0,0,0,0,0,0,0,0,0,0,0,0,0,0,0,0,0,0,0,0,5,0,0,0,0,0,0,0,0,0,0,0,0,0,0,0,0,0,0,0,0,0,0,0,0,0,0,0,0,0,0,0,0,0,0,0,0,0,0,,0,0,0,0,0,0,0,0,0,0,5,0,0,0,0,0,0,0,0,0,,,,,,,,,,,,,,,,,,,,,,,,,,,,,,
TU,104231,27,Notropis atherinoides,,,pearl river along left bank .8 mi below richardson landing,1977,10,19,suttkus and sorensen,,,104231_01,jt sc cjw,07/01/2024,na,44,35,372,07/01/2024,,,0,0,0,0,0,0,0,0,0,0,0,0,0,0,0,0,0,0,na,0,0,0,na,0,0,0,0,0,0,0,0,0,0,0,0,0,0,0,0,0,0,0,0,0,0,0,0,0,0,0,0,0,0,0,0,0,0,0,0,0,0,0,0,0,1,0,0,0,0,0,0,0,0,0,0,0,0,0,0,0,0,0,0,0,0,0,0,0,0,0,0,0,0,0,0,,0,0,0,0,0,0,0,0,0,0,0,0,0,0,0,0,0,1,0,0,,,,,,,,,,,,,,,,,,,,,,,,,,,,,,
TU,140287,25,Notropis atherinoides,,,Pearl River along left bank opposite mouth of coburn creek,1985,4,25,suttkus and goodfellow,,,140287_02,ij sc dmdm,07/01/2024,na,69,57,1764,07/01/2024,,,0,0,0,0,0,0,0,0,0,0,0,0,0,0,0,0,0,0,na,0,0,0,0,0,0,0,0,0,0,0,0,0,0,0,0,0,0,0,0,0,0,0,0,0,0,0,0,0,9,0,0,0,0,0,0,0,13,0,0,0,0,0,0,0,0,0,0,0,0,0,0,0,0,0,0,0,0,0,0,0,0,9,0,0,0,0,0,0,0,0,0,0,0,0,0,,0,0,0,0,0,0,0,0,0,0,13,0,0,0,0,0,0,0,0,0,,,,,,,,,,,,,,,,,,,,,,,,,,,,,,
TU,104231,27,Notropis atherinoides,,,pearl river along left bank .8 mi below richardson landing,1977,10,19,suttkus and sorensen,,,104231_02,IJ DJB,07/01/2024,NA,62,51,1291,07/01/2024,,,0,0,0,0,0,0,0,0,0,0,0,0,0,0,0,0,0,0,0,0,0,0,0,0,0,0,0,0,0,0,0,0,0,0,0,0,0,0,0,0,0,0,0,0,0,0,0,0,0,0,0,0,0,0,0,0,3,0,0,0,0,0,0,0,0,0,0,0,0,0,0,0,0,0,0,0,0,0,0,0,0,0,0,0,0,0,0,0,0,0,0,0,0,0,0,,0,0,0,0,0,0,0,0,0,0,3,0,0,0,0,0,0,0,0,0,,,,,,,,,,,,,,,,,,,,,,,,,,,,,,
TU,140287,25,Notropis atherinoides,,,Pearl River along left bank opposite mouth of coburn creek,1985,4,25,suttkus and goodfellow,,,140287_04,JT SC CJW,07/01/2024,NA,67,54,1375,07/01/2024,CYST.NEH present in fins,,0,0,0,0,0,0,0,0,0,0,0,0,0,0,0,0,0,0,0,0,0,1,0,0,0,0,0,0,0,0,0,0,na,0,0,0,0,0,0,0,0,0,0,0,0,0,0,0,0,1,0,0,0,0,0,0,6,0,0,0,0,0,0,0,0,0,0,0,0,0,0,0,0,0,0,0,0,0,0,0,0,0,1,0,0,0,0,0,0,0,0,0,0,0,0,,1,0,0,0,0,0,0,0,0,0,6,0,0,0,0,0,0,0,0,0,,,,,,,,,,,,,,,,,,,,,,,,,,,,,,
TU,92856,28,Notropis atherinoides,,,"pearl river just below sill at pools bluff, 4 miles s of",1975,1,24,suttkus and caruso,,,92856_01,sc gmc,07/01/2024,na,64,53,1268,07/01/2024,,,0,0,0,0,0,0,0,0,0,0,0,0,0,0,0,0,0,0,0,0,0,0,0,0,0,0,0,0,0,0,0,0,0,0,0,0,0,0,0,0,0,0,0,0,0,0,0,0,0,0,0,0,0,0,0,0,1,0,0,0,0,0,0,0,0,0,0,0,0,0,0,0,0,0,0,0,0,0,0,0,0,0,0,0,0,0,0,0,0,0,0,0,0,0,0,,0,0,0,0,0,0,0,0,0,0,1,0,0,0,0,0,0,0,0,0,,,,,,,,,,,,,,,,,,,,,,,,,,,,,,
TU,72349,74,Notropis atherinoides,,,Pearl River just above Coburn Creek; 1.5 mi E of Bogalusa,1971,10,26,Suttkus and Thompson,,,72349_02,SC JT CJW,07/02/2024,NA,52,43,682,07/02/2024,33 viable due to size,,0,0,0,0,0,0,0,0,0,0,0,0,0,0,0,0,0,0,na,0,2,0,na,0,0,0,0,0,0,0,0,0,0,0,0,0,0,0,0,0,0,0,0,0,0,0,0,0,0,0,0,0,0,0,0,0,0,0,0,0,0,0,0,0,0,0,0,0,0,0,0,0,0,0,0,0,0,0,0,0,0,0,0,0,0,0,0,0,0,0,0,0,0,0,0,,0,0,0,0,0,0,0,0,0,0,0,0,0,0,0,0,0,2,0,0,,,,,,,,,,,,,,,,,,,,,,,,,,,,,,
TU,99452,83,Notropis atherinoides,,,"Pearl River along left bank above Coburn Creek, 1.5 mi E of Bogalusa",1976,10,13,Suttkus and Sorensen,,,99452_01,DJB DMDM,07/02/2024,NA,54,41,612,07/02/2024,"70 viable,13 > 55cm",,0,0,0,0,0,0,0,0,0,0,0,0,0,0,0,0,0,0,0,0,1,0,0,0,2,0,0,0,0,0,0,0,0,0,0,0,0,0,0,0,0,0,0,0,0,0,0,0,0,0,0,0,0,0,0,0,0,0,0,0,0,0,0,0,1,0,0,0,0,0,0,0,0,0,0,0,0,0,0,0,0,0,0,0,0,0,0,0,0,0,0,0,0,0,0,,0,0,0,0,0,0,0,0,0,0,0,0,0,0,0,0,0,1,0,0,,,,,,,,,,,,,,,,,,,,,,,,,,,,,,
TU,72349,74,Notropis atherinoides,,,Pearl River just above Coburn Creek; 1.5 mi E of Bogalusa,1971,10,26,Suttkus and Thompson,,,72349_04,SC JT KL,07/02/2024,na,56,45,845,07/02/2024,33 viable due to size,,0,0,0,0,0,0,0,0,0,0,0,0,0,0,3,0,0,0,0,0,0,0,0,0,0,0,0,0,0,0,0,0,0,0,0,0,0,0,0,0,0,0,0,0,0,0,0,0,0,0,0,0,0,0,0,0,7,0,0,0,0,0,0,0,0,1,0,0,0,0,0,0,0,0,0,0,0,0,0,0,0,0,0,0,0,0,0,0,0,0,0,0,0,0,2,,0,0,0,0,0,0,0,0,0,0,7,0,0,0,0,0,0,0,0,0,,,,,,,,,,,,,,,,,,,,,,,,,,,,,,
TU,99452,83,Notropis atherinoides,,,"Pearl River along left bank above Coburn Creek, 1.5 mi E of Bogalusa",1976,10,13,Suttkus and Sorensen,,,99482_04,IJ JT CJW,07/02/2024,na,42,34,352,07/02/2024,"Only 70 viable, 13 greater than 55cm",,0,0,0,0,0,0,0,0,0,0,0,0,0,0,0,0,0,0,na,0,0,0,na,0,0,0,0,0,0,0,0,0,0,0,0,0,1,0,0,0,0,0,0,0,0,0,0,0,0,0,0,0,0,0,0,0,1,0,0,0,0,0,0,0,0,14,0,0,0,0,0,0,0,0,0,0,0,0,0,0,0,0,0,0,0,0,0,0,0,0,0,0,0,0,0,,0,0,0,0,1,0,0,0,0,0,1,0,0,0,0,14,0,0,0,0,,,,,,,,,,,,,,,,,,,,,,,,,,,,,,
TU,43849,164,Notropis atherinoides,,,Pearl River just below sill at Pools Bluff; 4 mi S of Bogalusa,1967,2,28,Suttkus and Clemmer,,,43849_04,JT DJB GMC,07/02/2024,na,65,50,1372,07/02/2024,No fish between 35-55mm; randomly selected from 164,,0,0,0,0,0,0,0,0,0,0,0,0,0,0,0,0,0,0,0,0,0,0,0,0,0,0,0,0,0,0,0,0,0,0,0,0,1,0,0,0,0,0,0,0,0,0,0,0,0,0,0,0,0,0,0,0,0,0,0,0,0,0,0,0,0,2,0,0,0,0,0,0,0,0,0,0,0,0,0,0,0,0,0,0,0,0,0,0,0,0,0,0,0,0,0,,0,0,0,0,1,0,0,0,0,0,0,0,0,0,0,2,0,0,0,0,,,,,,,,,,,,,,,,,,,,,,,,,,,,,,
TU,43849,164,Notropis atherinoides,,,Pearl River just below sill at Pools Bluff; 4 mi S of Bogalusa,1967,2,28,Suttkus and Clemmer,,,43849_02,JT SC KL,07/02/2024,na,69,55,1932,07/02/2024,No fish between 35-55mm; randomly selected from 164,,0,0,0,0,0,0,0,0,0,0,0,0,0,0,1,0,0,0,0,1,0,0,0,0,0,0,0,0,0,0,0,0,0,0,0,0,0,0,0,0,0,0,0,0,0,0,0,0,0,0,0,0,0,0,0,0,0,0,0,0,0,0,0,0,0,0,0,0,0,0,0,0,0,0,0,0,0,0,0,0,0,0,0,0,0,0,0,0,0,0,0,0,0,0,0,,0,0,0,0,0,0,0,0,0,0,0,0,0,0,0,0,0,0,0,0,,,,,,,,,,,,,,,,,,,,,,,,,,,,,,
TU,99452,83,Notropis atherinoides,,,"Pearl River along left bank above Coburn Creek, 1.5 mi E of Bogalusa",1976,10,13,Suttkus and Sorensen,,,99452_02,JT DMDM,07/02/2024,na,48,37,412,07/02/2024,70 viable 13>55mm,,0,0,0,0,0,0,0,0,0,0,0,0,0,0,0,0,0,0,0,0,0,0,0,0,0,0,0,0,0,0,0,0,0,0,0,0,0,0,0,0,0,0,0,0,0,0,0,0,0,0,0,0,0,0,0,0,0,0,0,0,0,0,0,0,0,0,0,0,0,0,0,0,0,0,0,0,0,0,0,0,0,0,0,0,0,0,0,0,0,0,0,0,0,0,0,,0,0,0,0,0,0,0,0,0,0,0,0,0,0,0,0,0,0,0,0,,,,,,,,,,,,,,,,,,,,,,,,,,,,,,
TU,99452,83,Notropis atherinoides,,,"Pearl River along left bank above Coburn Creek, 1.5 mi E of Bogalusa",1976,10,13,Suttkus and Sorensen,,,99452_03,SC JT,07/02/2024,na,57,45,765,07/02/2024,"Only 70 viable, 13 greater than 55cm",,0,0,0,0,0,0,0,0,0,0,0,0,0,0,0,0,0,0,na,0,0,0,0,0,0,0,0,0,0,0,0,0,0,0,0,0,0,0,0,0,0,0,0,0,0,0,0,0,0,0,0,0,0,0,0,0,2,0,0,0,0,0,0,0,0,0,0,0,0,0,0,0,0,0,0,0,0,0,0,0,0,0,0,0,0,0,0,0,0,0,0,0,0,0,0,,0,0,0,0,0,0,0,0,0,0,2,0,0,0,0,0,0,0,0,0,,,,,,,,,,,,,,,,,,,,,,,,,,,,,,
TU,190342,30,Notropis atherinoides,,,Pearl River along left bank just below pools Bluff Sill,2000,1,8,RD and JS Suttkus,,,190342_04,SC DMDM,07/02/2024,na,55,44,767,07/02/2024,,,0,0,0,0,0,0,0,0,0,0,0,0,0,0,0,0,0,0,0,0,0,2,0,0,0,0,0,0,0,0,0,0,0,0,0,0,1,0,0,0,0,0,0,0,0,0,1,0,0,0,0,0,0,0,0,0,7,0,0,0,0,0,0,0,0,1,0,0,0,0,0,0,0,0,0,0,0,0,0,0,0,0,0,0,0,0,0,0,0,0,0,0,0,0,0,,2,0,0,0,1,0,0,0,0,0,7,0,0,0,0,1,0,0,0,0,,,,,,,,,,,,,,,,,,,,,,,,,,,,,,
TU,43849,164,Notropis atherinoides,,,Pearl River just below sill at Pools Bluff; 4 mi S of Bogalusa,1967,2,28,Suttkus and Clemmer,,,43849_03,JT DJB CJW,07/02/2024,na,80,66,3326,07/02/2024,No fish between 35-55mm; randomly selected from 164,,0,0,0,0,0,0,0,0,0,0,0,0,0,0,0,0,0,0,0,0,0,0,0,0,0,0,0,0,0,0,0,0,0,0,0,0,0,0,0,0,0,0,0,0,0,0,0,0,0,0,0,0,0,0,0,0,0,0,0,0,0,0,0,0,0,0,0,0,0,0,0,0,0,0,0,0,0,0,0,0,0,0,0,0,0,0,0,0,0,0,0,0,0,0,0,,0,0,0,0,0,0,0,0,0,0,0,0,0,0,0,0,0,0,0,0,,,,,,,,,,,,,,,,,,,,,,,,,,,,,,
TU,43849,164,Notropis atherinoides,,,Pearl River just below sill at Pools Bluff; 4 mi S of Bogalusa,1967,2,28,Suttkus and Clemmer,,,43849_01,DJB KL,07/02/2024,na,69,51,1902,07/02/2024,No fish between 35-55mm; randomly selected from 164,,0,0,0,0,0,0,0,0,0,0,0,0,0,0,0,0,0,0,0,0,0,0,0,0,0,1,0,0,0,0,0,0,0,0,0,0,0,0,0,0,0,0,0,0,0,0,0,0,0,0,0,0,0,0,0,0,0,0,0,0,0,0,0,0,0,0,0,0,0,0,0,0,0,0,0,0,0,0,0,0,0,0,0,0,0,0,0,0,0,0,0,0,0,0,0,,0,1,0,0,0,0,0,0,0,0,0,0,0,0,0,0,0,0,0,0,,,,,,,,,,,,,,,,,,,,,,,,,,,,,,
TU,192424,49,Notropis atherinoides,,,Pearl River along left bank just below pools Bluff Sill,2001,1,13,R.D. and J.S. Suttkus,,,192424_04,DJB KL CJW,07/01/2024,na,41,33,229,07/02/2024,48 viable in lot due to size (1<35mm),,0,0,0,0,0,0,0,0,0,0,0,0,0,0,0,0,0,0,0,0,0,0,na,0,0,0,0,0,0,0,0,0,na,0,0,0,1,0,0,0,0,0,0,0,0,0,0,0,0,0,0,0,0,0,0,0,0,0,0,0,0,0,0,0,0,0,1,0,0,0,0,0,0,0,0,0,0,0,0,0,0,0,0,0,0,0,0,0,0,0,0,0,0,0,0,,0,0,0,0,1,0,2,0,0,0,0,0,0,0,0,0,0,0,0,0,,,,,,,,,,,,,,,,,,,,,,,,,,,,,,
TU,192424,49,Notropis atherinoides,,,Pearl River along left bank just below pools Bluff Sill,2001,1,13,RD and JS Suttkus,,,192424_02,IJ GMC,07/01/2024,na,52,44,603,07/02/2024,48 viable in lot due to size (1<35mm),,0,0,0,0,0,0,0,0,0,0,0,0,0,0,0,0,0,0,0,0,0,0,0,0,0,2,0,0,0,0,0,0,0,0,0,0,2,0,0,0,0,4,0,0,0,0,0,0,0,0,0,0,0,0,0,0,1,0,0,0,0,0,0,0,0,1,0,0,0,0,0,0,4,0,0,0,0,0,0,0,0,0,0,0,0,0,0,0,0,0,0,0,0,0,0,,0,2,0,0,2,0,0,0,0,0,1,0,0,0,0,1,0,0,0,0,,,,,,,,,,,,,,,,,,,,,,,,,,,,,,
TU,177808,76,Notropis atherinoides,,,Pearl River along left bank opposite of Bogulsa Creek,1993,1,13,R.D. and J.S. Suttkus,,,177808_01,DJB DMDM,07/02/2024,na,72,59,1865,07/07/2024,randomly selected from 7 > or equal to 70mm,,0,0,0,0,0,0,0,0,0,0,0,0,0,0,0,0,0,0,0,0,1,0,0,0,0,0,0,0,0,0,0,0,na,0,0,0,0,0,0,0,0,0,0,0,0,0,0,0,0,0,0,0,0,0,0,0,0,0,0,0,0,0,0,0,0,0,0,0,0,0,0,0,0,0,0,0,0,0,0,0,0,0,0,0,0,0,0,0,0,0,0,0,0,0,0,,0,0,0,0,0,0,0,0,0,0,0,0,0,0,0,0,0,0,0,0,,,,,,,,,,,,,,,,,,,,,,,,,,,,,,
TU,190342,30,Notropis atherinoides,,,Pearl River along left bank just below pools Bluff Sill,2000,1,8,RD and JS Suttkus,,,190342_03,DJB KL,07/02/2024,na,59,48,956,07/02/2024,,,0,0,0,0,0,0,0,0,0,0,0,0,0,0,0,0,0,0,0,0,0,4,0,0,0,2,0,0,0,0,0,0,0,0,0,0,96,0,0,0,0,0,0,0,0,0,0,0,0,0,0,0,0,0,0,0,0,0,0,0,0,0,0,0,0,7,0,0,0,0,0,0,0,0,0,0,0,0,0,0,0,0,0,0,0,0,0,0,0,0,0,0,0,0,0,,4,2,0,0,96,0,0,0,0,0,0,0,0,0,0,4,0,0,0,0,,,,,,,,,,,,,,,,,,,,,,,,,,,,,,
TU,192424,49,Notropis atherinoides,,,Pearl River along left bank just below pools Bluff Sill,2001,1,13,R.D. and J.S. Suttkus,,,192424_01,DJB GMC,07/02/2024,na,61,48,1065,07/02/2024,48 viable in lot due to size (1<35mm),,0,0,0,0,0,0,0,0,0,0,0,0,0,0,0,0,0,0,0,0,0,0,0,0,0,0,0,0,0,0,0,0,0,0,0,0,0,0,0,0,0,0,0,0,0,0,0,0,0,0,0,0,0,0,0,0,0,0,0,0,0,0,0,0,0,12,0,0,0,0,0,0,0,0,0,0,0,0,0,0,0,0,0,0,0,0,0,0,0,0,0,0,0,0,0,,0,0,0,0,0,0,0,0,0,0,0,0,0,0,0,12,0,0,0,0,,,,,,,,,,,,,,,,,,,,,,,,,,,,,,
TU,59435,21,Notropis atherinoides,,,"Pearl river just above mouth of coburn creek on opposite side of river, 1.5 miles east of bogalusa",1969,10,28,Suttkus and Gunning,,,59435_01,SC DJB KL,07/01/2024,na,63,52,1170,07/02/2024,,,0,0,0,0,0,0,0,0,0,0,0,0,0,0,0,0,0,0,0,0,0,0,0,0,0,0,0,0,0,0,0,0,,0,0,0,0,0,0,0,0,0,0,0,0,0,0,0,0,0,0,0,0,0,0,0,0,0,0,0,0,0,0,0,0,0,1,0,0,0,0,0,0,0,0,0,0,0,0,0,0,0,0,0,0,0,0,0,0,0,0,0,0,0,0,,0,0,0,0,0,0,1,0,0,0,0,0,0,0,0,0,0,0,0,0,,,,,,,,,,,,,,,,,,,,,,,,,,,,,,
TU,197703,40,Notropis atherinoides,,,Pearl River along right bank 1mi below Hwy. 10,2004,10,20,R.J. and J.S. Suttkus,,,197703_02,DJB KL,07/02/2024,na,46.5,37,454,07/02/2024,,,0,0,0,0,0,0,0,0,0,0,0,0,0,0,0,0,0,0,0,0,0,0,0,0,0,2,0,0,0,0,0,0,0,0,0,0,0,0,0,0,0,0,0,0,0,0,0,0,0,0,0,0,0,0,0,0,2,0,0,0,1,0,0,0,0,0,0,0,0,0,0,0,0,0,0,0,0,0,0,0,0,0,0,0,0,0,0,0,0,0,0,0,0,0,0,,0,2,0,0,0,1,0,0,0,0,2,0,0,0,0,0,0,0,0,0,,,,,,,,,,,,,,,,,,,,,,,,,,,,,,
TU,177808,76,Notropis atherinoides,,,Pearl River along left bank opp of Bogaula Creek,1993,1,13,RD and JS Suttkus,,,177808_04,JT GMC,07/01/2024,na,75,59,2218,07/02/2024,Randomly selected from 7 > 70mm,,0,0,0,0,0,0,0,0,0,0,0,0,0,0,0,0,0,0,0,0,0,0,0,0,0,0,0,0,0,0,0,0,0,0,0,0,0,0,0,0,0,0,0,0,0,0,0,0,0,0,0,0,0,0,0,0,0,0,0,0,0,0,0,0,0,0,0,0,0,0,0,0,0,0,0,0,0,0,0,0,0,0,0,0,0,0,0,0,0,0,0,0,0,0,0,,0,0,0,0,0,0,0,0,0,0,0,0,0,0,0,0,0,0,0,0,,,,,,,,,,,,,,,,,,,,,,,,,,,,,,
TU,192424,49,Notropis atherinoides,,,Pearl River along left bank just below pools Bluff Sill,2001,1,13,R.D. and J.S. Suttkus,,,192424_03,DJB KC,07/02/2024,na,48,36,461,07/02/2024,48 viable in lot due to size (1<35mm),,0,0,0,0,0,0,0,0,0,0,0,0,0,0,0,0,0,0,0,0,0,0,0,0,0,0,0,0,0,0,0,0,0,0,0,0,0,0,0,0,0,0,0,0,0,0,0,0,0,0,0,0,0,0,0,0,0,0,0,0,0,0,0,0,0,7,0,0,0,0,0,0,0,0,0,0,0,0,0,0,0,0,0,0,0,0,0,0,0,0,0,0,0,0,0,,0,0,0,0,0,0,0,0,0,0,0,0,0,0,0,0,0,0,0,0,,,,,,,,,,,,,,,,,,,,,,,,,,,,,,
TU,85342,53,Notropis atherinoides,,,Pearl River at Richardson Landing,1974,1,14,Thompson and Bresnick,,,85342_03,IJ DJB CJW,07/01/2024,na,35,30,#VALUE!,07/02/2024,31 viable due to size (2 < 35mm),,0,0,0,0,0,0,0,0,0,0,0,0,0,0,0,0,0,0,na,0,0,0,0,0,0,0,0,0,0,0,0,0,na,0,0,0,0,0,0,0,0,0,0,0,0,0,0,0,0,0,0,0,0,0,0,0,2,0,0,0,0,0,0,0,0,26,0,0,0,0,0,0,0,0,0,0,0,0,0,0,0,0,0,0,0,0,0,0,0,0,0,0,0,0,0,,0,0,0,0,0,0,0,0,0,0,2,0,0,0,0,21,0,0,0,0,,,,,,,,,,,,,,,,,,,,,,,,,,,,,,
TU,197703,40,Notropis atherinoides,,,Pearl RIver along right bank 1 mi below Hwy. 10 ,2004,10,30,R.S. and J.S. Suttkus,,,197703_04,DJB CGMC,07/02/2024,na,43,35,#VALUE!,07/02/2024,Fish internal organs appear emaciated,,0,0,0,0,0,0,0,0,0,0,0,0,0,0,0,0,0,0,0,0,0,0,0,0,0,0,0,0,0,0,0,0,0,0,0,0,0,0,0,0,0,0,0,0,0,0,0,0,0,0,0,0,0,0,0,0,2,0,0,0,0,0,0,0,0,0,0,0,0,0,0,0,0,0,0,0,0,0,0,0,0,0,0,0,0,0,0,0,0,0,0,0,0,0,0,,0,0,0,0,0,0,0,0,0,0,2,0,0,0,0,0,0,0,0,0,,,,,,,,,,,,,,,,,,,,,,,,,,,,,,
TU,104231,27,Notropis atherinoides,,,Pearl River along left bank 0.3mi below Richardson Landing,1977,10,19,Suttkus and Sorensen,,,104231_03,IJ DJB DMDM,07/01/2024,f,41,35,404,07/02/2024,,,0,0,0,0,0,0,0,0,0,0,0,0,0,0,0,0,0,0,0,0,0,2,0,0,0,0,0,0,0,0,0,0,0,0,0,1,0,0,0,0,0,0,0,0,0,0,0,0,0,0,0,0,0,0,0,0,5,0,0,0,0,0,0,0,0,0,0,0,0,0,0,0,0,0,0,0,0,0,0,0,0,0,0,0,0,0,0,0,0,0,0,0,0,0,0,,2,0,0,0,1,0,0,0,0,0,5,0,0,0,0,0,0,0,0,0,,,,,,,,,,,,,,,,,,,,,,,,,,,,,,
TU,197703,40,Notropis atherinoides,,,Pearl River along right bank 1mi below Hwy. 10,2004,10,30,R.S. and J.S. Suttkus,,,197703_03,SC DMDM,07/02/24,F,44,34,364,07/02/2024,,,0,0,0,0,0,0,0,0,0,0,0,0,0,0,0,0,0,0,1,0,0,0,0,0,0,0,0,0,0,0,0,0,na,0,0,0,6,0,0,0,0,0,0,0,0,0,0,0,0,0,0,0,0,0,0,0,5,0,0,0,1,0,0,0,0,0,0,0,0,0,0,0,0,0,0,0,0,0,0,0,0,0,0,0,0,0,0,0,0,0,0,0,0,0,0,,0,0,0,1,6,1,0,0,0,0,5,0,0,0,0,0,0,0,0,0,,,,,,,,,,,,,,,,,,,,,,,,,,,,,,
TU,197703,40,Notropis atherinoides,,,Pearl River along right bank 1mi below Hwy. 10,2004,10,30,R.S. and J.S. Suttkus,,,197703_01,ij sc gmc,07/02/2024,na,49,36,3910,07/02/2024,,,0,0,0,0,0,0,0,0,0,0,0,0,0,0,0,0,0,0,0,0,0,0,0,0,0,0,0,0,0,0,0,0,0,0,0,0,4,0,0,0,0,0,0,0,0,0,0,0,0,0,0,0,0,0,0,0,4,0,0,0,1,0,0,0,0,0,0,0,0,0,0,0,0,0,0,0,0,0,0,0,0,0,0,0,0,0,0,0,0,0,0,0,0,0,0,,0,0,0,0,4,1,0,0,0,0,4,0,0,0,0,0,0,0,0,0,,,,,,,,,,,,,,,,,,,,,,,,,,,,,,
TU,177808,76,Notropis atherinoides,,,Pearl River along left bank opp of Bogaula Creek,1993,1,13,RD and JS Suttkus,,,177808_02,jt djb dmdm,07/01/2024,f,72,57,1698,07/02/2024,Randomly selected from 7 to by over or equal to 70mm,,0,0,0,0,0,0,0,0,0,0,0,0,0,0,0,0,0,0,0,0,0,0,0,0,0,0,0,0,0,0,0,0,na,0,0,0,0,0,0,0,0,0,0,0,0,0,0,0,0,0,0,0,0,0,0,0,0,0,0,0,0,0,0,0,0,0,0,0,0,0,0,0,0,0,0,0,0,0,0,0,0,0,0,0,0,0,0,0,0,0,0,0,0,0,0,,0,0,0,0,0,0,0,0,0,0,0,0,0,0,0,0,0,0,0,0,,,,,,,,,,,,,,,,,,,,,,,,,,,,,,
TU,190342,30,Notropis atherinoides,,,Pearl River along left bank just below pools Bluff Sill,2000,1,8,RD and JS Suttkus,,,190342_02,jt sc gmc,07/02/2024,na,59,46,929,07/02/2024,,,0,0,0,0,0,0,0,0,0,0,0,0,0,0,0,0,0,0,0,0,0,0,0,0,0,0,0,0,0,0,0,0,0,0,0,0,0,0,0,0,0,0,0,0,0,0,0,0,0,0,0,0,0,0,0,0,1,0,0,0,0,0,0,0,0,0,0,0,0,0,0,0,0,0,0,0,0,0,0,0,0,0,0,0,0,0,0,0,0,0,0,0,0,0,0,,0,0,0,0,0,0,0,0,0,0,1,0,0,0,0,0,0,0,0,0,,,,,,,,,,,,,,,,,,,,,,,,,,,,,,
TU,190342,30,Notropis atherinoides,,,Pearl River along left bank just below pools Bluff Sill,2000,1,8,RD and JS Suttkus,,,190342_01,ij djb kl,07/02/2024,na,60,53,9830,07/02/2024,,,0,0,0,0,0,0,0,0,0,0,0,0,0,0,0,0,0,0,0,0,0,0,0,0,0,0,0,0,0,0,0,0,0,0,0,0,0,0,0,0,0,0,0,0,0,0,0,0,0,0,0,0,0,0,0,0,2,0,0,0,5,0,0,0,0,0,0,0,0,0,0,0,0,0,0,0,0,0,0,0,0,0,0,0,0,0,0,0,0,0,0,0,0,0,0,,0,0,0,0,0,5,0,0,0,0,2,0,0,0,0,0,0,0,0,0,,,,,,,,,,,,,,,,,,,,,,,,,,,,,,
TU,104231,27,Notropis atherinoides,,,Pearl River along left bank 0.3mi below Richardson Landing,1977,10,19,Suttkus and Sorensen,,,104231_04,jt sc gmc,07/01/2024,na,63,49,986,07/02/2024,,,0,0,0,0,0,0,0,0,0,0,0,0,0,0,0,0,0,0,0,0,0,0,0,0,0,0,0,0,0,0,0,0,0,0,0,0,0,0,0,0,0,0,0,0,0,0,0,0,0,0,0,0,0,0,0,0,1,0,0,0,0,0,0,0,0,0,0,0,0,0,0,0,0,0,0,0,0,0,0,0,0,0,0,0,0,0,0,0,0,0,0,0,0,0,0,,0,0,0,0,0,0,0,0,0,0,0,0,0,0,0,0,0,0,0,0,,,,,,,,,,,,,,,,,,,,,,,,,,,,,,
TU,85342,53,Notropis atherinoides,,,Pearl River at Richardson Landing,1974,1,14,Thompson and Bresnick,,,85342_04,jt sc kl,07/01/2024,na,63,50,1200,07/01/2024,31 viable in lot due to size restriction (22-35mm),,0,0,0,0,0,0,0,0,0,0,0,0,0,0,0,0,0,0,0,0,0,0,0,0,0,0,0,0,0,0,0,0,0,0,0,0,0,0,0,0,0,0,0,0,0,0,0,0,0,0,0,0,0,0,0,0,0,0,0,0,0,0,0,0,0,87,0,0,0,0,0,0,0,0,0,0,0,0,0,0,0,0,0,0,0,0,0,0,0,0,0,0,0,0,0,,0,0,0,0,0,0,0,0,0,0,0,0,0,0,0,0,0,0,0,0,,,,,,,,,,,,,,,,,,,,,,,,,,,,,,
TU,85342,53,Notropis atherinoides,,,Pearl River at Richardson Landing,1974,1,14,Thompson and Bresnick,,,85342_01,jt sc cjw,07/01/2024,na,70,56,1618,07/01/2024,31 viable in lot due to size restriction (22-35mm),,0,0,0,0,0,0,0,0,0,0,0,2,0,0,0,0,0,0,0,0,0,0,0,0,1,0,0,0,0,0,0,0,na,0,0,0,2,0,0,0,0,0,0,0,0,0,0,0,0,0,0,0,0,0,0,0,4,0,0,0,0,0,0,0,0,0,0,0,0,0,0,0,0,0,0,0,0,0,0,0,0,0,0,0,0,0,0,0,0,0,0,0,0,0,0,,0,0,0,0,2,0,0,0,0,0,4,0,0,0,0,0,0,0,0,0,,,,,,,,,,,,,,,,,,,,,,,,,,,,,,
TU,177808,76,Notropis atherinoides,,,Pearl River along left bank opp of Bogaula Creek,1993,1,13,RD and JS Suttkus,,,177808_03,jt djb dmdm,07/01/2024,f,70,55,1615,07/01/2024,randomly selected from 7 due to size restrictions (greater than 70mm),,0,0,0,0,0,0,0,0,0,0,0,0,0,0,0,0,0,0,0,0,0,0,0,0,0,0,0,0,0,0,0,0,0,0,0,0,0,0,0,0,0,0,0,0,0,0,0,0,0,0,0,0,0,0,0,0,1,0,0,0,0,0,0,0,0,0,0,0,0,0,0,0,0,0,0,0,0,0,0,0,0,0,0,0,0,0,0,0,0,0,0,0,0,0,0,,0,0,0,0,0,0,0,0,0,0,1,0,0,0,0,0,0,0,0,0,,,,,,,,,,,,,,,,,,,,,,,,,,,,,,
TU,85342,53,Notropis atherinoides,,,Pearl River at Richardson Landing,1974,1,14,Thompson and Bresnick,,,85342_02,jt djb ij cjw,07/01/2024,na,67,53,#VALUE!,07/01/2024,31 viable in lot due to size restriction (22-35mm),,0,0,0,0,0,0,0,0,0,0,0,0,0,1,0,0,0,0,0,0,0,0,na,0,0,0,0,0,0,0,0,0,na,0,0,0,0,0,0,0,0,0,0,0,0,0,0,0,0,0,0,0,0,0,0,0,4,0,0,0,0,0,0,0,1,0,0,0,0,0,0,0,0,0,0,0,0,0,0,0,0,0,0,0,0,0,0,0,0,0,0,0,0,0,0,,0,0,0,0,0,0,0,0,0,0,4,0,0,0,0,0,0,0,0,0,,,,,,,,,,,,,,,,,,,,,,,,,,,,,,
TU,197245,24,Notropis atherinoides,,,Pearl River along left bank at 2nd bend below Richardson ldg,2004,7,17,rd and js suttkus,,,197245_02,sc jt kl,07/02/2024,na,49,41,599,07/02/2024,12 viable due to size restriction,,0,0,0,0,0,0,0,0,0,0,0,0,0,0,0,0,0,0,0,0,1,0,0,0,0,0,0,0,0,0,0,0,0,0,0,0,0,0,0,0,0,0,0,0,0,0,0,0,0,0,0,0,0,0,0,0,6,0,0,0,0,0,0,0,0,0,0,0,0,0,0,0,0,0,0,0,0,0,0,0,0,0,0,0,0,0,0,0,0,0,0,0,0,0,0,,0,0,0,0,0,0,0,0,0,0,6,0,0,0,0,0,0,1,0,0,,,,,,,,,,,,,,,,,,,,,,,,,,,,,,
TU,197245,24,Notropis atherinoides,,,Pearl River along left bank at 2nd bend below Richardson ldg,2004,7,17,rd and js suttkus,,,197245_01,sc jt kl,07/02/2024,na,77,62,2283,07/02/2024,12 viable due to size restriction,,0,0,0,0,0,0,0,0,0,0,0,0,0,0,1,0,0,0,0,0,0,0,0,0,0,0,0,0,0,0,0,0,0,0,0,0,0,0,0,0,0,0,0,0,0,0,0,0,0,0,0,0,0,0,0,0,13,0,0,0,1,0,0,0,0,1,0,0,0,0,0,0,0,0,0,0,0,0,0,0,0,0,0,0,0,0,0,0,0,0,0,0,0,0,1,,0,0,0,0,0,1,0,0,0,0,13,0,0,0,0,0,0,0,0,0,,,,,,,,,,,,,,,,,,,,,,,2,,,,,,,
TU,72349,74,Notropis atherinoides,,,Pearl River just above Coburn Creek; 1.5 mi E of Bogalusa,1971,10,26,suttkus and thompson,,,72349_03,djb kl,07/02/2024,na,54,42,780,07/02/2024,33 viable due to size restriction (35-55mm),,0,0,0,0,0,0,0,0,0,0,0,0,0,0,0,0,0,0,0,0,0,0,0,0,0,0,0,0,0,0,0,0,0,0,0,0,0,0,0,0,0,0,0,0,0,0,0,0,0,0,0,0,0,0,0,0,2,0,0,0,0,0,0,0,0,0,0,0,0,0,0,0,0,0,0,0,0,0,0,0,0,0,0,0,0,0,0,0,0,0,0,0,0,0,0,,0,0,0,0,0,0,0,0,0,0,2,0,0,0,0,0,0,0,0,0,,,,,,,,,,,,,,,,,,,,,,,,,,,,,,
TU,197245,24,Notropis atherinoides,,,Pearl River along left bank at 2nd bend below Richardson ldg,2004,7,17,rd and js suttkus,,,197245_04,sc jt gmc,07/02/2024,na,37,31,252,07/02/2024,12 viable due to size restriction,,0,0,0,0,0,0,0,0,0,0,0,0,0,0,0,0,0,0,0,0,0,1,0,0,0,0,0,0,0,0,0,0,0,0,0,0,0,0,0,0,0,0,0,0,0,0,0,0,0,0,0,0,0,0,0,0,1,0,0,0,0,0,0,0,0,0,0,0,0,0,0,0,0,0,0,0,0,0,0,0,0,0,0,0,0,0,0,0,0,0,0,0,0,0,0,,1,0,0,0,0,0,0,0,0,0,1,0,0,0,0,0,0,0,0,0,,,,,,,,,,,,,,,,,,,,,,,,,,,,,,
TU,198603,179,Notropis atherinoides,,,Pearl river along right bank at second bend above river mile 54,2005,7,15,rd and js suttkus,,,198603_01,sc jt kl,07/02/2024,na,37,31,241,07/02/2024,111 viable due to size restriction,,0,0,0,0,0,0,0,0,0,0,0,0,0,0,0,0,0,0,0,0,0,0,0,0,0,1,0,0,0,0,0,0,0,0,0,0,0,0,0,0,0,0,0,0,0,0,0,0,0,0,0,0,0,0,0,0,0,0,0,0,0,0,0,0,0,0,0,0,0,0,0,0,0,0,0,0,0,0,0,0,0,0,0,0,0,0,0,0,0,0,0,0,0,0,0,,0,na,0,0,0,0,0,0,0,0,0,0,0,0,0,0,0,0,0,0,,,,,,,,,,,,,,,,,,,,,,,,,,,,,,
TU,198603,179,Notropis atherinoides,,,Pearl river along right bank at second bend above river mile 54,2005,7,15,rd and js suttkus,,,198603_03,djb jt cjw,07/02/2024,na,41,35,331,07/03/2024,111 viable due to size restriction,,0,0,0,0,0,0,0,0,0,0,0,0,0,0,0,0,0,0,na,0,6,0,na,0,0,0,0,0,0,0,0,0,0,0,0,0,0,0,0,0,0,0,0,0,0,0,0,0,0,0,0,0,0,0,0,0,4,0,0,0,0,0,0,0,0,0,0,0,0,0,0,0,0,0,0,0,0,0,0,0,0,0,0,0,0,0,0,0,0,0,0,0,0,0,0,,0,0,0,0,0,0,0,0,0,0,3,0,0,0,0,0,0,5,0,0,,,,,,,,,,,,,,,,,,,,,,,,,,,,,,
TU,197245,24,Notropis atherinoides,,,Pearl River along left bank at 2nd bend below Richardson ldg,2004,7,17,rd and js suttkus,,,197245_03,djb jt gmc,07/02/2024,na,41,37,501,07/03/2024,12 viable due to size restriction,,0,0,0,0,0,0,0,0,0,0,0,0,0,0,0,0,0,0,0,0,0,0,0,0,0,0,0,0,0,0,0,0,0,0,0,0,0,0,0,0,0,0,1,0,0,0,0,0,0,0,0,0,0,0,0,0,8,0,0,0,0,0,0,0,0,0,0,0,0,0,0,0,0,1,0,0,0,0,0,0,0,0,0,0,0,0,0,0,0,0,0,0,0,0,0,,0,0,0,0,0,0,0,0,0,0,0,0,0,0,0,0,0,0,0,0,,,,,,,,,,,,,,,,,,,,,,,,,,,,,,
TU,198603,179,Notropis atherinoides,,,Pearl river along right bank at second bend above river mile 54,2005,7,15,rd and js suttkus,,,198603_02,sc jt kl,07/02/2024,na,37,29,254,07/03/2024,111 viable due to size restriction,,0,0,0,0,0,0,0,0,0,0,0,0,0,0,0,0,0,0,0,0,0,0,0,0,0,0,0,0,0,0,0,0,0,0,0,0,0,0,0,0,0,0,0,0,0,0,0,0,0,0,0,0,0,0,0,0,1,0,0,0,0,0,0,0,0,0,0,0,0,0,0,0,0,0,0,0,0,0,0,0,0,0,0,0,0,0,0,0,0,0,0,0,0,0,0,,0,0,0,0,0,0,0,0,0,0,1,0,0,0,0,0,0,0,0,0,,,,,,,,,,,,,,,,,,,,,,,,,,,,,,
TU,174635,13,Notropis atherinoides,,,na,1995,4,29,rd and js suttkus,,,174635_04,jt djb dmdm,07/03/2024,na,52,45,909,07/03/2024,,,0,0,0,0,0,0,0,0,0,0,0,0,0,0,0,0,0,0,0,0,0,0,0,0,0,0,0,0,0,0,0,0,0,0,0,0,0,0,0,0,0,0,0,0,0,0,0,0,0,0,0,0,0,0,0,0,2,0,0,0,0,0,0,0,0,0,0,0,0,0,0,0,0,0,0,0,0,0,0,0,0,0,0,0,0,0,0,0,0,0,0,0,0,0,0,,0,0,0,0,0,0,0,0,0,0,2,0,0,0,0,0,0,0,0,0,,,,,,,,,,,,,,,,,,,,,,,,,,,,,,
TU,184734,31,Notropis atherinoides,,,Pearl RIver along right bank 1 mi below Hwy. 10 ,1997,10,12,jt dmdm,,,184734_04,jt dmdm,07/03/2024,na,55,42,716,07/03/2024,28 fish viable in lot due to size constraints (only 3 were over 35mm),,0,0,0,0,0,0,0,0,0,0,0,0,0,0,0,0,0,0,0,0,0,0,0,0,0,1,0,0,0,0,0,0,na,0,0,0,0,0,0,0,0,0,0,0,0,0,0,0,0,0,0,0,0,0,0,0,7,0,0,0,1,0,0,0,0,0,0,0,0,0,0,0,0,0,0,0,0,0,0,0,0,0,0,0,0,0,0,0,0,0,0,0,0,0,0,,0,1,0,0,0,1,0,0,0,0,7,0,0,0,0,0,0,0,0,0,,,,,,,,,,,,,,,,,,,,,,,,,,,,,,
TU,189551,25,Notropis atherinoides,,,Pearl River along left bank just below pools Bluff Sill,1999,10,9,jt djb kl,,,189551_03,jt djb kl,07/03/2024,na,52,41,683,07/03/2024,,,0,0,0,0,0,0,0,0,0,0,0,0,0,0,0,0,0,0,0,0,0,0,0,0,0,0,0,0,0,0,0,0,0,0,0,0,0,0,0,0,0,0,0,0,0,0,0,0,0,0,0,0,0,0,0,0,25,0,0,0,0,0,0,0,0,0,0,0,0,0,0,0,0,0,0,0,0,0,0,0,0,0,0,0,0,0,0,0,0,0,0,0,0,0,0,,0,0,0,0,0,0,0,0,0,0,25,0,0,0,0,0,0,0,0,0,,,,,,,,,,,,,,,,,,,,,,,,,,,,,,
TU,198603,179,Notropis atherinoides,,,Pearl river along right bank at second bend above river mile 54,2005,7,15,rd and js suttkus,,,198603_04,djb jt clw,07/03/2024,na,45,36,441,07/03/2024,111 viable due to size restriction,,0,0,0,0,0,0,0,0,0,0,0,0,0,0,0,0,0,0,0,0,0,0,na,na,na,0,0,0,0,0,0,0,na,0,0,0,0,0,0,0,0,0,0,0,0,0,0,0,0,0,0,0,0,0,0,0,0,0,0,0,0,0,0,0,0,0,0,0,0,0,0,0,0,0,0,0,0,0,0,0,0,0,0,0,0,0,0,0,0,0,0,0,0,0,0,,0,0,0,0,0,0,0,0,0,0,0,0,0,0,0,0,0,0,0,0,,,,,,,,,,,,,,,,,,,,,,,,,,,,,,
TU,134807,162,Notropis atherinoides,,,Pearl River along left bank just below pools Bluff Sill,1984,4,26,Suttkus and Inaw,,,134807_01,DJB IJ KL,07/03/2024,na,48,42,632,07/03/2024,35 viable in lot between 35 and 55 mm,,0,0,0,0,0,0,0,0,0,0,0,0,0,0,0,0,0,0,0,0,1,0,0,0,0,0,0,0,0,0,0,0,0,0,0,0,3,0,0,0,0,0,0,0,0,0,0,0,0,0,0,0,0,0,0,0,1,0,0,0,0,0,0,0,0,0,0,0,0,0,0,0,0,0,0,0,0,0,0,0,0,0,0,0,0,0,0,0,0,0,0,0,0,0,0,,0,0,0,0,3,0,0,0,0,0,1,0,0,0,0,0,0,0,0,0,,,,,,,,,,,,,,,,,,,,,,,,,,,,,,
TU,68296,205,Notropis atherinoides,,,Pealr River just below sill at pools bluff; 4mi S of Bogalusa,1971,1,25,"Suttkus, Gunning, Thompson, Cashner",,,68296_02,DJB KC,07/03/2024,na,58,48,1122,07/03/2024,None within 35-55mm rangee; chose next smallest,,0,0,0,0,0,0,0,0,0,0,0,0,0,0,0,0,0,0,0,0,0,0,0,0,0,0,0,0,0,0,0,0,0,0,0,0,0,0,0,0,0,0,0,0,0,0,0,0,0,2,0,0,0,0,0,0,0,0,0,0,0,0,0,0,0,2,0,0,0,0,0,0,0,0,0,0,0,0,0,0,0,0,2,0,0,0,0,0,0,0,0,0,0,0,0,,0,0,0,0,0,0,0,0,0,0,0,0,0,0,0,1,0,0,0,0,,,,,,,,,,,,,,,,,,,,,,,,,,,,,,
TU,123299,56,Notropis atherinoides,,,Pearl River along left bank 0.5 mile above mouth of Coburn Creek,1981,10,22,Suttkus and Rohmann,,,123299_02,JT CLW,07/03/2024,na,43,33,327,07/03/2024,Randomly selected from 25 fish from 35-55mm,,0,0,0,1,0,0,0,0,0,0,0,0,0,0,0,0,0,0,na,0,0,0,na,na,na,0,0,0,0,0,0,0,na,0,0,0,0,0,0,0,0,0,0,0,0,0,0,0,0,0,0,0,0,0,0,0,0,0,0,0,0,0,0,0,0,0,0,0,0,0,0,0,0,0,0,0,0,0,0,0,0,0,0,0,0,0,0,0,0,0,0,0,0,0,0,,0,0,0,0,0,0,0,0,0,0,0,0,0,0,0,0,1,0,0,0,,,,,,,,,,,,,,,,,,,,,,,,,,,,,,
TU,68296,205,Notropis atherinoides,,,Pearl River just below sill at Pools Bluff; 4 mi S of Bogalusa,1971,1,25,"Suttkus, Gunning, Thompson, Cashner",,,68296_03,CJW,07/03/2024,na,68,52,1307,07/03/2024,None within 35-55mm rangee; chose next smallest,,0,0,0,0,0,0,0,0,0,0,0,0,0,0,0,0,0,0,0,0,0,0,na,0,0,0,0,0,0,0,0,0,0,0,0,0,0,0,0,0,0,0,0,0,0,0,0,0,0,0,0,0,0,0,0,0,0,0,0,0,0,0,0,0,0,0,0,0,0,0,0,0,0,0,0,0,0,0,0,0,0,0,0,0,0,0,0,0,0,0,0,0,0,,0,,0,0,0,0,0,0,0,0,0,0,0,0,0,0,0,0,0,0,0,0,,,,,,,,,,,,,,,,,,,,,,,,,,,,,,
TU,134807,162,Notropis atherinoides,,,Pearl River along left bank just below pools Bluff Sill,1984,4,26,Suttkus and Inaw,,,134807_02,JT DMDM,07/03/2024,na,54,43,729,07/03/2024,35 viable in lot between 35 and 55 mm,,0,0,0,0,0,0,0,0,0,0,0,0,0,0,0,0,0,0,0,0,0,0,0,0,0,0,0,0,0,0,0,0,0,0,0,0,1,0,0,0,0,0,0,0,0,0,0,0,0,0,0,0,0,0,0,0,12,0,0,0,0,0,0,0,0,0,0,0,0,0,0,0,0,0,0,0,0,0,0,0,0,0,0,0,0,0,0,0,0,0,0,0,0,0,0,,0,0,0,0,0,0,0,0,0,0,12,0,0,0,0,0,0,0,0,0,,,,,,,,,,,,,,,,,,,,,,,,,,,,,,
TU,68296,205,Notropis atherinoides,,,Pearl River just below sill at Pools Bluff; 4 mi S of Bogalusa,1971,1,25,"Suttkus, Gunning, Thompson, Cashner",,,68296_04,DMDM,07/03/2024,F,58,46,995,07/03/2024,None within 35-55mm rangee; chose next smallest,,0,0,0,0,0,0,0,0,0,0,0,0,0,0,1,0,0,0,0,0,0,0,0,0,0,0,0,0,0,0,0,0,0,0,0,0,0,0,0,0,0,0,0,0,0,0,0,0,0,0,0,0,0,0,0,0,0,0,0,0,0,0,0,0,0,0,0,0,0,0,0,0,0,0,0,0,0,0,0,0,0,0,0,0,0,0,0,0,0,0,0,0,0,0,1,,0,0,0,0,0,0,0,0,0,0,0,0,0,0,0,0,0,0,0,0,,,,,,,,,,,,,,,,,,,,,,,,,,,,,,
TU,134807,162,Notropis atherinoides,,,Pearl River along left bank just below pools Bluff Sill,1984,4,25,Suttkus and Inaw,,,134807_03,SC GMC,07/03/2024,na,49,40,535,07/03/2024,35 viable in lot due to size (35-55mm),,0,0,0,0,0,0,0,0,0,0,0,0,0,0,0,0,0,0,0,0,0,2,0,0,0,2,0,0,0,0,0,0,0,0,0,0,1,0,0,0,0,0,0,0,0,0,0,0,0,0,0,0,0,0,0,0,3,0,0,0,0,0,0,0,0,0,0,0,0,0,0,0,0,0,0,0,0,0,0,0,0,0,0,0,0,0,0,0,0,0,0,0,0,0,0,,2,2,0,0,1,0,0,0,0,0,3,0,0,0,0,0,0,0,0,0,,,,,,,,,,,,,,,,,,,,,,,,,,,,,,
TU,136270,9,Notropis atherinoides,,,Pearl River along left bank just below pools Bluff Sill,1984,7,17,Suttkus and Inaw ,,,136270_01,DJB CLW,07/03/2024,na,67,55,1558,07/03/2024,"2 fish35-55mm, next two smallest selected",,0,0,0,0,0,0,0,0,0,0,0,0,0,0,0,0,0,0,na,0,0,0,na,na,na,1,0,0,0,0,0,0,0,0,0,0,0,0,0,0,0,0,0,0,0,0,0,0,0,0,0,0,0,0,0,0,11,0,0,0,0,0,0,0,0,0,0,0,0,0,0,0,0,0,0,0,0,0,0,0,0,0,0,0,0,0,0,0,0,0,0,0,0,0,0,,0,1,0,0,0,0,0,0,0,0,10,0,0,0,0,0,0,0,0,0,,,,,,,,,,,,,,,,,,,,,,,,,,,,,,
TU,189551,25,Notropis atherinoides,,,Pearl River along left bank just below pools Bluff Sill,1999,10,9,RD and JS Suttkus,,,189551_04,SC DJB GMC,07/03/2024,na,52,43,716,07/03/2024,,,0,0,0,0,0,0,0,0,0,0,0,0,0,0,0,0,0,0,0,0,0,0,0,0,0,0,0,0,0,0,0,0,0,0,0,0,42,0,0,0,0,0,0,0,0,0,0,0,0,0,0,0,0,0,0,0,15,0,0,0,1,0,0,0,0,3,0,0,0,0,0,0,0,0,0,0,0,0,0,0,0,0,0,0,0,0,0,0,0,0,0,0,0,0,0,,0,0,0,0,42,1,0,0,0,0,15,0,0,0,0,3,0,0,0,0,,,,,,,,,,,,,,,,,,,,,,,,,,,,,,
TU,174635,13,Notropis atherinoides,,,Pearl River along right bank of Richardson Landing,1995,4,29,R.D. and J.S. Suttkus,,,174635_02,DJB GMC,07/03/2024,F,66,54,1399,07/03/2024,,,0,0,0,0,0,0,0,0,0,0,0,0,0,0,0,0,0,0,0,0,0,0,0,0,0,0,0,0,0,0,0,0,0,0,0,0,0,0,0,0,0,0,0,0,0,0,0,0,0,0,0,0,0,0,0,0,1,0,0,0,0,0,0,0,0,0,0,0,0,0,0,0,0,0,0,0,0,0,0,0,0,0,0,0,0,0,0,0,0,0,0,0,0,0,0,,0,0,0,0,0,0,0,0,0,0,1,0,0,0,0,0,0,0,0,0,,,,,,,,,,,,,,,,,,,,,,,,,,,,,,
TU,136270,9,Notropis atherinoides,,,Pearl River along left bank just below pools Bluff Sill,1984,7,17,Suttkus and Inaw,,,136260_04,CJW,07/03/2024,na,42,34,320,07/03/2024,"two fish 35-55mm selected, next two smallest selected.",,0,0,0,0,0,0,0,0,0,0,0,0,0,0,0,0,0,0,0,0,0,0,0,0,0,0,0,0,0,0,0,0,0,0,0,0,0,0,0,0,0,0,0,0,0,0,0,0,0,0,0,0,0,0,0,0,3,0,0,0,0,0,0,0,0,0,0,0,0,0,0,0,0,0,0,0,0,0,0,0,0,0,0,0,0,0,0,0,0,0,0,0,0,0,0,,0,0,0,0,0,0,0,0,0,0,3,0,0,0,0,0,0,0,0,0,,,,,,,,,,,,,,,,,,,,,,,,,,,,,,
TU,123299,56,Notropis atherinoides,,,Pearl River along left bank 0.5 mile above mouth of Coburn Creek,1981,10,22,Suttkus and Rohmann,,,123299_04,IJ DMDM,07/03/2024,na,40,36,319,07/03/2024,Randomly selected from 25 fish 25-55mm,,0,0,0,0,0,0,0,0,0,0,0,0,0,0,0,0,0,0,0,0,0,0,0,0,0,0,0,0,0,0,0,0,0,0,0,0,0,0,0,0,0,0,0,0,0,0,0,0,0,0,0,0,0,0,0,0,14,0,0,0,3,0,0,0,0,0,0,0,0,0,0,0,0,0,0,0,0,0,0,0,0,0,0,0,0,0,0,0,0,0,0,0,0,0,0,,0,0,0,0,0,3,0,0,0,0,14,0,0,0,0,0,0,0,0,0,,,,,,,,,,,,,,,,,,,,,,,,,,,,,,
TU,174635,13,Notropis atherinoides,,,Pearl River along right bank of Richardson Landing,1995,4,29,R.D. and J.S. Suttkus,,,174635_03,CJW,07/03/2024,na,50,43,616,07/03/2024,Cloudiness in pec. fin ray gaps- collected,,0,0,0,0,0,0,0,0,0,0,0,0,0,0,0,0,0,0,0,0,0,0,na,0,0,0,0,0,0,0,0,0,0,0,0,0,0,0,0,0,0,0,0,0,0,0,0,0,0,0,0,0,0,0,0,0,0,0,0,0,0,0,0,0,0,0,0,0,0,0,0,0,0,0,0,0,0,0,0,0,0,0,0,0,0,0,0,0,0,0,0,0,0,0,0,,0,0,0,0,0,0,0,0,0,0,0,0,0,0,0,0,0,0,0,0,,,,,,,,,,,,,,,,,,,,,,,,,,,,,,
TU,136270,9,Notropis atherinoides,,,Pear River along left bank just below Pools Bluff Sill,1984,7,17,Suttkus abd Inaw,,,136270_02,DJB GMC ,07/03/2024,na,70.5,56,1872,07/03/2024,"two fish 35-55mm selected, next two smallest selected.",,0,0,0,0,0,0,0,0,0,0,0,0,0,0,0,0,0,0,0,0,0,0,0,0,0,1,0,0,0,0,0,0,0,0,0,0,0,0,0,0,0,0,0,0,0,0,0,0,0,0,0,0,0,0,0,0,2,0,0,0,0,0,0,0,0,0,0,0,0,0,0,0,0,0,0,0,0,0,0,0,0,0,0,0,0,0,0,0,0,0,0,0,0,0,0,,0,1,0,0,0,0,0,0,0,0,2,0,0,0,0,0,0,0,0,0,,,,,,,,,,,,,,,,,,,,,,,,,,,,,,
TU,189551,25,Notropis atherinoides,,,Pearl River along left bank just below Pools Bluff Sill,1999,10,9,R.D. and J.S. Suttkus,,,189551_02,JT DJB KL,07/03/2024,na,56,45,780,07/03/2024,,,0,0,0,0,0,0,0,0,0,0,0,0,0,0,0,0,0,0,0,0,0,0,0,0,0,0,0,0,0,0,0,0,0,0,0,0,0,0,0,0,0,1,0,0,0,0,0,0,0,0,0,0,0,0,0,0,8,0,0,0,0,0,0,0,0,6,0,0,0,0,0,0,1,0,0,0,0,0,0,0,0,0,0,0,0,0,0,0,0,0,0,0,0,0,0,,0,0,0,0,0,0,0,0,0,0,6,0,0,0,0,6,0,0,0,0,,,,,,,,,,,,,,,,,,,,,,,,,,,,,,
TU,123299,56,Notropis atherinoides,,,Pearl River along left bank 0.5 mile above mouth of Coburn Creek,1981,10,22,Sutkus and Rohmann,,,123299_01,JT CLW,07/03/2024,na,51,39,534,07/03/2024,Randomly selected from 25 fish 35-55mm,,0,0,0,0,0,0,0,0,0,0,0,0,0,0,0,0,0,0,na,0,0,0,na,na,na,0,0,0,0,0,0,0,na,0,0,0,1,0,0,0,0,0,0,0,0,0,0,0,0,0,0,0,0,0,0,0,10,0,0,0,0,0,0,0,0,3,0,0,0,0,0,0,0,0,0,0,0,0,0,0,0,0,0,0,0,0,0,0,0,0,0,0,0,0,0,,0,0,0,0,0,0,0,0,0,0,10,0,0,0,0,3,0,0,0,0,,,,,,,,,,,,,,,,,,,,,,,,,,,,,,
TU,184734,31,Notropis atherinoides,,,Pearl River along right bank 1.0 mi below LA Hwy. 10.,1997,10,12,R.D. and J.S. Suttkus,,,184734_02,DJB CJW,07/03/2024,na,59,49,801,07/03/2024,28 viable in lot due to size (3<35mm),,0,0,0,0,0,0,0,0,0,0,0,0,0,0,0,0,0,0,0,0,0,0,0,0,0,0,0,0,0,0,0,0,0,0,0,0,0,0,0,0,0,0,0,0,0,0,0,0,0,0,0,0,0,0,0,0,1,0,0,0,2,0,0,0,0,0,0,0,0,0,0,0,0,0,0,0,0,0,0,0,0,0,0,0,0,0,0,0,0,0,0,0,0,0,0,,0,0,0,0,0,2,0,0,0,0,0,0,0,0,0,0,0,0,0,0,,,,,,,,,,,,,,,,,,,,,,,,,,,,,,
TU,189551,25,Notropis atherinoides,,,Pearl River along left bank just below Pools Bluff Sill,1999,10,9,R.D. and J.S. Suttkus,,,189551_01,IJ DJB CJW,07/03/2024,na,62,49,1327,07/03/2024,,,0,0,0,0,0,0,0,0,0,0,0,0,0,0,0,0,0,0,0,0,0,0,na,0,0,0,0,0,0,0,0,0,0,0,0,0,0,0,0,0,0,0,0,0,0,0,0,0,0,0,0,0,0,0,0,0,3,0,0,0,0,0,0,0,0,20,0,0,0,0,0,0,0,0,0,0,0,0,0,0,0,0,0,0,0,0,0,0,0,0,0,0,0,0,0,,0,0,0,0,0,0,0,0,0,0,3,0,0,0,0,20,0,0,0,0,,,,,,,,,,,,,,,,,,,,,,,,,,,,,,
TU,184734,31,Notropis atherinoides,,,Pearl River along right bank 1.0 mi below LA Hwy. 10.,1997,10,12,R.D. and J.S. Suttkus,,,184734_03,GMC,07/03/2024,na,49,38,521,07/03/2024,28 viable in lot due to size (3<35mm),,0,0,0,0,0,0,0,0,0,0,0,0,0,0,0,0,0,0,0,0,0,12,0,0,0,0,0,0,0,0,0,0,0,0,0,1,0,0,0,0,0,0,0,0,0,0,0,0,0,0,0,0,0,0,0,0,0,0,0,0,1,0,0,0,0,0,0,0,0,0,0,0,0,0,0,0,0,0,0,0,0,0,0,0,0,0,0,0,0,0,0,0,0,0,0,,12,0,0,0,1,1,0,0,0,0,0,0,0,0,0,0,0,0,0,0,,,,,,,,,,,,,,,,,,,,,,,,,,,,,,
TU,123299,56,Notropis atherinoides,,,Pearl River along left bank 0.5 mile above mouth of Coburn Creek,1981,10,22,Suttkus and Rohmann,,,123299_03,JT DJB GMC,07/03/2024,na,38,29,255,07/03/2024,Randomly selected from 25 fish 35-55mm,,0,0,0,0,0,0,0,0,0,0,0,0,0,0,0,0,0,0,0,0,0,0,0,0,0,0,0,0,0,0,0,0,0,0,0,0,2,0,0,0,0,0,0,0,0,0,0,0,0,0,0,0,0,0,0,0,9,0,0,0,0,0,0,0,0,4,0,0,0,0,0,0,0,0,0,0,0,0,0,0,0,0,0,0,0,0,0,0,0,0,0,0,0,0,0,,0,0,0,0,2,0,0,0,0,0,9,0,0,0,0,4,0,0,0,0,,,,,,,,,,,,,,,,,,,,,,,,,,,,,,
TU,68296,205,Notropis atherinoides,,,Pearl River just below sill at Pools Bluff; 4 mi S of Bogalusa,1971,1,25,"Suttkus, Gunning, Thompson, Cashner",,,68296_01,SC DJB KL,07/03/2024,na,59,48,1203,07/03/2024,None in 25-55mm range; close next smallest fish,,0,0,0,0,0,0,0,0,0,0,0,0,0,0,0,0,0,0,0,0,0,0,0,0,0,0,0,0,0,0,0,0,0,0,0,0,0,0,0,0,0,0,0,0,0,0,0,0,0,0,0,0,0,0,0,0,8,0,0,0,0,0,0,0,0,1,0,0,0,0,0,0,0,0,0,0,0,0,0,0,0,0,0,0,0,0,0,0,0,0,0,0,0,0,0,,0,0,0,0,0,0,0,0,0,0,8,0,0,0,0,1,0,0,0,0,,,,,,,,,,,,,,,,,,,,,,,,,,,,,,
TU,184734,31,Notropis atherinoides,,,Pearl River along right bank 1.0 mi below LA Hwy. 10.,1997,10,12,R.D. and J.S. Suttkus,,,184734_01,CJW,07/03/2024,na,44,36,375,07/03/2024,28 viable in lot due to size (3<35mm),,0,0,0,0,0,0,0,0,0,0,0,0,0,0,0,0,0,0,0,0,0,2,na,0,0,0,0,0,0,0,0,0,na,0,0,0,0,0,0,0,0,0,0,0,0,0,0,0,0,0,0,0,0,0,0,0,1,0,0,0,0,0,0,0,0,0,0,0,0,0,0,0,0,0,0,0,0,0,0,0,0,0,0,0,0,0,0,0,0,0,0,0,0,0,0,,2,0,0,0,0,0,0,0,0,0,1,0,0,0,0,0,0,0,0,0,,,,,,,,,,,,,,,,,,,,,,,,,,,,,,
TU,72349,74,Notropis atherinoides,,,Pearl River just above Coburn Creek; 1.5 mi E of Bogalusa,1971,10,26,Suttkus and Thompson,,,72349_01,DJB DMDM,07/02/2024,na,52,41,586,07/03/2024,33 viable due to size,,0,0,0,0,0,0,0,0,0,0,0,0,0,0,0,0,0,0,0,0,0,0,0,0,0,0,0,0,0,0,0,0,0,0,0,0,0,0,0,0,0,0,0,0,0,0,0,0,0,0,0,0,0,0,0,0,2,0,0,0,0,0,0,0,0,0,0,0,0,0,0,0,0,0,0,0,0,0,0,0,0,0,0,0,0,0,0,0,0,0,0,0,0,0,0,,0,0,0,0,0,0,0,0,0,0,2,0,0,0,0,0,0,0,0,0,,,,,,,,,,,,,,,,,,,,,,,,,,,,,,
TU,134807,162,Notropis atherinoides,,,Pearl River along left bank just below Pools Bluff Sill,1984,4,26,Suttkus and Inaw,,,134807_04,KL,07/03/2024,na,54,42,817,07/03/2024,35 viable in lot between 35-55mm,,0,0,0,0,0,0,0,0,0,0,0,0,0,0,0,0,0,0,0,0,0,0,0,0,0,0,0,0,0,0,0,0,0,0,0,0,0,0,0,0,0,0,0,0,0,0,0,0,0,0,0,0,0,0,0,0,9,0,0,0,0,0,0,0,0,0,0,0,0,0,0,0,0,0,0,0,0,0,0,0,0,0,0,0,0,0,0,0,0,0,0,0,0,0,0,,0,0,0,0,0,0,0,0,0,0,9,0,0,0,0,0,0,0,0,0,,,,,,,,,,,,,,,,,,,,,,,,,,,,,,
TU,174635,13,Notropis atherinoides,,,Pearl River along right bank at Richardson Landing,1995,4,29,R.D. and J.S. Suttkus,,,174635_01,JT DJB CJW,07/03/2024,na,52,40,652,07/03/2024,"Pelvic fin cloudy (collected), also seen in dorsal and anal fins",,0,0,0,0,0,0,0,0,0,0,0,0,0,0,0,0,0,0,na,0,0,0,na,0,0,0,0,0,0,0,0,0,na,0,0,0,1,0,0,0,0,0,0,0,0,0,0,0,0,0,0,0,0,0,0,0,0,0,0,0,1,0,0,0,0,0,0,0,0,0,0,0,0,0,0,0,0,0,0,0,0,0,0,0,0,0,0,0,0,0,0,0,0,0,0,,0,0,0,0,1,1,0,0,0,0,0,0,0,0,0,0,0,0,0,0,,,,,,,,,,,,,,,,,,,,,,,,,,,,,,
TU,180744,244,Notropis atherinoides,,,Pearl RIver along left bank opposite Bogalusa ,1966,7,20,R.D. Suttkus,,,180744_02,DMDM,07/03/2024,na,41,33,333,07/03/2024,90 viable due to size,,0,0,0,0,0,0,0,0,0,0,0,0,0,0,0,0,0,0,0,0,0,0,0,0,0,0,0,0,0,0,0,0,0,0,0,0,0,0,0,0,0,0,0,0,0,0,0,0,0,0,0,0,0,0,0,0,0,0,0,0,0,0,0,0,0,0,0,0,0,0,0,0,0,0,0,0,0,0,0,0,0,0,0,0,0,0,0,0,0,0,0,0,0,0,0,,0,0,0,0,0,0,0,0,0,0,0,0,0,0,0,0,0,0,0,0,,,,,,,,,,,,,,,,,,,,,,,,,,,,,,
TU,136270,9,Notropis atherinoides,,,Pearl River along left bank below Pools Bluff Sill,1984,7,17,Suttkus and Inaw,,,136279_03,DJB GMC,07/03/2024,na,45,45,417,07/03/2024,"two fish 35-55mm, next two smallest selected ",,0,0,0,0,0,0,0,0,0,0,0,0,0,0,0,0,0,0,0,0,0,0,0,0,0,0,0,0,0,0,0,0,0,0,0,0,0,0,0,0,0,0,0,0,0,0,0,0,0,0,0,0,0,0,0,0,0,0,0,0,2,0,0,0,0,0,0,0,0,0,0,0,0,0,0,0,0,0,0,0,0,0,0,0,0,0,0,0,0,0,0,0,0,0,0,,0,0,0,0,0,2,0,0,0,0,0,0,0,0,0,0,0,0,0,0,,,,,,,,,,,,,,,,,,,,,,,,,,,,,,
TU,162851,49,Notropis atherinoides,,,Pearl River along right bank 1.0 mi below LA Hwy. 10.,1992,4,24,R.D. Suttkus and Jayson S. Suttkus,,,162851_01,DJB DMDM,07/03/2024,na,59,48,957,07/03/2024,,,0,0,0,0,0,0,0,0,0,0,0,0,0,0,0,0,0,0,0,0,0,1,0,0,0,0,0,0,0,0,0,0,0,0,0,0,0,0,0,0,0,0,0,0,0,0,0,0,0,0,0,0,0,0,0,0,1,0,0,0,1,0,0,0,0,0,0,0,0,0,0,0,0,0,0,0,0,0,0,0,0,0,0,0,0,0,0,0,0,0,0,0,0,0,0,,1,0,0,0,0,1,0,0,0,0,1,0,0,0,0,0,0,0,0,0,,,,,,,,,,,,,,,,,,,,,,,,,,,,,,
TU,31124,75,Notropis atherinoides,,,Pearl River below dam at pools bluff,1963,4,26,R.D. Suttkus and Gurring,,,31124_04,CLW,07/04/2024,NA,53,42,804,07/04/2024,Randomly selected from group of 11 due to size restrictions,,0,0,0,0,0,0,0,0,0,0,0,0,0,0,0,0,0,0,0,0,0,0,0,0,0,0,0,0,0,0,0,0,0,0,0,0,0,0,0,0,0,0,0,0,0,0,0,0,0,0,0,0,0,0,0,0,6,0,0,0,0,0,0,0,0,0,0,0,0,0,0,0,0,0,0,0,0,0,0,0,0,0,0,0,0,0,0,0,0,0,0,0,0,0,0,,0,0,0,0,0,0,0,0,0,0,6,0,0,0,0,0,0,0,0,0,,,,,,,,,,,,,,,,,,,,,,,,,,,,,,
TU,98475,32,Notropis atherinoides,,,"Pearl River along left just above Pools Bluff Sill, 4 mi south of Bogalusa",1976,7,16,Suttkus and Sorensen,,,98475_04,GMC,07/04/2024,na,41,31,434,07/04/2024,"24 only viable, 6 over 55 cm, 2 under 35 cm",,0,0,0,0,0,0,0,0,0,0,0,0,0,0,0,0,0,0,0,0,1,0,0,0,0,0,0,0,0,0,0,0,0,0,0,0,0,0,0,0,0,0,0,0,0,0,0,0,0,0,0,0,0,0,0,0,0,0,0,0,0,0,0,0,0,0,0,0,0,0,0,0,0,0,0,0,0,0,0,0,0,0,0,0,0,0,0,0,0,0,0,0,0,0,0,,0,0,0,0,0,0,0,0,0,0,0,0,0,0,0,0,0,0,0,0,,,,,,,,,,,,,,,,,,,,,,,,,,,,,,
TU,107670,14,Notropis atherinoides,,,"Pearl River along bank between mouth of Coburn and Bogalusa Cr, 1.5 mi E of Bogalusa",1978,6,8,Suttkus and Rohrmann,,,107670_02,SC CLW,07/04/2024,na,59,47,1106,07/04/2024,"None in 35-55 mm range, next smallest selected",,0,0,0,0,0,0,0,0,0,0,0,0,0,0,0,0,0,0,0,0,0,0,0,0,0,0,0,0,0,0,0,0,0,0,0,0,0,0,0,0,0,0,0,0,0,0,0,0,0,0,0,0,0,0,0,0,2,0,0,0,0,0,0,0,0,0,0,0,0,0,0,0,0,0,0,0,0,0,0,0,0,0,0,0,0,0,0,0,0,0,0,0,0,0,0,,0,0,0,0,0,0,0,0,0,0,1,0,0,0,0,0,0,0,0,0,,,,,,,,,,,,,,,,,,,,,,,,,,,,,,
TU,162851,49,Notropis atherinoides,,,Pearl River along right bank 1.0 mile below Hwy 10,1992,4,24,RD Suttkus and Jayson S Suttkus,,,162851_01,SC KL,07/04/2024,na,69,58,1507,07/04/2024,,,0,0,0,0,0,0,0,0,0,0,0,0,0,0,0,0,0,0,0,0,0,0,0,0,0,0,0,0,0,0,0,0,0,0,0,0,0,0,0,0,0,0,0,0,0,0,0,0,0,0,0,0,0,0,0,0,4,0,0,0,0,0,0,0,0,0,0,0,0,0,0,0,0,0,0,0,0,0,0,0,0,0,0,0,0,0,0,0,0,0,0,0,0,0,0,,0,0,0,0,0,0,0,0,0,0,3,0,0,0,0,0,0,0,0,0,,,,,,,,,,,,,,,,,,,,,,,,,,,,,,
TU,107670,14,Notropis atherinoides,,,"Pearl River along right bank between mouth of Coburn and Bogalusa Cr, 1.5 mi E of Bogalusa",1978,6,8,Suttkus and Rohrmann,,,107670_03,DMDM,07/04/2024,na,57,48,1127,07/04/2024,"None in 35-55 mm range, next smallest selected",,0,0,0,0,0,0,0,0,0,0,0,0,0,0,0,0,0,0,0,0,0,0,0,0,0,0,0,0,0,0,0,0,0,0,0,0,0,0,0,0,0,0,0,0,0,0,0,0,0,0,0,0,0,0,0,0,10,0,0,0,0,0,0,0,0,0,1,0,0,0,0,0,0,0,0,0,0,0,0,0,0,0,0,0,0,0,0,0,0,0,0,0,0,0,0,,0,0,0,0,0,0,1,0,0,0,10,0,0,0,0,0,0,0,0,0,,,,,,,,,,,,,,,,,,,,,,,,,,,,,,
TU,180744,244,Notropis atherinoides,,,Pearl River along left bank opposite Bogalusa Creek,1996,7,20,RD Suttkus,,,180744_03,GMC,07/04/2024,na,46,38,490,07/04/2024,90 viable due to size,,0,0,0,0,0,0,0,0,0,0,0,0,0,0,2,0,0,0,0,0,0,1,0,0,0,0,0,0,0,0,0,0,0,0,0,0,2,0,0,0,0,0,1,0,0,0,0,0,0,0,0,0,0,0,0,0,0,0,0,0,0,0,0,0,0,0,0,0,0,0,0,0,0,1,0,0,0,0,0,0,0,0,0,0,0,0,0,0,0,0,0,0,0,0,2,,1,0,0,0,2,0,0,0,0,0,0,0,0,0,0,0,0,0,0,0,,,,,,,,,,,,,,,,,,,,,,,,,,,,,,
TU,140276,33,Notropis atherinoides,,,Pearl River along left bank one mile below Hwy 26,1985,4,25,Suttkus and Goodfellow,,,140276_02,SC DMDM,07/04/2024,na,42,34,31.8,07/04/2024,Randomly selected from grooup of 7 due to size restrictions,,0,0,0,0,0,0,0,0,0,0,0,0,0,0,0,0,0,0,0,0,0,0,0,0,0,0,0,0,0,0,0,0,na,0,0,0,1,0,0,0,0,0,0,0,0,0,0,0,0,0,0,0,0,0,0,0,1,0,0,0,0,0,0,0,0,0,0,0,0,0,0,0,0,0,0,0,0,0,0,0,0,0,0,0,0,0,0,0,0,0,0,0,0,0,0,0,0,0,0,0,1,0,0,0,0,0,1,0,0,0,0,0,0,0,0,0,,,,,,,,,,,,,,,,,,,,,,,,,,,,,,
TU,180744,244,Notropis atherinoides,,,Pearl River along left bank opposite Bogalusa Creek,1996,7,20,RD Suttkus,,,180744_04,DMDM,07/02/2024,na,51,41,677,07/04/2024,90 viable due to size,,0,0,0,0,0,0,0,0,0,0,0,0,0,0,0,0,0,0,0,0,0,0,0,0,0,0,0,0,0,0,0,0,0,0,0,0,0,0,0,0,0,0,0,0,0,0,0,0,0,0,0,0,0,0,0,0,0,0,0,0,0,0,0,0,0,0,0,0,0,0,0,0,0,0,0,0,0,0,0,0,0,0,0,0,0,0,0,0,0,0,0,0,0,0,0,,0,0,0,0,0,0,0,0,0,0,1,0,0,0,0,0,0,0,0,0,,,,,,,,,,,,,,,,,,,,,,,,,,,,,,
TU,34358,103,Notropis atherinoides,,,"Pearl River at river mile 54, 2.3mi SE of Bogalusa",1964,9,11,"RD Suttkus, Gurring and Kuris",,,34358_03,DMDM,07/04/2024,NA,52,41,722,07/04/2024,71 fish viable (35-55 mm),,0,0,0,0,0,0,0,0,0,0,0,0,0,0,0,0,0,0,0,0,0,0,0,0,0,0,0,0,0,0,0,0,0,0,0,0,0,0,0,0,0,0,0,0,0,0,0,0,0,0,0,0,0,0,0,0,0,0,0,0,0,0,0,0,0,21,0,0,0,0,0,0,0,0,0,0,0,0,0,0,0,0,0,0,0,0,0,0,0,0,0,0,0,0,0,0,0,0,0,0,0,0,0,0,0,0,0,0,0,0,0,20,0,0,0,0,,,,,,,,,,,,,,,,,,,,,,,,,,,,,,
TU,162851,49,Notropis atherinoides,,,Pearl River along right bank 1.0 mile below Hwy 10,1992,4,24,RD Suttkus and Jayson S Suttkus,,,162851_04,SC,07/04/2024,na,47,39,453,07/04/2024,,,0,0,0,0,0,0,0,0,0,0,0,0,0,0,0,0,0,0,0,0,0,0,0,0,0,0,0,0,0,0,0,0,0,0,0,0,2,0,0,0,0,0,0,0,0,0,0,0,0,0,0,0,0,0,0,0,1,0,0,0,0,0,0,0,0,0,0,0,0,0,0,0,0,0,0,0,0,0,0,0,0,0,0,0,0,0,0,0,0,0,0,0,0,0,0,1,0,0,0,0,2,0,0,0,0,0,0,0,0,0,0,0,0,0,0,0,,,,,,,,,,,,,,,,,,,,,,,,,,,,,,
TU,107670,14,Notropis atherinoides,,,"Pear River along right bank between mouth of Coburn and Bogalusa Cr, 1.5 mi E of Bogalusa",1978,6,8,Suttkus and Rohmann,,,107670_04,GMC,07/04/2024,na,59,50,117.6,07/04/2023,"None in 35-55 mm range, next smallest selected",,0,0,0,0,0,0,0,0,0,0,0,0,0,0,0,0,0,0,0,0,0,0,0,0,0,0,0,0,0,0,0,0,0,0,0,0,1,0,0,0,0,0,0,0,0,0,0,0,0,0,0,0,0,0,0,0,0,0,0,0,0,0,0,0,0,0,0,0,0,0,0,0,0,0,0,0,0,0,0,0,0,0,0,0,0,0,0,0,0,0,0,0,0,0,0,0,0,0,0,0,1,0,0,0,0,0,0,0,0,0,0,0,0,0,0,0,,,,,,,,,,,,,,,,,,,,,,,,,,,,,,
TU,31124,75,Notropis atherinoides,,,Pearl River below dam at pools bluff,1963,4,26,Suttkus and Gurring,,,31124_03,GMC,07/04/2024,NA,55,46,231,07/04/2023,Randomly selected from group of 11 due to size restrictions,,0,0,0,0,0,0,0,0,0,0,0,0,0,0,0,0,0,0,0,0,0,0,0,0,0,0,0,0,0,0,0,0,0,0,0,0,0,0,0,0,0,0,0,0,0,0,0,0,0,0,0,0,0,0,0,0,10,0,0,0,0,0,0,0,0,0,0,0,0,0,0,0,0,0,0,0,0,0,0,0,0,0,0,0,0,0,0,0,0,0,0,0,0,0,0,0,0,0,0,0,0,0,0,0,0,0,10,0,0,0,0,0,0,0,0,0,,,,,,,,,,,,,,,,,,,,,,,,,,,,,,
TU,162851,49,Notropis atherinoides,,,Pearl River along right bank 1.0 miles below Hwy 10,1992,4,24,RD Suttkus and Jayson S Suttkus,,,162851_03,KL,07/04/2024,na,64,53,128.5,07/04/2024,,,0,0,0,0,0,0,0,0,0,0,0,0,0,0,0,0,0,0,0,0,0,3,0,0,0,0,0,0,0,0,0,0,0,0,0,0,0,0,0,0,0,0,0,0,0,0,0,0,0,0,0,0,0,0,0,0,0,0,0,0,3,0,0,0,0,0,0,0,0,0,0,0,0,0,0,0,0,0,0,0,0,0,0,0,0,0,0,0,0,0,0,0,0,0,0,0,3,0,0,0,0,3,0,0,0,0,0,0,0,0,0,0,0,0,0,0,,,,,,,,,,,,,,,,,,,,,,,,,,,,,,
TU,140276,33,Notropis atherinoides,,,Pearl River along left bank one mile below Hwy 26,1985,4,25,Suttkus and Goodfellow,,,140276_02,SC DMDM,07/04/2024,na,42,34,31.8,07/04/2024,,,0,0,0,0,0,0,0,0,0,0,0,0,0,0,0,0,0,0,0,0,0,0,0,0,0,0,0,0,0,0,0,0,0,0,0,0,1,0,0,0,0,0,0,0,0,0,0,0,0,0,0,0,0,0,0,0,1,0,0,0,0,0,0,0,0,0,0,0,0,0,0,0,0,0,0,0,0,0,0,0,0,0,0,0,0,0,0,0,0,0,0,0,0,0,0,0,0,0,0,0,1,0,0,0,0,0,1,0,0,0,0,0,0,0,0,0,,,,,,,,,,,,,,,,,,,,,,,,,,,,,,
TU,107670,14,Notropis atherinoides,,,Pearl River alon right bank between mouth at colorn+Bogansa Cr.,1978,6,8,Suttkus and Rohmann,,,107670_01,CJW,07/04/2024,na,61,49,1065,07/04/2024,"None in 35-55 mm range, nextx smallest selected",,0,0,0,0,0,0,0,0,0,0,0,0,0,0,0,0,0,0,0,0,0,2,0,0,0,0,0,0,0,0,0,0,0,0,0,0,0,0,0,0,0,0,0,0,0,0,0,0,0,0,0,0,0,0,0,0,7,0,0,0,0,0,0,0,0,0,0,0,0,0,0,0,0,0,0,0,0,0,0,0,0,0,0,0,0,0,0,0,0,0,0,0,0,0,0,0,2,0,0,0,0,0,0,0,0,0,7,0,0,0,0,0,0,0,0,0,,,,,,,,,,,,,,,,,,,,,,,,,,,,,,
TU,31124,75,Notropis atherinoides,,,Pearl River below dam at pools bluff,1963,4,26,Suttkus and Gunning,,,31124_02,GMC,07/04/2024,na,55,46,86.8,07/04/2024,Randomly selected from group of 11 due to size restrictions,,0,0,0,0,0,0,0,0,0,0,0,0,0,0,0,0,0,0,0,0,0,0,0,0,0,0,0,0,0,0,0,0,0,0,0,0,2,0,0,0,0,0,0,0,0,0,0,0,0,0,0,0,0,0,0,0,0,0,0,0,7,0,0,0,0,0,0,0,0,0,0,0,0,0,0,0,0,0,0,0,0,0,0,0,0,0,0,0,0,0,0,0,0,0,0,0,0,0,0,0,2,0,0,0,0,0,7,0,0,0,0,0,0,0,0,0,,,,,,,,,,,,,,,,,,,,,,,,,,,,,,
TU,98475,32,Notropis atherinoides,,,"Pearl River along left just above Pools Bluff Sill, 4 mi south of Bogalusa",1976,7,16,Suttkus and Sorensen,,,98475_02,GMC ???,07/04/2024,na,36,31,25.9,07/04/2024,,,0,0,0,0,0,0,0,0,0,0,0,0,0,0,0,0,0,0,0,0,0,0,0,0,0,0,0,0,0,0,0,0,0,0,0,0,0,0,0,0,0,0,0,0,0,0,0,0,0,0,0,0,0,0,0,0,3,0,0,0,0,0,0,0,0,0,0,0,0,0,0,0,0,0,0,0,0,0,0,0,0,0,0,0,0,0,0,0,0,0,0,0,0,0,0,0,0,0,0,0,0,0,0,0,0,0,3,0,0,0,0,0,0,0,0,0,,,,,,,,,,,,,,,,,,,,,,,,,,,,,,
TU,180744,244,Notropis atherinoides,,,Pearl River along left bank opposite Bogalusa Creek,1996,7,20,Suttkus,,,180744_01,CJW,07/04/2024,NA,45,36,437,07/04/2024,90 viable due to size,,0,0,0,0,0,0,0,0,0,0,0,0,0,0,0,0,1,0,0,0,0,0,0,0,0,0,0,0,0,0,0,0,0,0,0,0,0,0,0,0,0,0,0,0,0,0,0,0,0,0,0,0,0,0,0,0,0,0,0,0,0,0,0,0,0,0,0,0,0,0,0,0,0,0,0,0,0,0,0,0,0,0,0,0,0,0,0,0,0,0,0,0,0,0,0,0,0,0,0,0,0,0,0,0,0,1,0,0,0,0,0,0,0,0,0,0,,,,,,,,,,,,,,,,,,,,,,,,,,,,,,
TU,140276,33,Notropis atherinoides,,,Pearl River along left bank one mile below Hwy 26,1985,4,25,Suttkus and Goodfellow,,,140276_01,SC CJW,07/04/2024,NA,49,39,NA,07/04/2024,Randomly selected from group of 7 due to size restrictions,,0,0,0,0,0,0,0,0,0,0,0,0,0,0,0,0,0,0,0,0,1,0,0,0,0,0,0,0,0,0,0,0,0,0,0,0,0,0,0,0,0,0,0,0,0,0,0,0,0,0,0,0,0,0,0,0,0,0,0,0,0,0,0,0,0,0,0,0,0,0,0,0,0,0,0,0,0,0,0,0,0,0,0,0,0,0,0,0,0,0,0,0,0,0,0,0,0,0,0,0,0,0,0,0,0,0,0,0,0,0,0,0,0,1,0,0,,,,,,,,,,,,,,,,,,,,,,,,,,,,,,
TU,140276,33,Notropis atherinoides,,,Pearl River along left bank one mile below Hwy 26,1985,4,25,Suttkus and Goodfellow,,,140276_04,DJB SC,07/04/2024,NA,43,37,480,07/04/2024,Randomly selected from group of 7 due to size restrictions,,0,0,0,0,0,0,0,0,0,0,0,0,0,0,0,0,0,0,na,0,0,0,na,na,na,0,0,0,0,0,0,0,0,0,0,0,0,0,0,0,0,0,0,0,0,0,0,0,0,0,0,0,0,0,0,0,4,0,0,0,0,0,0,0,0,0,0,0,0,0,0,0,0,0,0,0,0,0,0,0,0,0,0,0,0,0,0,0,0,0,0,0,0,0,0,0,0,0,0,0,0,0,0,0,0,0,4,0,0,0,0,0,0,0,0,0,,,,,,,,,,,,,,,,,,,,,,,,,,,,,,
TU,34358,103,Notropis atherinoides,,,"Pearl River at river mile 54, 2.3mi SE of Bogalusa",1964,9,11,"Suttkus,Gunning, Kuris",,,34358_02,CJW,07/04/2024,NA,41,38,53.4,07/04/2024,71 fish viable (35-55),,0,0,0,0,0,0,0,0,0,0,0,0,0,0,0,0,0,0,0,0,0,0,0,0,0,0,0,0,0,0,0,0,0,0,0,0,0,0,0,0,0,0,0,0,0,0,0,0,0,0,0,0,0,0,0,0,0,0,0,0,0,0,0,0,0,0,0,0,0,0,0,0,0,0,0,0,0,0,0,0,0,0,0,0,0,0,0,0,0,0,0,0,0,0,0,0,0,0,0,0,0,0,0,0,0,0,0,0,0,0,0,0,0,0,0,0,,,,,,,,,,,,,,,,,,,,,,,,,,,,,,
TU,31124,75,Notropis atherinoides,,,Pearl River below dam at pools bluff,1963,4,26,Suttkus and Gunning,,,31124_01,DJB CJW,07/04/2024,Na,50,42,700,07/04/2024,Randomly selected from group of 11 due to size restrictions,,0,0,0,0,0,0,0,0,0,0,0,0,0,0,0,0,0,0,0,0,0,0,0,0,0,0,0,0,0,0,0,0,0,0,0,0,0,0,0,0,0,0,0,0,0,0,0,0,0,0,0,0,0,0,0,0,6,0,0,0,0,0,0,0,0,0,0,0,0,0,0,0,0,0,0,0,0,0,0,0,0,0,0,0,0,0,0,0,0,0,0,0,0,0,0,0,0,0,0,0,0,0,0,0,0,0,6,0,0,0,0,0,0,0,0,0,,,,,,,,,,,,,,,,,,,,,,,,,,,,,,
TU,140276,33,Notropis atherinoides,,,Pearl River along left bank one mile below Hwy 26,1985,4,25,Suttkus and Goodfellow,,,140276_03,CLW,07/04/2024,NA,42,35,36.9,07/04/2024,Randomly selected from group of 7 due to size restrictions,,0,0,0,0,0,0,0,0,0,0,0,0,0,0,0,0,0,0,na,0,0,0,na,0,0,1,0,0,0,0,0,0,na,0,0,0,0,0,0,0,0,0,0,0,0,0,0,0,0,0,0,0,0,0,0,0,0,0,0,0,0,0,0,0,0,0,0,0,0,0,0,0,0,0,0,0,0,0,0,0,0,0,0,0,0,0,0,0,0,0,0,0,0,0,0,0,0,1,0,0,0,0,0,0,0,0,0,0,0,0,0,0,0,0,0,0,,,,,,,,,,,,,,,,,,,,,,,,,,,,,,
TU,98475,32,Notropis atherinoides,,,Pearl River along left bank just abover Pools Bluff Sill 4 mi S of Bogalusa,1976,7,16,Suttkus and Sorenson ,,,98475_03,SC,07/04/2024,NA,41,34,29.4,07/04/2024,"24 only viable, 6 over 55cm, 2 under 35cm",,0,0,0,0,0,0,0,0,0,0,0,0,0,0,0,0,0,0,0,0,0,0,0,0,0,0,0,0,0,0,0,0,na,0,0,1,0,0,0,0,0,0,0,0,0,0,0,0,0,0,0,0,0,0,0,0,1,0,0,0,0,0,0,0,0,0,0,0,0,0,0,0,0,0,0,0,0,0,0,0,0,0,0,0,0,0,0,0,0,0,0,0,0,0,0,0,0,0,0,0,1,0,0,0,0,0,1,0,0,0,0,0,0,0,0,0,,,,,,,,,,,,,,,,,,,,,,,,,,,,,,
TU,98475,32,Notropis atherinoides,,,Pearl River along left bank just abover Pools Bluff Sill 4 mi S of Bogalusa,1976,7,16,Suttkus and Sorenson,,,98475_01,CJW,07/04/2024,NA,41,30,34.7,07/04/2024,"24 only viable, 6 over 55cm, 2 under 35cm",,0,0,0,0,0,0,0,0,0,0,0,0,0,0,0,0,0,0,0,0,0,0,0,0,0,0,0,0,0,0,0,0,0,0,0,0,0,0,0,0,0,0,0,0,0,0,0,0,0,0,0,0,0,0,0,0,2,0,0,0,0,0,0,0,1,0,0,0,0,0,0,0,0,0,0,0,0,0,0,0,0,0,0,0,0,0,0,0,0,0,0,0,0,0,0,0,0,0,0,0,0,0,0,0,0,0,2,0,0,0,0,0,0,1,0,0,,,,,,,,,,,,,,,,,,,,,,,,,,,,,,
TU,34358,103,Notropis atherinoides,,,"Pearl River at river mile 54, 2.3mi SE of Bogalusa",1964,9,11,"Suttkus,Gunning, Kuris",,,34358_01,sc djb ij,07/04/2024,na,54,43,82.5,07/08/2024,71 fish viable (35-55),,0,0,0,0,0,0,0,0,0,0,0,0,0,0,0,0,0,0,na,0,0,0,na,na,na,0,0,0,0,0,0,0,na,0,0,0,0,0,0,0,0,0,0,0,0,0,0,0,0,0,0,0,0,0,0,0,0,0,0,0,0,0,0,0,0,0,0,0,0,0,0,0,0,0,0,0,0,0,0,0,0,0,0,0,0,0,0,0,0,0,0,0,0,0,0,0,0,0,0,0,0,0,0,0,0,0,0,0,0,0,0,0,0,0,0,0,,,,,,,,,,,,,,,,,,,,,,,,,,,,,,
TU,115220,21,Notropis atherinoides,,,Pearl River along left bank just below Pools Bluff Sill,1979,10,25,Suttkus and Sorensen,,,115220_03,gmc,07/04/2024,na,62,50,1216,07/08/2024,,,0,0,0,0,0,0,0,0,0,0,0,0,0,0,0,0,0,0,0,0,0,0,0,0,0,0,0,0,0,0,0,0,0,0,0,0,0,0,0,0,0,0,0,0,0,0,0,0,0,0,0,0,0,0,0,0,0,0,0,0,0,0,0,0,0,0,0,0,0,0,0,0,0,0,0,0,0,0,0,0,0,0,0,0,0,0,0,0,0,0,0,0,0,0,0,0,0,0,0,0,0,0,0,0,0,0,0,0,0,0,0,0,0,0,0,0,,,,,,,,,,,,,,,,,,,,,,,,,,,,,,
TU,34358,103,Notropis atherinoides,,,"Pearl River at river mile 54, 2.3mi SE of Bogalusa",1964,9,11,"Suttkus,Gunning, Kuris",,,34358_04,sc gmc,07/08/2024,na,44,36,476,07/08/2024,71 fish viable (35-55),,0,0,0,0,0,0,0,0,0,0,0,0,0,0,0,0,0,0,0,0,0,1,0,0,0,0,0,0,0,0,0,0,0,0,0,0,0,0,0,0,0,0,0,0,0,0,0,0,0,0,0,0,0,0,0,0,0,0,0,0,0,0,0,0,0,10,0,0,0,0,0,0,0,0,0,0,0,0,0,0,0,0,0,0,0,0,0,0,0,0,0,0,0,0,0,0,1,0,0,0,0,0,0,0,0,0,0,0,0,0,0,10,0,0,0,0,,,,,,,,,,,,,,,,,,,,,,,,,,,,,,
TU,115220,21,Notropis atherinoides,,,"Pearl River at river mile 54, 2.3mi SE of Bogalusa",1979,10,25,suttkus and sorenson,,,115220_02,gmc dmdm,07/04/2024,f,62,48,1060,07/08/2024,4 smallest fish selected because none were under 55mm,,0,0,0,0,0,0,0,0,0,0,0,0,0,0,0,0,0,0,0,0,0,0,0,0,0,0,0,0,0,0,0,0,0,0,0,0,0,0,0,0,0,0,0,0,0,0,0,0,0,0,0,0,0,0,0,0,0,0,0,0,0,0,0,0,0,0,0,0,0,0,0,0,0,0,0,0,0,0,0,0,0,0,0,0,0,0,0,0,0,0,0,0,0,0,0,0,0,0,0,0,0,0,0,0,0,0,0,0,0,0,0,0,0,0,0,0,,,,,,,,,,,,,,,,,,,,,,,,,,,,,,
TU,115220,21,Notropis atherinoides,,,"Pearl River at river mile 54, 2.3mi SE of Bogalusa",1979,10,25,suttkus and sorenson,,,115220_01,gmc cjw,07/04/2024,na,58,45,930,07/08/2024,4 smallest fish selected because none were under 55mm,,0,0,0,0,0,0,0,0,0,0,0,0,0,0,0,0,0,0,na,0,0,0,0,0,0,0,0,0,0,0,0,0,0,0,0,0,0,0,0,0,0,0,0,0,0,0,0,0,0,0,0,0,0,0,0,0,0,0,0,0,0,0,0,0,0,0,0,0,0,0,0,0,0,0,0,0,0,0,0,0,0,0,0,0,0,0,0,0,0,0,0,0,0,0,0,0,0,0,0,0,0,0,0,0,0,0,0,0,0,0,0,0,0,0,0,0,,,,,,,,,,,,,,,,,,,,,,,,,,,,,,
TU,115220,21,Notropis atherinoides,,,"Pearl River at river mile 54, 2.3mi SE of Bogalusa",1979,10,25,suttkus and sorenson,,,115220_04,gmc clw,07/04/2024,na,64,57,1375,07/08/2024,liver not rinsed before sample taken,,0,0,0,0,0,0,0,0,0,0,0,0,0,0,0,0,0,0,na,0,0,0,na,na,na,0,0,0,0,0,0,0,na,0,0,0,0,0,0,0,0,0,0,0,0,1,0,0,0,0,0,0,0,0,0,0,0,0,0,0,0,0,0,0,0,0,0,0,0,0,0,0,0,0,0,0,1,0,0,0,0,0,0,0,0,0,0,0,0,0,0,0,0,0,0,0,0,0,0,0,0,0,0,0,0,0,0,0,0,0,0,0,0,0,0,0,,,,,,,,,,,,,,,,,,,,,,,,,,,,,,
TU,197192,21,Notropis atherinoides,,,along right bank 1 mi below la hwy 10,2004,7,17,rd and js suttkus,,,197192_02,sc dmdm,07/08/2024,na,41,34,330,07/08/2024,"none of the fish were big enough to fit into the desired size (70mm-150mm), so the 4 largest were selected",,0,0,0,0,0,0,0,0,0,0,0,0,0,0,0,0,0,0,0,0,0,0,0,0,0,0,0,0,0,0,0,0,0,0,1,0,0,0,0,0,0,0,0,0,0,0,0,0,0,0,0,0,0,0,0,0,6,0,0,0,0,0,0,0,0,0,0,0,0,0,0,0,0,0,0,0,1,0,0,0,0,0,0,0,0,0,0,0,0,0,0,0,0,0,0,0,0,0,0,0,0,0,0,0,0,0,6,0,0,0,0,0,0,0,0,0,,,,,,,,,,,,,,,,,,,,,,,,,,,,,,
TU,27794,38,Notropis atherinoides,,,above mouth of coburn,1965,2,12,suttkus and gunning,,,27794_04,djb clw                                                                            ,07/07/2024,na,41,31,272,07/08/2024,"1 fish in size range (35mm-55mm), 3 fish were the next smallest that were selected",,0,0,0,0,0,0,0,0,0,0,0,0,0,0,0,0,0,0,na,0,0,0,na,0,0,0,0,0,0,0,0,0,na,0,0,0,0,0,0,0,0,0,0,0,0,0,0,0,0,0,0,0,0,0,0,0,1,0,0,0,0,0,0,0,0,4,0,0,0,0,0,0,0,0,0,0,0,0,0,0,0,0,0,0,0,0,0,0,0,0,0,0,0,0,0,0,0,0,0,0,0,0,0,0,0,0,1,0,0,0,0,4,0,0,0,0,,,,,,,,,,,,,,,,,,,,,,,,,,,,,,
TU,198613,315,Notropis atherinoides,,,along left bank at river ile 54,2005,7,15,rd js suttkus,,,198613_03,sc kl,07/08/2024,na,66,54,1733,07/08/2024,"2 within range (70-150mm), other 2 were the next largest",,0,0,0,0,0,0,0,0,0,0,0,0,0,0,0,0,0,0,0,0,0,0,0,0,0,0,0,0,0,0,0,0,0,0,0,0,0,0,0,0,0,0,0,0,1,0,0,0,0,0,0,0,0,0,0,0,4,0,0,0,0,0,0,0,0,0,0,0,0,0,0,0,0,0,0,1,0,0,0,0,0,0,0,0,0,0,0,0,0,0,0,0,0,0,0,0,0,0,0,0,0,0,0,0,0,0,4,0,0,0,0,0,0,0,0,0,,,,,,,,,,,,,,,,,,,,,,,,,,,,,,
TU,49084,78,Notropis atherinoides,,,4 miles south of bogausa,1967,12,16,"suttkus, anderson, grover",,,49084_02,djb dmdm,07/08/2024,na,56,45,95.2,07/08/2024,"only 55/78 are viable due to size restrictions, 4 smallest selected",,0,0,0,0,0,0,0,0,0,0,0,0,0,0,0,0,0,0,0,0,0,0,0,0,0,0,0,0,0,0,0,0,0,0,0,0,0,0,0,0,0,0,0,0,0,0,0,0,0,0,0,0,0,0,0,0,0,0,0,0,0,0,0,0,0,6,0,0,0,0,0,0,0,0,0,0,0,0,0,0,0,0,0,0,0,0,0,0,0,0,0,0,0,0,0,0,0,0,0,0,0,0,0,0,0,0,0,0,0,0,0,6,0,0,0,0,,,,,,,,,,,,,,,,,,,,,,,,,,,,,,
TU,49084,78,Notropis atherinoides,,,4 miles south of bogausa,1967,12,16,"suttkus, anderson, grover",,,49084_01,sc jt gmc,07/08/2024,na,59,50,1030,07/08/2024,"only 55/78 are viable due to size restrictions, 4 smallest selected",,0,0,0,0,0,0,0,0,0,0,0,0,0,0,0,0,0,0,0,0,0,0,0,0,0,0,0,0,0,0,0,0,0,0,0,0,0,0,0,0,0,0,0,0,0,0,0,0,0,0,0,0,0,0,0,0,0,0,0,0,0,0,0,0,0,0,0,0,0,0,0,0,0,0,0,0,0,0,0,0,0,0,0,0,0,0,0,0,0,0,0,0,0,0,0,0,0,0,0,0,0,0,0,0,0,0,0,0,0,0,0,0,0,0,0,0,,,,,,,,,,,,,,,,,,,,,,,,,,,,,,
TU,196451,109,Notropis atherinoides,,,left bank opposite of coburn creek,2003,10,11,rd and js suttkus,,,196451_01,sc jt cjw,07/08/2024,na,72,60,2191,07/08/2024,"only 2 within size range (70-150mm), other 2 next largest were selected",,0,0,0,0,0,0,0,0,0,0,0,0,0,0,0,0,0,0,na,0,0,0,0,0,0,0,0,0,0,0,0,0,0,0,0,0,0,0,0,0,0,0,0,0,0,0,0,0,0,0,0,0,0,0,0,0,1,0,0,0,0,0,0,0,0,0,0,0,0,0,0,0,0,0,0,0,0,0,0,0,0,0,0,0,0,0,0,0,0,0,0,0,0,0,0,0,0,0,0,0,0,0,0,0,0,0,0,0,0,0,0,0,0,0,0,0,,,,,,,,,,,,,,,,,,,,,,,,,,,,,,
TU,198613,315,Notropis atherinoides,,,along left bank at river ile 54,2005,7,15,rd js suttkus,,,198613_04,djb jt gmc,07/08/2024,na,66,52,1511,07/08/2024,"only 2 within size range (70-150mm), other 2 next largest were selected",,0,0,0,0,0,0,0,0,0,0,0,0,0,0,0,0,0,0,0,0,0,1,0,0,0,1,0,0,0,0,0,0,0,0,0,0,0,0,0,0,0,0,0,0,0,0,0,0,0,0,0,0,0,0,0,0,2,0,0,0,0,0,0,0,0,0,0,0,0,0,0,0,0,0,0,0,0,0,0,0,0,0,0,0,0,0,0,0,0,0,0,0,0,0,0,0,1,1,0,0,0,0,0,0,0,0,2,0,0,0,0,0,0,0,0,0,,,,,,,,,,,,,,,,,,,,,,,,,,,,,,
TU,196451,109,Notropis atherinoides,,,Pearl River along left bank opposite mouth of Coburn Creek,2003,10,11,RD and JS Suttkus,,,196451_04,CJW,07/08/2024,na,67,54,1694,07/08/2024,"2 within size range (70-150mm), other 2 were next largest in jar",,0,0,0,0,0,0,0,0,0,0,0,0,0,0,0,0,0,0,0,0,0,0,0,0,0,0,0,0,0,0,0,0,0,0,0,0,0,0,0,0,0,0,0,0,0,0,0,0,0,0,0,0,0,0,0,0,0,0,0,0,0,0,0,0,0,0,0,0,0,0,0,0,0,0,0,0,0,0,0,0,0,0,0,0,0,0,0,0,0,0,0,0,0,0,0,0,0,0,0,0,0,0,0,0,0,0,0,0,0,0,0,0,0,0,0,0,,,,,,,,,,,,,,,,,,,,,,,,,,,,,,
TU,198613,315,Notropis atherinoides,,,Pearl River along left bank at River Mile 54,2005,7,15,RD and JS Suttkus,,,198613_01,jt dmdm,07/08/2024,na,70,55,1882,07/08/2024,"2 within range (70-150mm), 2 were next largest; very fatty",,0,0,0,0,0,0,0,0,0,0,0,0,0,0,0,0,0,0,0,0,0,0,0,0,0,0,0,0,0,0,0,0,0,0,0,0,0,0,0,0,0,0,0,0,0,0,0,0,0,0,0,0,0,0,0,0,0,0,0,0,0,0,0,0,0,0,0,0,0,0,0,0,0,0,0,0,0,0,0,0,0,0,0,0,0,0,0,0,0,0,0,0,0,0,0,0,0,0,0,0,0,0,0,0,0,0,0,0,0,0,0,0,0,0,0,0,,,,,,,,,,,,,,,,,,,,,,,,,,,,,,
TU,196451,109,Notropis atherinoides,,,Pearl River along left bank opposite mouth of Coburn Creek,2003,10,11,RD and JS Suttkus,,,196451_02,jt,07/08/2024,na,74,59,2324,07/08/2024,"2 within size range (70-150mm), other 2 were next largest in jar",,0,0,0,0,0,0,0,0,0,0,0,0,0,0,0,0,0,0,0,0,0,0,0,0,0,0,0,0,0,0,0,0,0,0,0,0,2,0,0,0,0,0,0,0,0,0,0,0,0,0,0,0,0,0,0,0,2,0,0,0,0,0,0,0,0,0,0,0,0,0,0,0,0,0,0,0,0,0,0,0,0,0,0,0,0,0,0,0,0,0,0,0,0,0,0,0,0,0,0,0,2,0,0,0,0,0,2,0,0,0,0,0,0,0,0,0,,,,,,,,,,,,,,,,,,,,,,,,,,,,,,
TU,176959,88,Notropis atherinoides,,,Pearl River along left bank just below Pools Bluff Sill,1995,10,7,RD Suttkuss  and CH Damemann,,,176959_04,GMC,07/08/2024,na,71,57,1896,07/08/2024,4 fish over 70mm selected,,0,0,0,0,0,0,0,0,0,0,0,0,0,0,0,0,0,0,0,0,0,0,0,0,0,0,0,0,0,0,0,0,0,0,0,0,0,0,0,0,0,0,0,0,0,0,0,0,0,0,0,0,0,0,0,0,1,0,0,0,0,0,0,0,0,0,0,0,0,0,0,0,0,0,0,0,0,0,0,0,0,0,0,0,0,0,0,0,0,0,0,0,0,0,0,0,0,0,0,0,0,0,0,0,0,0,1,0,0,0,0,0,0,0,0,0,,,,,,,,,,,,,,,,,,,,,,,,,,,,,,
TU,27794,38,Notropis atherinoides,,,Pearl Ri just above mouth of Coburn Cr; 1.5 mi E of Hwy 7 in Bogalusa,1965,2,12,Suttkus and Gunning,,,27794_02,dmdm,07/08/2024,na,58,44,982,07/08/2024,"1 fish in size range (35-55mm), 3 fish were the next smallest",,0,0,0,0,0,0,0,0,0,0,0,0,0,0,0,0,0,0,0,0,0,0,0,0,0,0,0,0,0,0,0,0,0,0,0,0,0,0,0,0,0,0,0,0,0,0,0,0,0,0,0,0,0,0,0,0,0,0,0,0,0,0,0,0,0,0,0,0,0,0,0,0,0,0,0,0,0,0,0,0,0,0,0,0,0,0,0,0,0,0,0,0,0,0,0,0,0,0,0,0,0,0,0,0,0,0,0,0,0,0,0,0,0,0,0,0,,,,,,,,,,,,,,,,,,,,,,,,,,,,,,
TU,198613,315,Notropis atherinoides,,,Pearl River along left bank at River Mile 54,2005,7,15,RD and JS Suttkus,,,198613_02,CJW,07/08/2024,na,71,59,2168,07/08/2024,"2 within range (70-150mm), other 2 were the next largest",,0,0,0,0,0,0,0,0,0,0,0,0,0,0,0,0,0,0,0,0,0,0,0,0,0,0,0,0,0,0,0,0,0,0,0,0,0,0,0,0,0,0,0,0,0,0,0,0,0,0,0,0,0,0,0,0,1,0,0,0,0,0,0,0,0,0,0,0,0,0,0,0,0,0,0,0,0,0,0,0,0,0,0,0,0,0,0,0,0,0,0,0,0,0,0,0,0,0,0,0,0,0,0,0,0,0,1,0,0,0,0,0,0,0,0,0,,,,,,,,,,,,,,,,,,,,,,,,,,,,,,
TU,176959,88,Notropis atherinoides,,,Pearl River along left bank just below Pools Bluff Sill,1995,10,7,RD Suttkus and CH Donnemann,,,176959_01,DMDM,07/08/2024,na,72,58,1955,07/08/2024,4 fish over 70mm selected,,0,0,0,0,0,0,0,0,0,0,0,0,0,0,0,0,0,0,0,0,0,0,0,0,0,0,0,0,0,0,0,0,0,0,0,0,0,0,0,0,0,0,0,0,0,0,0,0,0,0,0,0,0,0,0,0,0,0,0,0,0,0,0,0,0,0,0,0,0,0,0,0,0,0,0,0,0,0,0,0,0,0,0,0,0,0,0,0,0,0,0,0,0,0,0,0,0,0,0,0,0,0,0,0,0,0,0,0,0,0,0,0,0,0,0,0,,,,,,,,,,,,,,,,,,,,,,,,,,,,,,
TU,196451,109,Notropis atherinoides,,,Pearl River along left bank opposite mouth of Coburn Creek,2003,10,11,RD and JS Suttkus,,,196451_03,gmc,07/08/2024,na,66,55,1654,07/08/2024,"2 within size range (70-150mm), other 2 were next largest in jar",,0,0,0,0,0,0,0,0,0,0,0,0,0,0,0,0,0,0,0,0,0,0,0,0,0,0,0,0,0,0,0,0,0,0,0,0,0,0,0,0,0,0,0,0,0,0,0,0,0,0,0,0,0,0,0,0,4,0,0,0,0,0,0,0,0,0,0,0,0,0,0,0,0,0,0,0,0,0,0,0,0,0,0,0,0,0,0,0,0,0,0,0,0,0,0,0,0,0,0,0,0,0,0,0,0,0,4,0,0,0,0,0,0,0,0,0,,,,,,,,,,,,,,,,,,,,,,,,,,,,,,
TU,27794,38,Notropis atherinoides,,,"Pearl R, just above mouth of Coburn Creek; 1.5 mi E of Hwy 7 in Bogalusa",1965,2,12,Suttkus and Gunning,,,27794_03,KL,07/08/2024,na,59,48,1010,07/08/2024,"1 fish within size range (35-55mm), 3 were the next smallest",,0,0,0,0,0,0,0,0,0,0,0,1,0,0,0,0,0,0,0,0,0,4,0,0,0,0,0,0,0,0,0,0,0,0,0,0,0,0,0,0,0,0,0,0,0,0,0,0,0,0,0,0,0,0,0,0,2,0,0,0,3,0,0,0,0,3,0,0,0,0,0,0,0,0,0,0,0,0,0,0,0,0,0,0,0,0,0,0,0,0,0,0,0,0,0,0,3,0,0,0,0,2,0,0,0,1,2,0,0,0,0,3,0,0,0,0,,,,,,,,,,,,,,,,,,,,,,,,,,,,,,
TU,176959,88,Notropis atherinoides,,,Pearl River along left bank just below Pools Bluff Sill,1995,10,7,RD Suttkus and CH Donnemann,,,176959_02,CJW,07/08/2024,na,78,64,2563,07/08/2024,4 fish over 70mm selected,,0,0,0,0,0,0,0,0,0,0,0,0,0,0,0,0,0,0,0,0,0,0,0,0,0,0,0,0,0,0,0,0,0,0,0,0,0,0,0,0,0,0,0,0,0,0,0,0,0,0,0,0,0,0,0,0,0,0,0,0,0,0,0,0,0,0,0,0,0,0,0,0,0,0,0,0,0,0,0,0,0,0,0,0,0,0,0,0,0,0,0,0,0,0,0,0,0,0,0,0,0,0,0,0,0,0,0,0,0,0,0,0,0,0,0,0,,,,,,,,,,,,,,,,,,,,,,,,,,,,,,
TU,49084,78,Notropis atherinoides,,,Pearl River just below Pools Bluff Sill; 4 miles south of Bogolusa,1967,12,16,"suttkus, anderson, grover",,,49084_03,JT CJW,07/08/2024,na,54,45,826,07/08/2024,4 smallest selected,,0,0,0,0,0,0,0,0,0,0,0,0,0,0,0,0,0,0,0,0,0,0,0,0,0,0,0,0,0,0,0,0,0,0,0,0,0,0,0,0,0,0,0,0,0,0,0,0,0,0,0,0,0,0,0,0,2,0,0,0,0,0,0,0,0,0,0,0,0,0,0,0,0,0,0,0,0,0,0,0,0,0,0,0,0,0,0,0,0,0,0,0,0,0,0,0,0,0,0,0,0,0,0,0,0,0,2,0,0,0,0,0,0,0,0,0,,,,,,,,,,,,,,,,,,,,,,,,,,,,,,
TU,176959,88,Notropis atherinoides,,,Pearl River along left bank just below Pools Bluff Sill,1995,10,7,RD Suttkus and CH Donnemann,,,176959_03,CLW,07/08/2024,na,71,56,1890,07/09/2024,4 fish over 70mm selected,,0,0,0,0,0,0,0,0,0,0,0,0,0,0,0,0,0,0,0,0,0,0,0,0,0,0,0,0,0,0,0,0,0,0,0,0,0,0,0,0,0,0,0,0,0,0,0,0,0,0,0,0,0,0,0,0,0,0,0,0,0,0,0,0,0,0,0,0,0,0,0,0,0,0,0,0,0,0,0,0,0,0,0,0,0,0,0,0,0,0,0,0,0,0,0,0,0,0,0,0,0,0,0,0,0,0,0,0,0,0,0,0,0,0,0,0,,,,,,,,,,,,,,,,,,,,,,,,,,,,,,
TU,27794,38,Notropis atherinoides,,,"Pearl R, just above mouth of Coburn Cr; 1.5 mi E of Hwy 7 in Bogalusa",1965,2,12,Suttkus and Gunning,,,27794_01,CJW,07/08/2024,F,60,47,885,07/08/2024,"1 fish to size (35-55mm), other 3 were the next smallest fish",,0,0,0,0,0,0,0,0,0,0,0,0,0,0,0,0,0,0,0,0,0,0,0,0,0,0,0,0,0,0,0,0,0,0,0,0,0,0,0,0,0,0,0,0,0,0,0,0,0,0,0,0,0,0,0,0,0,0,0,0,0,0,0,0,0,2,0,0,0,0,0,0,0,0,0,0,0,0,0,0,0,0,0,0,0,0,0,0,0,0,0,0,0,0,0,0,0,0,0,0,0,0,0,0,0,0,0,0,0,0,0,1,0,0,0,0,,,,,,,,,,,,,,,,,,,,,,,,,,,,,,
TU,197192,21,Notropis atherinoides,,,Pearl River along right bank,2004,7,17,RD and JS Suttkus,,,197192_04,GMC,07/08/2024,na,45,37,4130,07/08/2024,"No fish 70-150mm, 4 largest selected",,0,0,0,0,0,0,0,0,0,0,0,0,0,0,0,0,0,0,0,0,0,1,0,0,0,0,0,0,0,0,0,0,0,0,0,0,0,0,0,0,0,0,0,0,0,0,0,0,0,0,0,0,0,0,0,0,6,0,0,0,2,0,0,0,0,0,0,0,0,0,0,0,0,0,0,0,0,0,0,0,0,0,0,0,0,0,0,0,0,0,0,0,0,0,0,0,1,0,0,0,0,2,0,0,0,0,6,0,0,0,0,0,0,0,0,0,,,,,,,,,,,,,,,,,,,,,,,,,,,,,,
TU,197192,21,Notropis atherinoides,,,Pearl River along right bank,2004,7,17,RD and JS Suttkus,,,197192_01,CJW,07/08/2024,na,47,35,506,07/08/2024,"No fish 70-150mm, 4 largest selected",,0,0,0,0,0,0,0,0,0,0,0,0,2,1,0,0,0,0,0,0,0,0,0,0,0,0,0,0,0,0,0,0,0,0,0,0,0,0,0,0,0,0,0,0,0,0,0,0,0,0,0,0,0,0,0,0,2,0,0,0,0,0,0,0,0,0,0,0,0,0,0,0,0,0,0,0,0,0,0,0,0,0,0,0,0,0,0,0,0,0,0,0,0,0,0,0,0,0,0,0,0,0,0,0,0,0,2,0,0,0,0,0,0,0,0,0,,,,,,,,,,,,,,,,,,,,,,,,,,,,,,
TU,197192,21,Notropis atherinoides,,,Pearl River along right bank 1.0 mi below LA Hwy. 10.,2004,7,17,RD and JS Suttkus,,,197192_03,DMDM,07/08/2024,na,69,55,1780,07/08/2024,"No fish 70-150mm, 4 largest selected",,0,0,0,0,0,0,0,0,0,0,0,0,0,0,0,0,0,0,0,0,0,0,0,0,0,0,0,0,0,0,0,0,0,0,0,0,0,0,0,0,0,0,0,0,0,0,0,0,0,0,0,0,0,0,0,0,6,0,0,0,0,0,0,0,0,0,0,0,0,0,0,0,0,0,0,0,0,0,0,0,0,0,0,0,0,0,0,0,0,0,0,0,0,0,0,0,0,0,0,0,0,0,0,0,0,0,6,0,0,0,0,0,0,0,0,0,,,,,,,,,,,,,,,,,,,,,,,,,,,,,,
TU,49084,78,Notropis atherinoides,,,Pearl River just below Pools Bluff Sill; 4 miles south of Bogolusa,1967,12,16,"Suttkus, Anderson, Grover",,,49084_04,GMC JT,07/08/2024,na,59,46,946,07/08/2024,4 smallest selected,,0,0,0,0,0,0,0,0,0,0,0,0,0,0,0,0,0,0,0,0,1,0,0,0,0,0,0,0,0,0,0,0,0,0,0,0,0,0,0,0,0,0,0,0,0,0,0,0,0,0,0,0,0,0,0,0,14,0,0,0,0,0,0,0,0,1,0,0,0,0,0,0,0,0,0,0,0,0,0,0,0,0,0,0,0,0,0,0,0,0,0,0,0,0,0,0,0,0,0,0,0,0,0,0,0,0,14,0,0,0,0,1,0,1,0,0,,,,,,,,,,,,,,,,,,,,,,,,,,,,,,